file_name,parent_file_train,number_of_segments_train,number_of_voices_parent_train,segment_label_train,extra_sounds_train,parent_label_train,notes_train,noisy_train
hqztlcsmm1k51_processed_0,hqztlcsmm1k51,3.0,1.0,0.0,Clicking,0.0,"The man uses suggestive language, but there is no aggression heard in the audio file",0.0
hqztlcsmm1k51_processed_1,hqztlcsmm1k51,3.0,1.0,0.0,Clicking,0.0,There is no aggression heard in the audio file,0.0
hqztlcsmm1k51_processed_2,hqztlcsmm1k51,3.0,1.0,0.0,,0.0,There is no aggression heard in the audio file,0.0
hr8n7irrnqk51_processed_0,hr8n7irrnqk51,11.0,2.0,0.0,,1.0,There is no aggression heard in the audio file,0.0
hr8n7irrnqk51_processed_1,hr8n7irrnqk51,11.0,2.0,0.0,,1.0,There is no aggression heard in the audio file,0.0
hr8n7irrnqk51_processed_2,hr8n7irrnqk51,11.0,2.0,0.0,,1.0,There is no aggression heard in the audio file,0.0
hr8n7irrnqk51_processed_3,hr8n7irrnqk51,11.0,2.0,1.0,Laughing,1.0,The man raises his voice a little as he seems passionate about the change he is arguing for.,0.0
hr8n7irrnqk51_processed_4,hr8n7irrnqk51,11.0,2.0,0.0,,1.0,There is no aggression heard in the audio file,0.0
hr8n7irrnqk51_processed_5,hr8n7irrnqk51,11.0,2.0,0.0,,1.0,There is no aggression heard in the audio file,0.0
hr8n7irrnqk51_processed_6,hr8n7irrnqk51,11.0,2.0,1.0,,1.0,There is noticable frustration in the man's voice at times.,0.0
hr8n7irrnqk51_processed_7,hr8n7irrnqk51,11.0,2.0,1.0,,1.0,There is noticable frustration in the man's voice at times.,0.0
hr8n7irrnqk51_processed_8,hr8n7irrnqk51,11.0,2.0,0.0,,1.0,There is no aggression heard in the audio file,0.0
hr8n7irrnqk51_processed_9,hr8n7irrnqk51,11.0,2.0,0.0,Laughing,1.0,There is no aggression heard in the audio file,0.0
hr8n7irrnqk51_processed_10,hr8n7irrnqk51,11.0,2.0,0.0,Clapping,1.0,There is no aggression heard in the audio file,0.0
hsuk4xsys4w61_processed_0,hsuk4xsys4w61,21.0,5.0,0.0,"Background chatter, wind blowing",3.0,There is no aggression heard in the audio file,0.0
hsuk4xsys4w61_processed_1,hsuk4xsys4w61,21.0,5.0,0.0,,3.0,There is no aggression heard in the audio file,0.0
hsuk4xsys4w61_processed_2,hsuk4xsys4w61,21.0,5.0,0.0,,3.0,There is no aggression heard in the audio file,0.0
hsuk4xsys4w61_processed_4,hsuk4xsys4w61,21.0,5.0,0.0,,3.0,There is no aggression heard in the audio file,0.0
hsuk4xsys4w61_processed_5,hsuk4xsys4w61,21.0,5.0,3.0,Yelling,3.0,The deputy sounds very hostile and his language is frightening,0.0
hsuk4xsys4w61_processed_6,hsuk4xsys4w61,21.0,5.0,0.0,,3.0,There is no aggression heard in the audio file,0.0
hsuk4xsys4w61_processed_7,hsuk4xsys4w61,21.0,5.0,0.0,,3.0,There is no aggression heard in the audio file,0.0
hsuk4xsys4w61_processed_8,hsuk4xsys4w61,21.0,5.0,0.0,Background chatter,3.0,There is no aggression heard in the audio file,0.0
hsuk4xsys4w61_processed_9,hsuk4xsys4w61,21.0,5.0,0.0,Background chatter,3.0,There is no aggression heard in the audio file,0.0
hsuk4xsys4w61_processed_10,hsuk4xsys4w61,21.0,5.0,1.0,wind blowing,3.0,The deputy is aggressive.,0.0
hsuk4xsys4w61_processed_11,hsuk4xsys4w61,21.0,5.0,2.0,"Rustling, wind blowing, man falling to the ground",3.0,The man sounds distressed,0.0
hsuk4xsys4w61_processed_12,hsuk4xsys4w61,21.0,5.0,2.0,"Background chatter, wind blowing",3.0,The deputy is aggressive and threatening towards the man,0.0
hsuk4xsys4w61_processed_13,hsuk4xsys4w61,21.0,5.0,2.0,wind blowing,3.0,The deputy is aggressive and threatening towards the man,0.0
hsuk4xsys4w61_processed_14,hsuk4xsys4w61,21.0,5.0,3.0,wind blowing,3.0,The deputy screams at the man and threatens him.,0.0
hsuk4xsys4w61_processed_15,hsuk4xsys4w61,21.0,5.0,3.0,wind blowing,3.0,The deputy raises his voice and threatens the man in a concerning manner.,0.0
hsuk4xsys4w61_processed_16,hsuk4xsys4w61,21.0,5.0,1.0,wind blowing,3.0,The deputy is aggressive towards the man,0.0
hsuk4xsys4w61_processed_17,hsuk4xsys4w61,21.0,5.0,3.0,"wind blowing, voice on radio",3.0,The deputy is aggressive and threatening towards the man. The man becomes frustrated,0.0
hsuk4xsys4w61_processed_18,hsuk4xsys4w61,21.0,5.0,0.0,wind blowing,3.0,There is no aggression heard in the audio file,0.0
hsuk4xsys4w61_processed_19,hsuk4xsys4w61,21.0,5.0,0.0,,3.0,There is no aggression heard in the audio file,0.0
hsuk4xsys4w61_processed_20,hsuk4xsys4w61,21.0,5.0,0.0,"wind blowing, background chatter",3.0,There is no aggression heard in the audio file,0.0
hv7owj844s461_processed_0,hv7owj844s461,10.0,1.0,2.0,Crowd yelling,3.0,The man is yelling in a manner which may be aggressive. The crowd may also be aggressive,1.0
hv7owj844s461_processed_1,hv7owj844s461,10.0,1.0,3.0,"Crowd yelling, snapping",3.0,The crowd sounds aggressive,1.0
hv7owj844s461_processed_2,hv7owj844s461,10.0,1.0,3.0,"Crowd yelling, snapping",3.0,The crowd sounds aggressive,1.0
hv7owj844s461_processed_3,hv7owj844s461,10.0,2.0,3.0,"Glassbreaking, crowd yelling, thuds",3.0,The crowd sounds aggressive,1.0
hv7owj844s461_processed_4,hv7owj844s461,10.0,3.0,3.0,"Crowd yelling, thuds",3.0,The crowd sounds aggressive. The man also sounds aggressive,1.0
hv7owj844s461_processed_5,hv7owj844s461,10.0,3.0,3.0,"Crowd yelling, thuds",3.0,The crowd sounds aggressive. The man also sounds aggressive,1.0
hv7owj844s461_processed_6,hv7owj844s461,10.0,3.0,3.0,"Crowd yelling, glass breaking, thuds",3.0,The crowd sounds aggressive,1.0
hv7owj844s461_processed_7,hv7owj844s461,10.0,3.0,3.0,"Crowd yelling, thuds, metal clanking",3.0,The crowd sounds aggressive,1.0
hv7owj844s461_processed_8,hv7owj844s461,10.0,3.0,3.0,"Crowd yelling, thuds, metal clanking, glass breaking",3.0,The crowd sounds aggressive. The man also sounds aggressive,1.0
hv7owj844s461_processed_9,hv7owj844s461,10.0,3.0,3.0,"Crowd yelling, thuds, glass breaking",3.0,The crowd sounds aggressive. The man also sounds aggressive,1.0
hx99824cif971_processed_0,hx99824cif971,4.0,2.0,0.0,laughing,1.0,There is no aggression heard in the audio file,0.0
hx99824cif971_processed_1,hx99824cif971,4.0,2.0,0.0,,1.0,There is no aggression heard in the audio file,0.0
hx99824cif971_processed_2,hx99824cif971,4.0,3.0,1.0,,1.0,The man responds to the girl in a scoldful manner,0.0
hx99824cif971_processed_3,hx99824cif971,4.0,3.0,1.0,Laughing,1.0,The man responds to the girl in a scoldful manner,0.0
hxx6a6sw3ty51_processed_0,hxx6a6sw3ty51,17.0,5.0,0.0,Background music,2.0,There is no aggression heard in the audio file,0.0
hxx6a6sw3ty51_processed_1,hxx6a6sw3ty51,17.0,5.0,0.0,Background music,2.0,There is no aggression heard in the audio file,0.0
hxx6a6sw3ty51_processed_2,hxx6a6sw3ty51,17.0,5.0,0.0,Background music,2.0,There is no aggression heard in the audio file,0.0
hxx6a6sw3ty51_processed_3,hxx6a6sw3ty51,17.0,5.0,1.0,Background music,2.0,The woman sounds frustrated and slightly aggressive,0.0
hxx6a6sw3ty51_processed_4,hxx6a6sw3ty51,17.0,5.0,0.0,Background music,2.0,There is no aggression heard in the audio file,0.0
hxx6a6sw3ty51_processed_5,hxx6a6sw3ty51,17.0,5.0,1.0,Background music,2.0,The woman raises her voice at the end of the clip,0.0
hxx6a6sw3ty51_processed_6,hxx6a6sw3ty51,17.0,5.0,1.0,Background music,2.0,The woman raises her voice and sounds a little confrontational,0.0
hxx6a6sw3ty51_processed_7,hxx6a6sw3ty51,17.0,5.0,2.0,Background music,2.0,"The woman begins yelling, possibly aggressively",0.0
hxx6a6sw3ty51_processed_8,hxx6a6sw3ty51,17.0,5.0,1.0,Background music,2.0,The woman raises her voice and sounds a little aggressive,0.0
hxx6a6sw3ty51_processed_9,hxx6a6sw3ty51,17.0,5.0,1.0,Background music,2.0,The woman raises her voice and sounds a little aggressive,0.0
hxx6a6sw3ty51_processed_10,hxx6a6sw3ty51,17.0,5.0,2.0,Background music,2.0,The woman begins yelling near the end of the clip,0.0
hxx6a6sw3ty51_processed_11,hxx6a6sw3ty51,17.0,5.0,2.0,Background music,2.0,The man yells aggressively,0.0
hxx6a6sw3ty51_processed_12,hxx6a6sw3ty51,17.0,5.0,1.0,Background music,2.0,There seems to be frustration and agitation in the woman's voice,0.0
hxx6a6sw3ty51_processed_13,hxx6a6sw3ty51,17.0,5.0,2.0,Background music,2.0,The woman sounds aggressive and her voice can sharpen at times,0.0
hxx6a6sw3ty51_processed_14,hxx6a6sw3ty51,17.0,5.0,1.0,Background music,2.0,The woman sounds a little aggressive and frustrated.,0.0
hxx6a6sw3ty51_processed_15,hxx6a6sw3ty51,17.0,5.0,1.0,Background music,2.0,The woman raises her voice and sounds frustrated and a little aggressive,0.0
hxx6a6sw3ty51_processed_16,hxx6a6sw3ty51,17.0,5.0,1.0,Background music,2.0,The woman sounds agitated and a little aggressive,0.0
i294za8r11371_processed_0,i294za8r11371,3.0,2.0,0.0,Dog barking,0.0,No aggression heard in the audio file.,0.0
i294za8r11371_processed_1,i294za8r11371,3.0,2.0,0.0,Dog barking,0.0,No aggression heard in the audio file.,0.0
i294za8r11371_processed_2,i294za8r11371,3.0,2.0,0.0,"Dog barking, laughing",0.0,No aggression heard in the audio file.,0.0
i35rsfl9ye561_processed_0,i35rsfl9ye561,4.0,3.0,0.0,"Screaming, background chatter",0.0,The screaming is cheerful,0.0
i35rsfl9ye561_processed_1,i35rsfl9ye561,4.0,3.0,0.0,Shouting,0.0,No aggression heard in the audio file.,0.0
i35rsfl9ye561_processed_2,i35rsfl9ye561,4.0,3.0,0.0,Giggling,0.0,"The man is shouting, but not in an aggressive manner.",0.0
i35rsfl9ye561_processed_3,i35rsfl9ye561,4.0,3.0,0.0,Giggling,0.0,No aggression heard in the audio file.,0.0
i3jp22c6gua71_processed_2,i3jp22c6gua71,85.0,6.0,1.0,"Background music, chatter, crying",3.0,One of the women raises her voice and is frustrated with the other woman,0.0
i3jp22c6gua71_processed_3,i3jp22c6gua71,85.0,6.0,0.0,"Background music, chatter, crying",3.0,No aggression heard in the audio file.,0.0
i3jp22c6gua71_processed_4,i3jp22c6gua71,85.0,6.0,0.0,"Background music, chatter, crying",3.0,No aggression heard in the audio file.,0.0
i3jp22c6gua71_processed_5,i3jp22c6gua71,85.0,6.0,0.0,"Background music, chatter",3.0,No aggression heard in the audio file.,0.0
i3jp22c6gua71_processed_6,i3jp22c6gua71,85.0,6.0,2.0,"Background music, chatter",3.0,One of the women is frustrated and aggressively raises her voice,0.0
i3jp22c6gua71_processed_7,i3jp22c6gua71,85.0,6.0,0.0,"Background music, chatter, crying",3.0,No aggression heard in the audio file.,0.0
i3jp22c6gua71_processed_8,i3jp22c6gua71,85.0,6.0,1.0,"Background music, chatter, crying",3.0,One of the women is distressed.,0.0
i3jp22c6gua71_processed_9,i3jp22c6gua71,85.0,6.0,1.0,"Background music, chatter",3.0,One of the women is distressed.,0.0
i3jp22c6gua71_processed_10,i3jp22c6gua71,85.0,6.0,3.0,"Background music, chatter, screaming",3.0,One of the women is screaming and evidently distressed.,0.0
i3jp22c6gua71_processed_11,i3jp22c6gua71,85.0,6.0,3.0,"Background music, chatter",3.0,One of the women is shouting and evidently distressed.,0.0
i3jp22c6gua71_processed_12,i3jp22c6gua71,85.0,6.0,2.0,"Background music, chatter, voice on radio.",3.0,One of the women is distressed. The other is frustrated with the situation.,0.0
i3jp22c6gua71_processed_13,i3jp22c6gua71,85.0,6.0,3.0,"Background music, chatter, voice on radio.",3.0,One of the women is very distressed and shouts at the other aggressively. The other woman mocks her,0.0
i3jp22c6gua71_processed_14,i3jp22c6gua71,85.0,6.0,3.0,"Background music, chatter",3.0,One of the women aggressively shouts at the other.,0.0
i3jp22c6gua71_processed_15,i3jp22c6gua71,85.0,6.0,3.0,"Background music, chatter, screaming",3.0,One of the women screams and is evidently distressed.,0.0
i3jp22c6gua71_processed_16,i3jp22c6gua71,85.0,6.0,1.0,"Background music, chatter",3.0,A woman is distressed.,0.0
i3jp22c6gua71_processed_17,i3jp22c6gua71,85.0,6.0,1.0,Background music,3.0,A woman is clearly frustrated with her circumstances,0.0
i3jp22c6gua71_processed_18,i3jp22c6gua71,85.0,6.0,0.0,"Background music, chatter",3.0,No aggression heard in the audio file.,0.0
i3jp22c6gua71_processed_19,i3jp22c6gua71,85.0,6.0,1.0,"Background music, chatter",3.0,One of the women is distressed.,0.0
i3jp22c6gua71_processed_20,i3jp22c6gua71,85.0,6.0,2.0,"Background music, chatter",3.0,One of the women shouts for help and is distressed.,0.0
i3jp22c6gua71_processed_21,i3jp22c6gua71,85.0,6.0,0.0,"Background music, chatter",3.0,No aggression heard in the audio file.,0.0
i3jp22c6gua71_processed_22,i3jp22c6gua71,85.0,6.0,0.0,"Background music, chatter, personal radio beeping",3.0,No aggression heard in the audio file.,0.0
i3jp22c6gua71_processed_23,i3jp22c6gua71,85.0,6.0,0.0,"Background music, chatter",3.0,No aggression heard in the audio file.,0.0
i3jp22c6gua71_processed_24,i3jp22c6gua71,85.0,6.0,1.0,"Background music, chatter, wailing",3.0,"One of the women sounds distressed, while the other sounds frustrated.",0.0
i3jp22c6gua71_processed_25,i3jp22c6gua71,85.0,6.0,1.0,"Background music, chatter, moaning",3.0,One of the women is frustrated.,0.0
i3jp22c6gua71_processed_26,i3jp22c6gua71,85.0,6.0,0.0,"Background music, chatter",3.0,No aggression heard in the audio file.,0.0
i3jp22c6gua71_processed_27,i3jp22c6gua71,85.0,6.0,2.0,"Background music, chatter",3.0,One of the women is distressed and on the verge of screaming.,0.0
i3jp22c6gua71_processed_28,i3jp22c6gua71,85.0,6.0,2.0,"Background music, chatter, wailing",3.0,"One of the women is distressed, while the other is frustrated.",0.0
i3jp22c6gua71_processed_29,i3jp22c6gua71,85.0,6.0,1.0,"Background music, chatter, breathing",3.0,One of the women sounds distressed.,0.0
i3jp22c6gua71_processed_30,i3jp22c6gua71,85.0,6.0,2.0,"Background music, chatter, wailing, crying",3.0,"One of the women is distressed, while the other is frustrated.",0.0
i3jp22c6gua71_processed_31,i3jp22c6gua71,85.0,6.0,0.0,"Background music, chatter, voice on radio.",3.0,No aggression heard in the audio file.,0.0
i3jp22c6gua71_processed_32,i3jp22c6gua71,85.0,6.0,1.0,Background music,3.0,One of the women sounds a little agitated. Another woman sounds a little distressed.,0.0
i3jp22c6gua71_processed_33,i3jp22c6gua71,85.0,6.0,1.0,"Background music, chatter, crying",3.0,One of the women sounds distressed.,0.0
i3jp22c6gua71_processed_34,i3jp22c6gua71,85.0,6.0,3.0,"Background music, chatter, crying",3.0,One of the women screams and is evidently distressed. Another woman is frustrated,0.0
i3jp22c6gua71_processed_35,i3jp22c6gua71,85.0,6.0,1.0,"Background music, chatter",3.0,The woman sounds aggressive.,0.0
i3jp22c6gua71_processed_36,i3jp22c6gua71,85.0,6.0,1.0,"Background music, chatter",3.0,One of the women sounds distressed,0.0
i3jp22c6gua71_processed_37,i3jp22c6gua71,85.0,6.0,1.0,"Background music, chatter",3.0,One of the women sounds distressed.,0.0
i3jp22c6gua71_processed_38,i3jp22c6gua71,85.0,6.0,2.0,Background music.,3.0,"One of the women is frustrated and resorts to namecalling. ""Karen"" is distressed and shouts at the first woman aggressively. (Will refer to this person as ""Karen"" for the remainder of the files to make things easier, even if her name isn't actually Karen.)",0.0
i3jp22c6gua71_processed_39,i3jp22c6gua71,85.0,6.0,2.0,"Background music, chatter",3.0,Karen is very distressed.,0.0
i3jp22c6gua71_processed_40,i3jp22c6gua71,85.0,6.0,1.0,"Background music, chatter, crying",3.0,One of the women sounds frustrated.,0.0
i3jp22c6gua71_processed_41,i3jp22c6gua71,85.0,6.0,0.0,"Background music, chatter",3.0,No aggression heard in the audio file.,0.0
i3jp22c6gua71_processed_42,i3jp22c6gua71,85.0,6.0,0.0,,3.0,No aggression heard in the audio file.,0.0
i3jp22c6gua71_processed_43,i3jp22c6gua71,85.0,6.0,3.0,"Background music, chatter, screaming",3.0,Karen is distressed and resorts to screaming. Another woman is very frustrated with Karen.,0.0
i3jp22c6gua71_processed_44,i3jp22c6gua71,85.0,6.0,3.0,"Background music, chatter, screaming, wailing",3.0,Karen is distressed and resorts to screaming and shouting.,0.0
i3jp22c6gua71_processed_45,i3jp22c6gua71,85.0,6.0,1.0,"Background music, chatter",3.0,The woman is very frustrated.,0.0
i3jp22c6gua71_processed_46,i3jp22c6gua71,85.0,6.0,2.0,"Background music, chatter",3.0,One woman is very frustrated. Karen is distressed.,0.0
i3jp22c6gua71_processed_47,i3jp22c6gua71,85.0,6.0,2.0,"Background music, chatter, wailing",3.0,Karen is distressed.,0.0
i3jp22c6gua71_processed_50,i3jp22c6gua71,85.0,6.0,1.0,"Background music, chatter",3.0,The woman is aggressive and very frustrated.,0.0
i3jp22c6gua71_processed_51,i3jp22c6gua71,85.0,6.0,1.0,"Background music, chatter",3.0,The woman is frustrated. Karen is distressed.,0.0
i3jp22c6gua71_processed_53,i3jp22c6gua71,85.0,6.0,3.0,"Background music, chatter, wailing",3.0,Karen is evidently distressed. The other woman is aggressive and very frustrated,0.0
i3jp22c6gua71_processed_54,i3jp22c6gua71,85.0,6.0,1.0,"Background music, chatter, voice on radio.",3.0,Karen sounds like she might be in distress.,0.0
i3jp22c6gua71_processed_55,i3jp22c6gua71,85.0,6.0,2.0,"Background music, chatter, voice on radio.",3.0,The woman begins to yell in frustration or anger.,0.0
i3jp22c6gua71_processed_57,i3jp22c6gua71,85.0,6.0,1.0,"Background music, chatter",3.0,Karen seems to be in distress. The other woman is very frustrated.,0.0
i3jp22c6gua71_processed_58,i3jp22c6gua71,85.0,6.0,2.0,"Background music, chatter, shouting",3.0,Karen is distressed and yelling. The other woman is frustrated and speaks aggressively.,0.0
i3jp22c6gua71_processed_59,i3jp22c6gua71,85.0,6.0,0.0,"Background music, chatter",3.0,No aggression heard in the audio file.,0.0
i3jp22c6gua71_processed_62,i3jp22c6gua71,85.0,6.0,1.0,"Background music, chatter.",3.0,Karen sounds like she might be in distress.,0.0
i3jp22c6gua71_processed_64,i3jp22c6gua71,85.0,6.0,1.0,"Background music, chatter",3.0,Karen sounds like she might be in distress.,0.0
i3jp22c6gua71_processed_65,i3jp22c6gua71,85.0,6.0,0.0,"Background music, chatter, beeping",3.0,No aggression heard in the audio file.,0.0
i3jp22c6gua71_processed_66,i3jp22c6gua71,85.0,6.0,1.0,"Background music, chatter",3.0,Karen sounds like she might be in distress.,0.0
i3jp22c6gua71_processed_67,i3jp22c6gua71,85.0,6.0,1.0,"Background music, chatter",3.0,Karen sounds like she might be in distress.,0.0
i3jp22c6gua71_processed_68,i3jp22c6gua71,85.0,6.0,1.0,"Background music, chatter, wailing",3.0,Karen sounds like she might be in distress.,0.0
i3jp22c6gua71_processed_69,i3jp22c6gua71,85.0,6.0,1.0,"Background music, chatter, wailing",3.0,The woman sounds frustrated. Karen sounds like she might be in distress.,0.0
i3jp22c6gua71_processed_70,i3jp22c6gua71,85.0,6.0,0.0,"Page flipping, background music, chatter",3.0,No aggression heard in the audio file.,0.0
i3jp22c6gua71_processed_71,i3jp22c6gua71,85.0,6.0,0.0,"Background music, chatter",3.0,No aggression heard in the audio file.,0.0
i3jp22c6gua71_processed_72,i3jp22c6gua71,85.0,6.0,1.0,"Background music, chatter",3.0,The woman sounds frustrated and angry. Karen sounds like she might be in distress.,0.0
i3jp22c6gua71_processed_73,i3jp22c6gua71,85.0,6.0,1.0,"Background music, chatter",3.0,The woman sounds frustrated. Karen sounds like she might be in distress.,0.0
i3jp22c6gua71_processed_74,i3jp22c6gua71,85.0,6.0,2.0,"Background music, chatter, beeping, wailing",3.0,Karen sounds distressed.,0.0
i3jp22c6gua71_processed_75,i3jp22c6gua71,85.0,6.0,2.0,"Background music, chatter, wailing",3.0,Karen sounds distressed.,0.0
i3jp22c6gua71_processed_76,i3jp22c6gua71,85.0,6.0,3.0,"Background music, chatter, screaming",3.0,Karen is evidently distressed.,0.0
i3jp22c6gua71_processed_78,i3jp22c6gua71,85.0,6.0,2.0,"Background music, chatter",3.0,Karen sounds distressed.,0.0
i3jp22c6gua71_processed_79,i3jp22c6gua71,85.0,6.0,1.0,"Background music, chatter",3.0,Karen sounds like she might be in distress.,0.0
i3jp22c6gua71_processed_80,i3jp22c6gua71,85.0,6.0,0.0,"Background music, chatter, voice on radio.",3.0,No aggression heard in the audio file.,0.0
i3jp22c6gua71_processed_81,i3jp22c6gua71,85.0,6.0,1.0,"Voice on radio, background music, chatter, wailing",3.0,The woman is aggressive and raises her voice.,0.0
i3jp22c6gua71_processed_82,i3jp22c6gua71,85.0,6.0,1.0,"Background music, chatter",3.0,The woman is aggressive and raises her voice.,0.0
i3jp22c6gua71_processed_83,i3jp22c6gua71,85.0,6.0,2.0,"Background music, chatter, wailing, crying",3.0,Karen sounds distressed.,0.0
i3jp22c6gua71_processed_84,i3jp22c6gua71,85.0,6.0,3.0,"Background music, chatter, wailing",3.0,Karen is distressed and is essentially screaming,0.0
i3ord576y6h61_processed_1,i3ord576y6h61,3.0,3.0,3.0,"Metallic sound, man feeling pain",3.0,One of the men sounds very aggressive and threatening.,0.0
i3ord576y6h61_processed_2,i3ord576y6h61,3.0,3.0,0.0,,3.0,No aggression heard in the audio file.,0.0
i5es1l4jvlk51_processed_0,i5es1l4jvlk51,6.0,0.0,0.0,"Loud music, whistle blowing",0.0,No aggression heard in the audio file.,1.0
i5es1l4jvlk51_processed_1,i5es1l4jvlk51,6.0,0.0,0.0,Loud music.,0.0,No aggression heard in the audio file.,1.0
i5es1l4jvlk51_processed_2,i5es1l4jvlk51,6.0,0.0,0.0,Loud music.,0.0,No aggression heard in the audio file.,1.0
i5es1l4jvlk51_processed_3,i5es1l4jvlk51,6.0,0.0,0.0,Loud music.,0.0,No aggression heard in the audio file.,1.0
i5es1l4jvlk51_processed_4,i5es1l4jvlk51,6.0,0.0,0.0,Loud music.,0.0,No aggression heard in the audio file.,1.0
i5es1l4jvlk51_processed_5,i5es1l4jvlk51,6.0,0.0,0.0,"Loud music, whistle blowing.",0.0,No aggression heard in the audio file.,1.0
i7dqk9jzlss51_processed_0,i7dqk9jzlss51,5.0,3.0,0.0,"Laughing, background chatter",0.0,No aggression heard in the audio file.,0.0
i7dqk9jzlss51_processed_1,i7dqk9jzlss51,5.0,3.0,0.0,Background chatter.,0.0,"The people raise their voices, but in a cheerful manner.",0.0
i7dqk9jzlss51_processed_2,i7dqk9jzlss51,5.0,3.0,0.0,Background chatter,0.0,"The people raise their voices, but in a cheerful manner.",0.0
i7dqk9jzlss51_processed_3,i7dqk9jzlss51,5.0,3.0,0.0,"Background chatter, laughing",0.0,"The people raise their voices, but in a cheerful manner.",0.0
i7dqk9jzlss51_processed_4,i7dqk9jzlss51,5.0,3.0,0.0,Background chatter,0.0,No aggression heard in the audio file.,0.0
i8diucxaym671_processed_0,i8diucxaym671,1.0,0.0,0.0,Motor whirring,0.0,No aggression heard in the audio file.,1.0
iabuib3sl9i51_processed_0,iabuib3sl9i51,11.0,2.0,0.0,Truck idling,3.0,"The man does not raise his voice, but only seems to taunt the woman.",0.0
iabuib3sl9i51_processed_1,iabuib3sl9i51,11.0,2.0,2.0,Truck idling,3.0,The woman yells at the man aggressively.,0.0
iabuib3sl9i51_processed_2,iabuib3sl9i51,11.0,2.0,2.0,Truck idling,3.0,The woman is aggressive and threatens the man.,0.0
iabuib3sl9i51_processed_3,iabuib3sl9i51,11.0,2.0,3.0,Truck idling,3.0,The woman yells at the man aggressively.,0.0
iabuib3sl9i51_processed_4,iabuib3sl9i51,11.0,2.0,3.0,Truck idling,3.0,The woman is confrontational and yells at the man.,0.0
iabuib3sl9i51_processed_5,iabuib3sl9i51,11.0,2.0,2.0,Truck idling,3.0,The woman aggressively questions the man.,0.0
iabuib3sl9i51_processed_6,iabuib3sl9i51,11.0,2.0,3.0,Truck idling,3.0,The woman is very aggressive and yells at the man.,0.0
iabuib3sl9i51_processed_7,iabuib3sl9i51,11.0,2.0,2.0,Truck idling,3.0,The woman is aggressive toward the man.,0.0
iabuib3sl9i51_processed_8,iabuib3sl9i51,11.0,2.0,2.0,Truck idling,3.0,The woman is aggressive toward the man.,0.0
iabuib3sl9i51_processed_10,iabuib3sl9i51,11.0,2.0,1.0,Truck idling,3.0,The woman uses suggestive language in an abusive manner.,0.0
iajs1brhnge61_processed_0,iajs1brhnge61,13.0,3.0,2.0,Background chatter,3.0,The woman yells and is possibly distressed.,0.0
iajs1brhnge61_processed_1,iajs1brhnge61,13.0,3.0,2.0,Background chatter,3.0,The woman yells and is possibly distressed.,0.0
iajs1brhnge61_processed_2,iajs1brhnge61,13.0,3.0,3.0,"Background yelling, screaming",3.0,The woman is distressed and resorts to screaming.,0.0
iajs1brhnge61_processed_3,iajs1brhnge61,13.0,3.0,3.0,"Background yelling, screaming",3.0,Some people in the clip seem to be distressed and resort to screaming.,0.0
iajs1brhnge61_processed_4,iajs1brhnge61,13.0,3.0,3.0,"Background yelling, screaming",3.0,"Some people in the clip seem to be distressed, angry, and resort to screaming.",0.0
iajs1brhnge61_processed_5,iajs1brhnge61,13.0,3.0,3.0,"Background yelling, screaming, chatter",3.0,"Some people in the clip seem to be distressed, angry, and resort to screaming.",0.0
iajs1brhnge61_processed_6,iajs1brhnge61,13.0,3.0,3.0,"Background yelling, screaming, chatter",3.0,Some people seem to yell angrily. Some people are screaming.,0.0
iajs1brhnge61_processed_7,iajs1brhnge61,13.0,3.0,3.0,"Background yelling, chatter",3.0,Some people seem to yell angrily and aggressively.,0.0
iajs1brhnge61_processed_8,iajs1brhnge61,13.0,3.0,3.0,Background chatter,3.0,"The woman at the end of the clip begins to yell, possibly aggressively.",0.0
iajs1brhnge61_processed_9,iajs1brhnge61,13.0,3.0,3.0,"Background chatter, yelling, screaming",3.0,Some people in the clip are distressed and begin to scream.,0.0
iajs1brhnge61_processed_10,iajs1brhnge61,13.0,3.0,3.0,"Background chatter, yelling, screaming",3.0,Some people are yelling angrily and aggressively. Some people are screaming.,0.0
iajs1brhnge61_processed_11,iajs1brhnge61,13.0,3.0,3.0,"Background chatter, yelling",3.0,Some people are yelling angrily and aggressively.,0.0
iajs1brhnge61_processed_12,iajs1brhnge61,13.0,3.0,3.0,"Background chatter, yelling",3.0,Some people are yelling aggressively and angrily.,0.0
iaws68pulnl51_processed_0,iaws68pulnl51,5.0,2.0,1.0,Train passing,1.0,The man uses suggestive and aggressive language.,0.0
iaws68pulnl51_processed_1,iaws68pulnl51,5.0,2.0,0.0,Train passing,1.0,No aggression heard in the audio file.,0.0
iaws68pulnl51_processed_2,iaws68pulnl51,5.0,2.0,0.0,,1.0,No aggression heard in the audio file.,0.0
iaws68pulnl51_processed_3,iaws68pulnl51,5.0,3.0,0.0,,1.0,"The man uses suggestive language, but does not appeapr to be aggressive.",0.0
iaws68pulnl51_processed_4,iaws68pulnl51,5.0,3.0,0.0,laughing,1.0,No aggression heard in the audio file.,0.0
id9r7h75upx61_processed_0,id9r7h75upx61,3.0,3.0,2.0,,2.0,The woman sounds aggressive,0.0
id9r7h75upx61_processed_1,id9r7h75upx61,3.0,3.0,2.0,,2.0,The woman sounds distressed. The men are rude and use abusive language,0.0
id9r7h75upx61_processed_2,id9r7h75upx61,3.0,3.0,2.0,,2.0,The men are rude and use abusive language.,0.0
ifh1kutiypb61_processed_0,ifh1kutiypb61,6.0,1.0,0.0,Background music,0.0,No aggression heard in the audio file.,0.0
ifh1kutiypb61_processed_1,ifh1kutiypb61,6.0,1.0,0.0,"Background music, high-pitched screech",0.0,No aggression heard in the audio file.,0.0
ifh1kutiypb61_processed_2,ifh1kutiypb61,6.0,1.0,0.0,"Background music, chatter, high-pitched screech",0.0,No aggression heard in the audio file.,0.0
ifh1kutiypb61_processed_3,ifh1kutiypb61,6.0,1.0,0.0,"Background music, chatter, high-pitched screech",0.0,No aggression heard in the audio file.,0.0
ifh1kutiypb61_processed_4,ifh1kutiypb61,6.0,1.0,0.0,"Background music, crowd cheering",0.0,No aggression heard in the audio file.,0.0
ifh1kutiypb61_processed_5,ifh1kutiypb61,6.0,1.0,0.0,"Background music, crowd cheering",0.0,No aggression heard in the audio file.,0.0
igyp8zm15tq51_processed_0,igyp8zm15tq51,6.0,1.0,0.0,"Recorder playing, singing",0.0,No aggression heard in the audio file.,0.0
igyp8zm15tq51_processed_1,igyp8zm15tq51,6.0,1.0,0.0,"Recorder playing, talking, crowd singing",0.0,No aggression heard in the audio file.,0.0
igyp8zm15tq51_processed_2,igyp8zm15tq51,6.0,1.0,0.0,"Recorder playing, crowd singing",0.0,No aggression heard in the audio file.,0.0
igyp8zm15tq51_processed_3,igyp8zm15tq51,6.0,1.0,0.0,"Recorder playing, crowd singing",0.0,No aggression heard in the audio file.,0.0
igyp8zm15tq51_processed_4,igyp8zm15tq51,6.0,1.0,0.0,"Recorder playing, crowd singing",0.0,No aggression heard in the audio file.,0.0
igyp8zm15tq51_processed_5,igyp8zm15tq51,6.0,1.0,0.0,"Recorder playing, crowd singing",0.0,"A man starts to shout at the end, but he does not seem aggressive.",0.0
ihekya6ws4471_processed_0,ihekya6ws4471,58.0,4.0,0.0,"Strange noise, background music",2.0,No aggression heard in the audio file.,0.0
ihekya6ws4471_processed_1,ihekya6ws4471,58.0,4.0,1.0,"Background music, static",2.0,The man confronts the woman with a raised voice.,0.0
ihekya6ws4471_processed_2,ihekya6ws4471,58.0,4.0,0.0,"static, cars passing",2.0,No aggression heard in the audio file.,0.0
ihekya6ws4471_processed_3,ihekya6ws4471,58.0,4.0,0.0,"static, cars passing",2.0,No aggression heard in the audio file.,0.0
ihekya6ws4471_processed_4,ihekya6ws4471,58.0,4.0,0.0,"static, cars passing",2.0,No aggression heard in the audio file.,0.0
ihekya6ws4471_processed_5,ihekya6ws4471,58.0,4.0,0.0,"static, cars passing",2.0,No aggression heard in the audio file.,0.0
ihekya6ws4471_processed_6,ihekya6ws4471,58.0,4.0,0.0,"static, cars passing",2.0,No aggression heard in the audio file.,0.0
ihekya6ws4471_processed_7,ihekya6ws4471,58.0,4.0,0.0,"Static, cars passing, car alarm going off",2.0,No aggression heard in the audio file.,0.0
ihekya6ws4471_processed_8,ihekya6ws4471,58.0,4.0,0.0,"Static, cars passing, car alarm going off",2.0,No aggression heard in the audio file.,0.0
ihekya6ws4471_processed_9,ihekya6ws4471,58.0,4.0,0.0,"Static, cars passing, car alarm going off, background music",2.0,No aggression heard in the audio file.,0.0
ihekya6ws4471_processed_10,ihekya6ws4471,58.0,4.0,0.0,"Static, cars passing, car alarm going off, background music",2.0,No aggression heard in the audio file.,0.0
ihekya6ws4471_processed_11,ihekya6ws4471,58.0,4.0,0.0,Background music,2.0,No aggression heard in the audio file.,0.0
ihekya6ws4471_processed_12,ihekya6ws4471,58.0,4.0,0.0,Background music,2.0,No aggression heard in the audio file.,0.0
ihekya6ws4471_processed_13,ihekya6ws4471,58.0,4.0,0.0,"Static, car alarm going off, voice on radio.",2.0,No aggression heard in the audio file.,0.0
ihekya6ws4471_processed_14,ihekya6ws4471,58.0,4.0,1.0,"Background music, static, cars passing",2.0,The trooper is a little aggressive.,0.0
ihekya6ws4471_processed_15,ihekya6ws4471,58.0,4.0,1.0,"Static, cars passing, sirens wailing",2.0,The trooper raises his voice a little at the woman.,0.0
ihekya6ws4471_processed_16,ihekya6ws4471,58.0,4.0,1.0,"Static, cars passing, sirens wailing, tires skidding",2.0,The trooper raises his voice a little at the woman.,0.0
ihekya6ws4471_processed_17,ihekya6ws4471,58.0,4.0,1.0,"Static, background music",2.0,The trooper is a little aggressive.,0.0
ihekya6ws4471_processed_18,ihekya6ws4471,58.0,4.0,0.0,Background music,2.0,No aggression heard in the audio file.,0.0
ihekya6ws4471_processed_19,ihekya6ws4471,58.0,4.0,2.0,"Background music, cars passing",2.0,The woman yells at the trooper.,0.0
ihekya6ws4471_processed_20,ihekya6ws4471,58.0,4.0,1.0,cars passing,2.0,The woman sounds distressed.,0.0
ihekya6ws4471_processed_21,ihekya6ws4471,58.0,4.0,1.0,Sirens wailing,2.0,The trooper raises his voice a little at the woman.,0.0
ihekya6ws4471_processed_22,ihekya6ws4471,58.0,4.0,0.0,"Cars passing, background music, car alarm going off",2.0,No aggression heard in the audio file.,0.0
ihekya6ws4471_processed_23,ihekya6ws4471,58.0,4.0,0.0,"Cars passing, car alarm going off, sirens wiling",2.0,No aggression heard in the audio file.,0.0
ihekya6ws4471_processed_24,ihekya6ws4471,58.0,4.0,0.0,Background music,2.0,No aggression heard in the audio file.,0.0
ihekya6ws4471_processed_25,ihekya6ws4471,58.0,4.0,0.0,Background music,2.0,No aggression heard in the audio file.,0.0
ihekya6ws4471_processed_26,ihekya6ws4471,58.0,4.0,1.0,"Background music, cars passing, sirens wailing",2.0,The trooper and the woman argue with each other.,0.0
ihekya6ws4471_processed_27,ihekya6ws4471,58.0,4.0,1.0,"Cars passing, voice on radio.",2.0,The woman sounds distressed.,0.0
ihekya6ws4471_processed_28,ihekya6ws4471,58.0,4.0,1.0,Cars passing,2.0,The woman sounds distressed.,0.0
ihekya6ws4471_processed_29,ihekya6ws4471,58.0,4.0,1.0,"Cars passing, sirens wailing",2.0,The trooper raises his voice a little at the woman.,0.0
ihekya6ws4471_processed_30,ihekya6ws4471,58.0,4.0,1.0,"Cars passing, sirens wailing",2.0,The trooper raises his voice a little at the woman.,0.0
ihekya6ws4471_processed_31,ihekya6ws4471,58.0,4.0,1.0,"Cars passing, sirens wailing, car alarm going off.",2.0,The trooper raises his voice a little at the woman.,0.0
ihekya6ws4471_processed_32,ihekya6ws4471,58.0,4.0,0.0,"Cars passing, car alarm going off, background music",2.0,No aggression heard in the audio file.,0.0
ihekya6ws4471_processed_33,ihekya6ws4471,58.0,4.0,2.0,"Cars passing, sirens wailing",2.0,The woman is distressed.,0.0
ihekya6ws4471_processed_34,ihekya6ws4471,58.0,4.0,1.0,"Car alarm going off, sirens wailing.",2.0,The trooper raises his voice a little at the woman.,0.0
ihekya6ws4471_processed_35,ihekya6ws4471,58.0,4.0,1.0,Sirens wailing,2.0,The trooper and the woman argue with each other.,0.0
ihekya6ws4471_processed_36,ihekya6ws4471,58.0,4.0,0.0,Background music,2.0,No aggression heard in the audio file.,0.0
ihekya6ws4471_processed_37,ihekya6ws4471,58.0,4.0,1.0,Cars passing,2.0,The woman sounds distressed,0.0
ihekya6ws4471_processed_38,ihekya6ws4471,58.0,4.0,0.0,"Cars passing, sirens wailing",2.0,No aggression heard in the audio file.,0.0
ihekya6ws4471_processed_39,ihekya6ws4471,58.0,4.0,0.0,Cars passing,2.0,No aggression heard in the audio file.,0.0
ihekya6ws4471_processed_40,ihekya6ws4471,58.0,4.0,0.0,Cars passing,2.0,No aggression heard in the audio file.,0.0
ihekya6ws4471_processed_41,ihekya6ws4471,58.0,4.0,0.0,Cars passing,2.0,No aggression heard in the audio file.,0.0
ihekya6ws4471_processed_42,ihekya6ws4471,58.0,4.0,1.0,Cars passing,2.0,The woman raises her voice a little at the trooper,0.0
ihekya6ws4471_processed_43,ihekya6ws4471,58.0,4.0,1.0,"Cars passing, background music, sirens wailing",2.0,The woman raises her voice at the trooper.,0.0
ihekya6ws4471_processed_44,ihekya6ws4471,58.0,4.0,0.0,"Sirens wailing, cars passing, background music",2.0,No aggression heard in the audio file.,0.0
ihekya6ws4471_processed_45,ihekya6ws4471,58.0,4.0,0.0,"Background music, car honking, vehicle accelerating, car honking",2.0,No aggression heard in the audio file.,0.0
ihekya6ws4471_processed_46,ihekya6ws4471,58.0,4.0,0.0,"car honking, tires screeching, sirens wailing",2.0,No aggression heard in the audio file.,0.0
ihekya6ws4471_processed_47,ihekya6ws4471,58.0,4.0,0.0,"Sirens wailing,cars passing, car honking",2.0,No aggression heard in the audio file.,0.0
ihekya6ws4471_processed_48,ihekya6ws4471,58.0,4.0,0.0,"car alarm going off, cars passing",2.0,No aggression heard in the audio file.,0.0
ihekya6ws4471_processed_49,ihekya6ws4471,58.0,4.0,1.0,sirens wailing,2.0,The trooper raises his voice a little at the woman.,0.0
ihekya6ws4471_processed_50,ihekya6ws4471,58.0,4.0,0.0,"cars passing, car alarm going off",2.0,No aggression heard in the audio file.,0.0
ihekya6ws4471_processed_51,ihekya6ws4471,58.0,4.0,1.0,"Cars passing, background music.",2.0,The trooper raises his voice a little.,0.0
ihekya6ws4471_processed_52,ihekya6ws4471,58.0,4.0,0.0,Background music,2.0,No aggression heard in the audio file.,0.0
ihekya6ws4471_processed_53,ihekya6ws4471,58.0,4.0,0.0,Background music,2.0,No aggression heard in the audio file.,0.0
ihekya6ws4471_processed_54,ihekya6ws4471,58.0,4.0,0.0,"Cars passing, voice on radio.",2.0,No aggression heard in the audio file.,0.0
ihekya6ws4471_processed_55,ihekya6ws4471,58.0,4.0,0.0,"Sirens wailing, background music",2.0,No aggression heard in the audio file.,0.0
ihekya6ws4471_processed_56,ihekya6ws4471,58.0,4.0,1.0,"Sirens wailing, cars passing",2.0,The trooper and the woman argue with each other.,0.0
ihekya6ws4471_processed_57,ihekya6ws4471,58.0,4.0,1.0,Cars passing,2.0,The trooper raises his voice at the woman,0.0
iighzau4ksj51_processed_0,iighzau4ksj51,4.0,2.0,2.0,,2.0,The man is yelling aggressively.,0.0
iighzau4ksj51_processed_1,iighzau4ksj51,4.0,2.0,2.0,,2.0,The man is yelling aggressively.,0.0
iighzau4ksj51_processed_2,iighzau4ksj51,4.0,2.0,2.0,,2.0,The man is yelling aggressively.,0.0
iighzau4ksj51_processed_3,iighzau4ksj51,4.0,2.0,2.0,,2.0,The man is yelling aggressively.,0.0
iistfrgw75j61_processed_1,iistfrgw75j61,6.0,2.0,2.0,,2.0,The man is aggressive and abusive in his language,0.0
iistfrgw75j61_processed_2,iistfrgw75j61,6.0,2.0,2.0,,2.0,The man is aggressive and abusive in his language,0.0
iistfrgw75j61_processed_3,iistfrgw75j61,6.0,2.0,2.0,,2.0,The man is aggressive and abusive in his language,0.0
iistfrgw75j61_processed_4,iistfrgw75j61,6.0,2.0,2.0,,2.0,The man is aggressive and abusive in his language,0.0
iistfrgw75j61_processed_5,iistfrgw75j61,6.0,2.0,2.0,,2.0,The man is aggressive and abusive in his language,0.0
ijmveiix4or61_processed_0,ijmveiix4or61,3.0,0.0,0.0,"Background music, laughing, joyful yelling",0.0,No aggression heard in the audio file.,0.0
ijmveiix4or61_processed_1,ijmveiix4or61,3.0,0.0,0.0,"Background music, laughing, joyful yelling",0.0,No aggression heard in the audio file.,0.0
ijmveiix4or61_processed_2,ijmveiix4or61,3.0,0.0,0.0,"Background music, laughing",0.0,No aggression heard in the audio file.,0.0
ikvsd8pjyhn51_processed_0,ikvsd8pjyhn51,7.0,5.0,0.0,,0.0,No aggression heard in the audio file.,0.0
ikvsd8pjyhn51_processed_1,ikvsd8pjyhn51,7.0,5.0,0.0,clapping,0.0,No aggression heard in the audio file.,0.0
ikvsd8pjyhn51_processed_2,ikvsd8pjyhn51,7.0,5.0,0.0,,0.0,No aggression heard in the audio file.,0.0
ikvsd8pjyhn51_processed_3,ikvsd8pjyhn51,7.0,5.0,0.0,,0.0,No aggression heard in the audio file.,0.0
ikvsd8pjyhn51_processed_4,ikvsd8pjyhn51,7.0,5.0,0.0,,0.0,No aggression heard in the audio file.,0.0
ikvsd8pjyhn51_processed_5,ikvsd8pjyhn51,7.0,5.0,0.0,,0.0,No aggression heard in the audio file.,0.0
ikvsd8pjyhn51_processed_6,ikvsd8pjyhn51,7.0,5.0,0.0,clapping,0.0,No aggression heard in the audio file.,0.0
io3vkc3665a61_processed_0,io3vkc3665a61,2.0,0.0,2.0,"yelling, chanting",2.0,The crowd is yelling and may be aggressive,1.0
io3vkc3665a61_processed_1,io3vkc3665a61,2.0,0.0,2.0,"yelling, chanting",2.0,The crowd is yelling and may be aggressive,1.0
ipvbd5v6r9371_processed_0,ipvbd5v6r9371,40.0,1.0,1.0,,3.0,The man sounds aggressive and raises his voice,0.0
ipvbd5v6r9371_processed_1,ipvbd5v6r9371,40.0,1.0,1.0,,3.0,"The man raises his voice, is aggressive and uses abusive language",0.0
ipvbd5v6r9371_processed_2,ipvbd5v6r9371,40.0,2.0,2.0,,3.0,The manis aggressive and yells at the other man,0.0
ipvbd5v6r9371_processed_3,ipvbd5v6r9371,40.0,2.0,1.0,,3.0,The man is aggressive,0.0
ipvbd5v6r9371_processed_4,ipvbd5v6r9371,40.0,2.0,1.0,,3.0,The man raises his voice and may seem a little aggressive,0.0
ipvbd5v6r9371_processed_5,ipvbd5v6r9371,40.0,2.0,2.0,wind blowing,3.0,The man is aggressive and yells at the other man,0.0
ipvbd5v6r9371_processed_6,ipvbd5v6r9371,40.0,2.0,1.0,,3.0,The man raises his voice and may seem a little aggressive,0.0
ipvbd5v6r9371_processed_7,ipvbd5v6r9371,40.0,2.0,2.0,,3.0,The man is aggressive and uses abusive language. He yells at the other man,0.0
ipvbd5v6r9371_processed_8,ipvbd5v6r9371,40.0,2.0,2.0,,3.0,The man is aggressive and yells at the other man,0.0
ipvbd5v6r9371_processed_9,ipvbd5v6r9371,40.0,2.0,2.0,,3.0,The man is aggressive and yells in an abusive manner at the other man,0.0
ipvbd5v6r9371_processed_10,ipvbd5v6r9371,40.0,2.0,2.0,,3.0,The man is aggressive and yells in an abusive manner at the other man,0.0
ipvbd5v6r9371_processed_11,ipvbd5v6r9371,40.0,2.0,2.0,,3.0,The man is aggressive and yells in an abusive manner at the other man,0.0
ipvbd5v6r9371_processed_12,ipvbd5v6r9371,40.0,2.0,2.0,chatter,3.0,The man yells aggressively,0.0
ipvbd5v6r9371_processed_13,ipvbd5v6r9371,40.0,2.0,1.0,objects hitting the ground,3.0,The man is raises his voice and is aggressive,0.0
ipvbd5v6r9371_processed_14,ipvbd5v6r9371,40.0,2.0,2.0,wind blowing,3.0,The man is aggressive and yells in an abusive manner at the other man,0.0
ipvbd5v6r9371_processed_15,ipvbd5v6r9371,40.0,2.0,1.0,,3.0,The man raises his voice and is aggressive,0.0
ipvbd5v6r9371_processed_16,ipvbd5v6r9371,40.0,2.0,1.0,,3.0,The man raises his voice and is aggressive,0.0
ipvbd5v6r9371_processed_17,ipvbd5v6r9371,40.0,2.0,2.0,,3.0,The man is aggressive and yells,0.0
ipvbd5v6r9371_processed_18,ipvbd5v6r9371,40.0,2.0,2.0,,3.0,The man is aggressive and yells,0.0
ipvbd5v6r9371_processed_19,ipvbd5v6r9371,40.0,2.0,2.0,,3.0,The man is aggressive and yells in an abusive manner at the other man,0.0
ipvbd5v6r9371_processed_20,ipvbd5v6r9371,40.0,2.0,2.0,,3.0,The man is aggressive and yells,0.0
ipvbd5v6r9371_processed_21,ipvbd5v6r9371,40.0,2.0,2.0,,3.0,The man is aggressive and yells,0.0
ipvbd5v6r9371_processed_22,ipvbd5v6r9371,40.0,2.0,2.0,,3.0,The man is aggressive and yells at the other man,0.0
ipvbd5v6r9371_processed_23,ipvbd5v6r9371,40.0,2.0,2.0,,3.0,The man is aggressive and yells at the other man,0.0
ipvbd5v6r9371_processed_24,ipvbd5v6r9371,40.0,2.0,2.0,,3.0,The man is aggressive and yells at the other man,0.0
ipvbd5v6r9371_processed_25,ipvbd5v6r9371,40.0,2.0,2.0,,3.0,The man is aggressive and yells,0.0
ipvbd5v6r9371_processed_26,ipvbd5v6r9371,40.0,2.0,2.0,wind blowing,3.0,The man begins yelling aggressively,0.0
ipvbd5v6r9371_processed_27,ipvbd5v6r9371,40.0,2.0,2.0,wind blowing,3.0,The man yells aggressively and abusively,0.0
ipvbd5v6r9371_processed_28,ipvbd5v6r9371,40.0,2.0,1.0,,3.0,The man raises his voice aggressively.,0.0
ipvbd5v6r9371_processed_29,ipvbd5v6r9371,40.0,2.0,2.0,,3.0,The man yells at the other man aggressively,0.0
ipvbd5v6r9371_processed_30,ipvbd5v6r9371,40.0,2.0,1.0,,3.0,The man raises his voice and is aggressive,0.0
ipvbd5v6r9371_processed_31,ipvbd5v6r9371,40.0,2.0,2.0,,3.0,The man is aggressive and yells at the other man,0.0
ipvbd5v6r9371_processed_32,ipvbd5v6r9371,40.0,2.0,2.0,,3.0,The man is aggressive and yells in an abusive manner at the other man,0.0
ipvbd5v6r9371_processed_34,ipvbd5v6r9371,40.0,2.0,2.0,,3.0,The man yells aggressively,0.0
ipvbd5v6r9371_processed_37,ipvbd5v6r9371,40.0,2.0,2.0,,3.0,The man yells at the other man in an aggressive manner,0.0
ipvbd5v6r9371_processed_38,ipvbd5v6r9371,40.0,2.0,1.0,"wind blowing, spitting",3.0,The man raises his voice in an aggressive manner towrd the other man,0.0
ipvbd5v6r9371_processed_39,ipvbd5v6r9371,40.0,2.0,1.0,,3.0,The man raises his voice towards the other man,0.0
iqcumcprlyn51_processed_0,iqcumcprlyn51,2.0,2.0,1.0,car honking,3.0,The woman  is aggressive and raises her voice,0.0
iqcumcprlyn51_processed_1,iqcumcprlyn51,2.0,2.0,3.0,car honking,3.0,The woman sounds threatening and yells in an abusive manner,0.0
iqt1om7tl9w61_processed_0,iqt1om7tl9w61,4.0,1.0,0.0,,0.0,No aggression heard in the audio file.,0.0
iqt1om7tl9w61_processed_1,iqt1om7tl9w61,4.0,1.0,0.0,,0.0,No aggression heard in the audio file.,0.0
iqt1om7tl9w61_processed_2,iqt1om7tl9w61,4.0,1.0,0.0,,0.0,No aggression heard in the audio file.,0.0
iqt1om7tl9w61_processed_3,iqt1om7tl9w61,4.0,1.0,0.0,,0.0,No aggression heard in the audio file.,0.0
ixcp01ei0j961_processed_0,ixcp01ei0j961,5.0,2.0,2.0,,3.0,The women are yelling at each other aggressively,0.0
ixcp01ei0j961_processed_1,ixcp01ei0j961,5.0,2.0,2.0,,3.0,The women are yelling at each other aggressively,0.0
ixcp01ei0j961_processed_2,ixcp01ei0j961,5.0,2.0,3.0,,3.0,The women are yelling at each other aggressively. One of them sounds threatening,0.0
ixcp01ei0j961_processed_3,ixcp01ei0j961,5.0,2.0,2.0,,3.0,The women are yelling at each other aggressively,0.0
ixcp01ei0j961_processed_4,ixcp01ei0j961,5.0,2.0,2.0,,3.0,The women are yelling at each other aggressively.,0.0
ixqvcjvte5q51_processed_0,ixqvcjvte5q51,5.0,2.0,0.0,"train passing, chatter",1.0,No aggression heard in the audio file.,0.0
ixqvcjvte5q51_processed_1,ixqvcjvte5q51,5.0,2.0,1.0,"gunshots, cars driving, train passing",1.0,One of the men sounds distressed.,0.0
ixqvcjvte5q51_processed_2,ixqvcjvte5q51,5.0,2.0,1.0,"cars driving, train passing",1.0,One of the men sounds distressed.,0.0
ixqvcjvte5q51_processed_3,ixqvcjvte5q51,5.0,2.0,1.0,"train passing, gunshots, car driving",1.0,One of the men sounds distressed.,0.0
ixqvcjvte5q51_processed_4,ixqvcjvte5q51,5.0,2.0,1.0,"train passing, car driving",1.0,One of the men sounds distressed.,0.0
iysd8c9wksp61_processed_1,iysd8c9wksp61,36.0,5.0,2.0,wind blowing,3.0,The man is yelling and a little aggressive,0.0
iysd8c9wksp61_processed_3,iysd8c9wksp61,36.0,5.0,2.0,"wind blowing, laughing",3.0,The man is yelling and a little aggressive,0.0
iysd8c9wksp61_processed_4,iysd8c9wksp61,36.0,5.0,2.0,wind blowing,3.0,"The men sound calm, but one of them threeatens to drag the other",0.0
iysd8c9wksp61_processed_5,iysd8c9wksp61,36.0,5.0,1.0,,3.0,The man raises his voice,0.0
iysd8c9wksp61_processed_6,iysd8c9wksp61,36.0,5.0,2.0,,3.0,The man is yelling and a little aggressive,0.0
iysd8c9wksp61_processed_7,iysd8c9wksp61,36.0,5.0,1.0,,3.0,Ther are som raised voices,0.0
iysd8c9wksp61_processed_8,iysd8c9wksp61,36.0,5.0,1.0,,3.0,The man raises his voice and sounds a little aggressive,0.0
iysd8c9wksp61_processed_9,iysd8c9wksp61,36.0,5.0,2.0,,3.0,The man is yelling and aggressive,0.0
iysd8c9wksp61_processed_10,iysd8c9wksp61,36.0,5.0,1.0,,3.0,The men speak with raised voices and are a little aggressive,0.0
iysd8c9wksp61_processed_11,iysd8c9wksp61,36.0,5.0,2.0,chatter,3.0,"The man says ""back off"" aggressively",0.0
iysd8c9wksp61_processed_12,iysd8c9wksp61,36.0,5.0,1.0,chatter,3.0,Some people are raising their voice,0.0
iysd8c9wksp61_processed_13,iysd8c9wksp61,36.0,5.0,0.0,chatter,3.0,No aggression heard in the audio file.,0.0
iysd8c9wksp61_processed_14,iysd8c9wksp61,36.0,5.0,1.0,chatter,3.0,The man raises his voice aggressively.,0.0
iysd8c9wksp61_processed_15,iysd8c9wksp61,36.0,5.0,2.0,,3.0,One of the men is yelling aggressively,0.0
iysd8c9wksp61_processed_16,iysd8c9wksp61,36.0,5.0,2.0,,3.0,One of the men is yelling aggressively,0.0
iysd8c9wksp61_processed_17,iysd8c9wksp61,36.0,5.0,2.0,,3.0,Some people in the clip sound aggressive or have hostility in their voice,0.0
iysd8c9wksp61_processed_18,iysd8c9wksp61,36.0,5.0,2.0,,3.0,There is aggressive yelling in the clip,0.0
iysd8c9wksp61_processed_19,iysd8c9wksp61,36.0,5.0,1.0,,3.0,The men speak with raised voices and are a little aggressive,0.0
iysd8c9wksp61_processed_20,iysd8c9wksp61,36.0,5.0,1.0,Chatter,3.0,The man speak with raised voice and is a little aggressive,0.0
iysd8c9wksp61_processed_21,iysd8c9wksp61,36.0,5.0,1.0,chatter,3.0,The man speak with raised voice and is a little aggressive,0.0
iysd8c9wksp61_processed_22,iysd8c9wksp61,36.0,5.0,1.0,chatter,3.0,The woman speaks with a raised voice,0.0
iysd8c9wksp61_processed_23,iysd8c9wksp61,36.0,5.0,2.0,,3.0,The man yells aggressively for a moment,0.0
iysd8c9wksp61_processed_24,iysd8c9wksp61,36.0,5.0,1.0,Background chatter,3.0,The man raises his voice a little aggressively,0.0
iysd8c9wksp61_processed_25,iysd8c9wksp61,36.0,5.0,0.0,Background chatter,3.0,No aggression heard in the audio file.,0.0
iysd8c9wksp61_processed_26,iysd8c9wksp61,36.0,5.0,3.0,,3.0,One of the men yells back off in a threatening manner,0.0
iysd8c9wksp61_processed_27,iysd8c9wksp61,36.0,5.0,2.0,Voice on radio,3.0,one man yells aggressively,0.0
iysd8c9wksp61_processed_28,iysd8c9wksp61,36.0,5.0,1.0,,3.0,one man raises voice,0.0
iysd8c9wksp61_processed_29,iysd8c9wksp61,36.0,5.0,1.0,,3.0,one man raises voice,0.0
iysd8c9wksp61_processed_30,iysd8c9wksp61,36.0,5.0,1.0,,3.0,one man raises voice. Hostility in voice,0.0
iysd8c9wksp61_processed_31,iysd8c9wksp61,36.0,5.0,2.0,,3.0,The men yell at each other aggressively,0.0
iysd8c9wksp61_processed_32,iysd8c9wksp61,36.0,5.0,2.0,chatter,3.0,The men are hostile towards each other,0.0
iysd8c9wksp61_processed_33,iysd8c9wksp61,36.0,5.0,1.0,,3.0,one man raises his voice,0.0
iysd8c9wksp61_processed_34,iysd8c9wksp61,36.0,5.0,1.0,,3.0,one man raises his voice,0.0
iysd8c9wksp61_processed_35,iysd8c9wksp61,36.0,5.0,0.0,chatter,3.0,No aggression heard in the audio file.,0.0
iz7uro5jp6h51_processed_0,iz7uro5jp6h51,3.0,0.0,0.0,"percussion instruments, blowhorn, chanting",0.0,No aggression heard in the audio file.,1.0
iz7uro5jp6h51_processed_1,iz7uro5jp6h51,3.0,0.0,0.0,"percussion instruments, blowhorn, chanting",0.0,No aggression heard in the audio file.,1.0
iz7uro5jp6h51_processed_2,iz7uro5jp6h51,3.0,0.0,0.0,"percussion instruments, blowhorn, chanting",0.0,No aggression heard in the audio file.,1.0
j31kyenq65w61_processed_0,j31kyenq65w61,6.0,4.0,1.0,"beeping, gunshots",3.0,One man raises his voice a little aggressively,0.0
j31kyenq65w61_processed_1,j31kyenq65w61,6.0,4.0,1.0,"gunshots, explosions",3.0,One man raises his voice aggressively,0.0
j31kyenq65w61_processed_2,j31kyenq65w61,6.0,4.0,3.0,"gunshots, explosions",3.0,One man yells very aggressively and threateningly,0.0
j31kyenq65w61_processed_3,j31kyenq65w61,6.0,4.0,3.0,gunshots,3.0,One man yells very aggressively and threateningly,0.0
j31kyenq65w61_processed_4,j31kyenq65w61,6.0,4.0,3.0,laughing,3.0,One man yells very aggressively and threateningly,0.0
j31kyenq65w61_processed_5,j31kyenq65w61,6.0,4.0,1.0,"crowd cheering, beeping",3.0,One man raises his voice and uses abusive language,0.0
j3dbno0wg2r61_processed_0,j3dbno0wg2r61,4.0,1.0,1.0,distant chatter,1.0,The woman might be distressed,0.0
j3dbno0wg2r61_processed_1,j3dbno0wg2r61,4.0,1.0,1.0,,1.0,The woman might be distressed,0.0
j3dbno0wg2r61_processed_2,j3dbno0wg2r61,4.0,1.0,1.0,,1.0,The woman sounds distressed,0.0
j3dbno0wg2r61_processed_3,j3dbno0wg2r61,4.0,1.0,0.0,,1.0,No aggression heard in the audio file.,0.0
j44ahw16d8i61_processed_0,j44ahw16d8i61,2.0,2.0,1.0,"motor whirring, laughing, beeping",1.0,One person sounds distressed,0.0
j44ahw16d8i61_processed_1,j44ahw16d8i61,2.0,2.0,1.0,"motor whirring, laughing, beeping",1.0,One person sounds distressed,0.0
j63u4dxyfeq51_processed_0,j63u4dxyfeq51,10.0,2.0,1.0,,2.0,The men speak with raised voices.,0.0
j63u4dxyfeq51_processed_1,j63u4dxyfeq51,10.0,2.0,1.0,,2.0,The men raise their voices and are a little aggressive,0.0
j63u4dxyfeq51_processed_2,j63u4dxyfeq51,10.0,2.0,1.0,,2.0,The men raise their voices and are a little aggressive,0.0
j63u4dxyfeq51_processed_3,j63u4dxyfeq51,10.0,2.0,1.0,,2.0,The men raise their voices and are a little aggressive,0.0
j63u4dxyfeq51_processed_4,j63u4dxyfeq51,10.0,2.0,1.0,,2.0,The men raise their voices and are a little aggressive,0.0
j63u4dxyfeq51_processed_5,j63u4dxyfeq51,10.0,2.0,2.0,,2.0,The men raise their voices and yell at times.,0.0
j63u4dxyfeq51_processed_6,j63u4dxyfeq51,10.0,2.0,2.0,,2.0,The men raise their voices and yell at times.,0.0
j63u4dxyfeq51_processed_7,j63u4dxyfeq51,10.0,2.0,1.0,,2.0,The men raise their voices and are a little aggressive,0.0
j63u4dxyfeq51_processed_8,j63u4dxyfeq51,10.0,2.0,1.0,,2.0,The men raise their voices and are a little aggressive,0.0
j63u4dxyfeq51_processed_9,j63u4dxyfeq51,10.0,2.0,1.0,,2.0,The men raise their voices and are a little aggressive,0.0
jaw8pacgxmy51_processed_0,jaw8pacgxmy51,2.0,1.0,1.0,music,1.0,The man uses abusive language,0.0
jaw8pacgxmy51_processed_1,jaw8pacgxmy51,2.0,1.0,1.0,music,1.0,The man uses abusive language,0.0
jaz8mf2q2g161_processed_0,jaz8mf2q2g161,11.0,2.0,2.0,,3.0,The woman is in distress,0.0
jaz8mf2q2g161_processed_1,jaz8mf2q2g161,11.0,2.0,3.0,,3.0,The woman is in distress and begins screaming,0.0
jaz8mf2q2g161_processed_2,jaz8mf2q2g161,11.0,2.0,3.0,popping,3.0,The woman is in distress and begins screaming,0.0
jaz8mf2q2g161_processed_3,jaz8mf2q2g161,11.0,2.0,3.0,,3.0,The woman is in distress and begins screaming,0.0
jaz8mf2q2g161_processed_4,jaz8mf2q2g161,11.0,2.0,3.0,,3.0,The woman is in distress and begins screaming,0.0
jaz8mf2q2g161_processed_5,jaz8mf2q2g161,11.0,2.0,3.0,popping,3.0,The woman is in distress and begins screaming,0.0
jaz8mf2q2g161_processed_6,jaz8mf2q2g161,11.0,2.0,3.0,thrashing,3.0,The woman is in distress and begins screaming,0.0
jaz8mf2q2g161_processed_7,jaz8mf2q2g161,11.0,2.0,3.0,thrashing,3.0,The woman is in distress and begins screaming,0.0
jaz8mf2q2g161_processed_8,jaz8mf2q2g161,11.0,2.0,3.0,thrashing,3.0,The woman is in distress and begins screaming,0.0
jaz8mf2q2g161_processed_9,jaz8mf2q2g161,11.0,2.0,3.0,thrashing,3.0,The woman is in distress and begins screaming,0.0
jaz8mf2q2g161_processed_10,jaz8mf2q2g161,11.0,2.0,3.0,,3.0,The woman is in distress and begins screaming,0.0
jdvvplkvqij51_processed_0,jdvvplkvqij51,38.0,1.0,0.0,"whirring, voice on radio",3.0,No aggression heard in the audio file.,0.0
jdvvplkvqij51_processed_3,jdvvplkvqij51,38.0,3.0,3.0,"screaming, music",3.0,A woman is screaming and distressed,0.0
jdvvplkvqij51_processed_4,jdvvplkvqij51,38.0,3.0,1.0,"music, voice on radio",3.0,The conversation sounds a little aggressive,0.0
jdvvplkvqij51_processed_5,jdvvplkvqij51,38.0,3.0,1.0,beeping,3.0,No aggression heard in the audio file.,0.0
jdvvplkvqij51_processed_6,jdvvplkvqij51,38.0,3.0,1.0,car driving,3.0,A woman sounds distressed,0.0
jdvvplkvqij51_processed_7,jdvvplkvqij51,38.0,3.0,1.0,,3.0,No aggression heard in the audio file.,0.0
jdvvplkvqij51_processed_8,jdvvplkvqij51,38.0,3.0,1.0,voice on radio,3.0,No aggression heard in the audio file.,0.0
jdvvplkvqij51_processed_9,jdvvplkvqij51,38.0,3.0,2.0,voice on radio,3.0,One woman is yelling and sounds distressed,0.0
jdvvplkvqij51_processed_10,jdvvplkvqij51,38.0,3.0,2.0,"voice on radio, hich pitched whistle",3.0,one woman is distressed,0.0
jdvvplkvqij51_processed_11,jdvvplkvqij51,38.0,3.0,0.0,thud,3.0,No aggression heard in the audio file.,0.0
jdvvplkvqij51_processed_12,jdvvplkvqij51,38.0,3.0,3.0,beeping,3.0,The woman sounds distressed,0.0
jdvvplkvqij51_processed_14,jdvvplkvqij51,38.0,3.0,3.0,"Screaming, whirring",3.0,The woman is distressed,0.0
jdvvplkvqij51_processed_15,jdvvplkvqij51,38.0,3.0,1.0,"voice on radio, crying",3.0,The woman is distressed,0.0
jdvvplkvqij51_processed_16,jdvvplkvqij51,38.0,3.0,1.0,voice on radio,3.0,The woman raises her voice,0.0
jdvvplkvqij51_processed_17,jdvvplkvqij51,38.0,3.0,1.0,sirens,3.0,The woman is distressed,0.0
jdvvplkvqij51_processed_18,jdvvplkvqij51,38.0,3.0,2.0,whirring,3.0,The officer yells and sounds distressed,0.0
jdvvplkvqij51_processed_19,jdvvplkvqij51,38.0,3.0,3.0,"gunshots, beeping",3.0,The officer is screaming aggressively and threateningly,0.0
jdvvplkvqij51_processed_20,jdvvplkvqij51,38.0,3.0,1.0,beeping,3.0,The officer sounds a little aggressive,0.0
jdvvplkvqij51_processed_21,jdvvplkvqij51,38.0,3.0,1.0,"burping, moaning, beeping",3.0,The woman sounds distressed,0.0
jdvvplkvqij51_processed_23,jdvvplkvqij51,38.0,3.0,0.0,clearing throat,3.0,No aggression heard in the audio file.,0.0
jdvvplkvqij51_processed_24,jdvvplkvqij51,38.0,3.0,0.0,beeping,3.0,No aggression heard in the audio file.,0.0
jdvvplkvqij51_processed_25,jdvvplkvqij51,38.0,3.0,2.0,vopice on radio,3.0,There is yelling and raised voices in the clip,0.0
jdvvplkvqij51_processed_26,jdvvplkvqij51,38.0,3.0,1.0,"sirens, voice on radio, music",3.0,The woman sounds distressed,0.0
jdvvplkvqij51_processed_27,jdvvplkvqij51,38.0,3.0,2.0,car driving,3.0,The woman is distressed,0.0
jdvvplkvqij51_processed_28,jdvvplkvqij51,38.0,3.0,0.0,"whirring, voice on radio",3.0,No aggression heard in the audio file.,0.0
jdvvplkvqij51_processed_29,jdvvplkvqij51,38.0,3.0,0.0,voice on radio,3.0,No aggression heard in the audio file.,0.0
jdvvplkvqij51_processed_30,jdvvplkvqij51,38.0,3.0,3.0,"Beeping, wailing",3.0,The woman is distressed,0.0
jdvvplkvqij51_processed_31,jdvvplkvqij51,38.0,3.0,2.0,"moaning, beeping",3.0,The woman sounds distressed,0.0
jdvvplkvqij51_processed_32,jdvvplkvqij51,38.0,3.0,1.0,crying,3.0,The woman sounds distressed,0.0
jdvvplkvqij51_processed_33,jdvvplkvqij51,38.0,4.0,3.0,"voice on radio, moaning",3.0,The woman is yelling and distressed,0.0
jdvvplkvqij51_processed_34,jdvvplkvqij51,38.0,4.0,3.0,"beeping, moaning, screaming",3.0,The woman is distressed and screaming,0.0
jdvvplkvqij51_processed_35,jdvvplkvqij51,38.0,4.0,1.0,"sirens, voice on radio",3.0,The woman is distressed,0.0
jdvvplkvqij51_processed_36,jdvvplkvqij51,38.0,4.0,1.0,"beeping, crying",3.0,The woman is distressed,0.0
jfpb344h1zc71_processed_0,jfpb344h1zc71,20.0,2.0,0.0,"tv set, chatter, crumpling",3.0,No aggression heard in the audio file.,0.0
jfpb344h1zc71_processed_2,jfpb344h1zc71,20.0,2.0,0.0,"tv set, chatter, wind blowing, crying",3.0,No aggression heard in the audio file.,0.0
jfpb344h1zc71_processed_4,jfpb344h1zc71,20.0,2.0,0.0,chatter,3.0,No aggression heard in the audio file.,0.0
jfpb344h1zc71_processed_6,jfpb344h1zc71,20.0,2.0,3.0,"crumpling, crying, chatter, yelling, screaming",3.0,The crowd sounds distressed and is screaming,1.0
jfpb344h1zc71_processed_7,jfpb344h1zc71,20.0,2.0,3.0,"crying, screaming, chatter",3.0,The child is screaming and in distress,1.0
jfpb344h1zc71_processed_8,jfpb344h1zc71,20.0,2.0,3.0,chatter,3.0,one man yells aggressively,1.0
jfpb344h1zc71_processed_9,jfpb344h1zc71,20.0,2.0,0.0,"crumpling, chatter",3.0,No aggression heard in the audio file.,0.0
jfpb344h1zc71_processed_10,jfpb344h1zc71,20.0,2.0,3.0,"crumpling, chatter, dog barkingq",3.0,One man yells aggressively. Some people sound distressed,1.0
jfpb344h1zc71_processed_11,jfpb344h1zc71,20.0,2.0,2.0,"crumpling, chatter, yelling.",3.0,People are yelling aggressively or are in distress,1.0
jfpb344h1zc71_processed_13,jfpb344h1zc71,20.0,4.0,3.0,"yelling, screaming",3.0,Man yells threateningly. Man in distress,1.0
jfpb344h1zc71_processed_14,jfpb344h1zc71,20.0,4.0,3.0,"screaming, crying, yelling",3.0,child sounds distressed. Screaming in clip,1.0
jfpb344h1zc71_processed_15,jfpb344h1zc71,20.0,4.0,3.0,"crying, screaming.",3.0,child sounds distressed. Screaming in clip,1.0
jfpb344h1zc71_processed_16,jfpb344h1zc71,20.0,4.0,3.0,"chatter, yelling",3.0,man yelling aggressively and threateningly,1.0
jfpb344h1zc71_processed_17,jfpb344h1zc71,20.0,4.0,3.0,"crying, yelling",3.0,"The crowd sounds aggressive, Some are distressed",1.0
jfpb344h1zc71_processed_18,jfpb344h1zc71,20.0,4.0,0.0,chatter,3.0,No aggression heard in the audio file.,0.0
jfpb344h1zc71_processed_19,jfpb344h1zc71,20.0,4.0,0.0,chatter,3.0,No aggression heard in the audio file.,0.0
jgsdxqf0hjv61_processed_0,jgsdxqf0hjv61,11.0,1.0,0.0,,1.0,No aggression heard in the audio file.,0.0
jgsdxqf0hjv61_processed_1,jgsdxqf0hjv61,11.0,1.0,0.0,,1.0,No aggression heard in the audio file.,0.0
jgsdxqf0hjv61_processed_2,jgsdxqf0hjv61,11.0,1.0,0.0,,1.0,No aggression heard in the audio file.,0.0
jgsdxqf0hjv61_processed_3,jgsdxqf0hjv61,11.0,3.0,0.0,,1.0,No aggression heard in the audio file.,0.0
jgsdxqf0hjv61_processed_4,jgsdxqf0hjv61,11.0,3.0,1.0,,1.0,Woman raises her voice a little,0.0
jgsdxqf0hjv61_processed_5,jgsdxqf0hjv61,11.0,3.0,1.0,,1.0,Woman raises her voice a little,0.0
jgsdxqf0hjv61_processed_6,jgsdxqf0hjv61,11.0,3.0,1.0,,1.0,Woman raises her voice a little,0.0
jgsdxqf0hjv61_processed_7,jgsdxqf0hjv61,11.0,3.0,0.0,,1.0,No aggression heard in the audio file.,0.0
jgsdxqf0hjv61_processed_8,jgsdxqf0hjv61,11.0,3.0,0.0,,1.0,No aggression heard in the audio file.,0.0
jgsdxqf0hjv61_processed_9,jgsdxqf0hjv61,11.0,3.0,1.0,,1.0,Woman raises her voice a little,0.0
jgsdxqf0hjv61_processed_10,jgsdxqf0hjv61,11.0,3.0,1.0,,1.0,The man and woman raise their voices at each other aggressively,0.0
jjevlpsedyj51_processed_0,jjevlpsedyj51,6.0,0.0,0.0,loud music,0.0,No aggression heard in the audio file.,1.0
jjevlpsedyj51_processed_1,jjevlpsedyj51,6.0,0.0,0.0,loud music,0.0,No aggression heard in the audio file.,1.0
jjevlpsedyj51_processed_2,jjevlpsedyj51,6.0,0.0,0.0,loud music,0.0,No aggression heard in the audio file.,1.0
jjevlpsedyj51_processed_3,jjevlpsedyj51,6.0,0.0,0.0,loud music,0.0,No aggression heard in the audio file.,1.0
jjevlpsedyj51_processed_4,jjevlpsedyj51,6.0,0.0,0.0,loud music,0.0,No aggression heard in the audio file.,1.0
jjevlpsedyj51_processed_5,jjevlpsedyj51,6.0,0.0,0.0,loud music,0.0,No aggression heard in the audio file.,1.0
jmd1k25ytr961_processed_0,jmd1k25ytr961,3.0,2.0,3.0,"yelling, gunshots",3.0,The crowd sounds aggressive and is yelling,1.0
jmd1k25ytr961_processed_1,jmd1k25ytr961,3.0,2.0,3.0,"yelling, screaming",3.0,The crowd sounds aggressive an dthreatening and is yelling,1.0
jnvsmjehrco51_processed_0,jnvsmjehrco51,5.0,2.0,3.0,"screaming, music",3.0,A man is yelling aggressively and threateningly,1.0
jnvsmjehrco51_processed_1,jnvsmjehrco51,5.0,2.0,3.0,"screaming, music",3.0,A man is yelling aggressively and threateningly,1.0
jnvsmjehrco51_processed_2,jnvsmjehrco51,5.0,2.0,3.0,"screaming, music",3.0,A man is yelling aggressively and threateningly,1.0
jnvsmjehrco51_processed_3,jnvsmjehrco51,5.0,2.0,2.0,"music, yelling",3.0,A man is yelling aggressively.,1.0
jnvsmjehrco51_processed_4,jnvsmjehrco51,5.0,2.0,3.0,"music, yelling, beating",3.0,A man is yelling aggressively and threateningly,1.0
joov2x7x5vq51_processed_0,joov2x7x5vq51,9.0,2.0,0.0,,1.0,No aggression heard in the audio file.,0.0
joov2x7x5vq51_processed_1,joov2x7x5vq51,9.0,2.0,1.0,,1.0,Some people speak with raised voices,0.0
joov2x7x5vq51_processed_2,joov2x7x5vq51,9.0,2.0,0.0,,1.0,No aggression heard in the audio file.,0.0
joov2x7x5vq51_processed_3,joov2x7x5vq51,9.0,2.0,0.0,,1.0,No aggression heard in the audio file.,0.0
joov2x7x5vq51_processed_4,joov2x7x5vq51,9.0,2.0,0.0,,1.0,No aggression heard in the audio file.,0.0
joov2x7x5vq51_processed_5,joov2x7x5vq51,9.0,2.0,0.0,,1.0,No aggression heard in the audio file.,0.0
joov2x7x5vq51_processed_6,joov2x7x5vq51,9.0,2.0,0.0,,1.0,No aggression heard in the audio file.,0.0
joov2x7x5vq51_processed_7,joov2x7x5vq51,9.0,2.0,0.0,,1.0,No aggression heard in the audio file.,0.0
joov2x7x5vq51_processed_8,joov2x7x5vq51,9.0,2.0,1.0,,1.0,The man uses suggestive language,0.0
jqc1amydtoq51_processed_0,jqc1amydtoq51,4.0,1.0,1.0,crowd cheering,1.0,The man speaks with a raised voice,0.0
jqc1amydtoq51_processed_1,jqc1amydtoq51,4.0,1.0,0.0,crowd cheering,1.0,No aggression heard in the audio file.,0.0
jqc1amydtoq51_processed_2,jqc1amydtoq51,4.0,1.0,1.0,crowd cheering,1.0,The man speaks with a raised voice,0.0
jqc1amydtoq51_processed_3,jqc1amydtoq51,4.0,1.0,0.0,crowd cheering,1.0,No aggression heard in the audio file.,0.0
jqvgobjg9zm51_processed_0,jqvgobjg9zm51,2.0,3.0,2.0,"yelling, cheering, chatter",2.0,There is aggressive yelling and abusive language,1.0
jqvgobjg9zm51_processed_1,jqvgobjg9zm51,2.0,3.0,2.0,chatter,2.0,There is aggressive language,1.0
js3vutj4bbw51_processed_0,js3vutj4bbw51,6.0,3.0,1.0,,2.0,"Raised, frustrated voice",0.0
js3vutj4bbw51_processed_1,js3vutj4bbw51,6.0,3.0,1.0,,2.0,"aggressive, raised voice",0.0
js3vutj4bbw51_processed_2,js3vutj4bbw51,6.0,3.0,1.0,,2.0,"aggressive, raised voice",0.0
js3vutj4bbw51_processed_3,js3vutj4bbw51,6.0,3.0,1.0,,2.0,"aggressive, raised voice",0.0
js3vutj4bbw51_processed_4,js3vutj4bbw51,6.0,3.0,2.0,,2.0,"aggressive, raised voice. Some yelling",0.0
js3vutj4bbw51_processed_5,js3vutj4bbw51,6.0,3.0,2.0,,2.0,"aggressive, raised voice. Some yelling",0.0
jsbaj77ymtj61_processed_0,jsbaj77ymtj61,2.0,1.0,0.0,"yelling, cheering",0.0,The yelling is cheerful.,1.0
jsbaj77ymtj61_processed_1,jsbaj77ymtj61,2.0,1.0,0.0,"yelling, cheering",0.0,The yelling is cheerful,1.0
jw6rj3dnahd71_processed_0,jw6rj3dnahd71,2.0,0.0,2.0,"chatter, yelling",2.0,There are raised voices and yelling with some aggression,0.0
jw6rj3dnahd71_processed_1,jw6rj3dnahd71,2.0,0.0,2.0,"chatter, yelling",2.0,There are raised voices and yelling with some aggression,0.0
jwav7p0l1nw51_processed_0,jwav7p0l1nw51,6.0,6.0,0.0,"wind blowing, chatter, shuffling",1.0,No aggression heard in the audio file.,0.0
jwav7p0l1nw51_processed_1,jwav7p0l1nw51,6.0,6.0,1.0,wind blowing,1.0,One woman sounds a little aggressive,0.0
jwav7p0l1nw51_processed_2,jwav7p0l1nw51,6.0,6.0,1.0,wind blowing,1.0,One woman sounds a little aggressive,0.0
jwav7p0l1nw51_processed_3,jwav7p0l1nw51,6.0,6.0,1.0,wind blowing,1.0,One woman sounds a little aggressive,0.0
jwav7p0l1nw51_processed_4,jwav7p0l1nw51,6.0,6.0,1.0,wind blowing,1.0,Some women sound a little aggressive,0.0
jwav7p0l1nw51_processed_5,jwav7p0l1nw51,6.0,6.0,1.0,wind blowing,1.0,Some women and the man at the end sound a little aggressive,0.0
jwctkc1ckhz51_processed_1,jwctkc1ckhz51,2.0,1.0,3.0,"crowd yelling, chatter",3.0,The crowd sounds aggressive. Some people are threatening,1.0
k0ppi5f7ezl51_processed_0,k0ppi5f7ezl51,10.0,0.0,3.0,"yelling, shouting, chatter",3.0,The crowd sounds aggressive,1.0
k0ppi5f7ezl51_processed_1,k0ppi5f7ezl51,10.0,0.0,3.0,"yelling, shouting, screaming",3.0,The crowd sounds aggressive. Some sound threatening,1.0
k0ppi5f7ezl51_processed_2,k0ppi5f7ezl51,10.0,0.0,3.0,"yelling, shouting",3.0,The crowd sounds aggressive. Some sound threatening,1.0
k0ppi5f7ezl51_processed_3,k0ppi5f7ezl51,10.0,0.0,3.0,"yelling, shouting, screaming",3.0,The crowd sounds aggressive. Some sound threatening,1.0
k0ppi5f7ezl51_processed_4,k0ppi5f7ezl51,10.0,0.0,3.0,"yelling, shouting, screaming",3.0,The crowd sounds aggressive. Some sounds threatening,1.0
k0ppi5f7ezl51_processed_5,k0ppi5f7ezl51,10.0,0.0,3.0,"yelling, shouting",3.0,The crowd sounds aggressive and threatening.,1.0
k0ppi5f7ezl51_processed_6,k0ppi5f7ezl51,10.0,0.0,3.0,"yelling, shouting, screamingq",3.0,The crowd sounds aggressive and threatewning,1.0
k0ppi5f7ezl51_processed_7,k0ppi5f7ezl51,10.0,0.0,3.0,"yelling, shouting, screaming",3.0,The crowd sounds aggressive and threatening,1.0
k0ppi5f7ezl51_processed_8,k0ppi5f7ezl51,10.0,0.0,3.0,"yelling, shouting, screaming",3.0,The crowd soundsaggreassive andf threatening,1.0
k0ppi5f7ezl51_processed_9,k0ppi5f7ezl51,10.0,0.0,3.0,"yelling, shouting",3.0,The crowd sounds aggressive and threatening,1.0
k29lcqrimg771_processed_0,k29lcqrimg771,20.0,3.0,3.0,chatter,3.0,The man and the woman yell at each other aggressively and threateningly,0.0
k29lcqrimg771_processed_1,k29lcqrimg771,20.0,3.0,3.0,"chatter, yelling",3.0,The man and the woman yell at each other aggressively and threateningly,0.0
k29lcqrimg771_processed_2,k29lcqrimg771,20.0,3.0,3.0,"chatter, yelling, crying",3.0,There is aggressive yelling and one woman is in distress,0.0
k29lcqrimg771_processed_3,k29lcqrimg771,20.0,3.0,3.0,"chatter, yelling",3.0,There is aggressive and threatening yelling from the woman,0.0
k29lcqrimg771_processed_4,k29lcqrimg771,20.0,3.0,3.0,"chatter, yelling",3.0,The man and the woman yell at each other aggressively and threateningly,0.0
k29lcqrimg771_processed_5,k29lcqrimg771,20.0,3.0,2.0,"chatter, crying",3.0,There is some yelling. A woman is in distress,0.0
k29lcqrimg771_processed_6,k29lcqrimg771,20.0,3.0,2.0,"yelling, chatter",3.0,The man is yelling aggressively. A woman also yells,0.0
k29lcqrimg771_processed_7,k29lcqrimg771,20.0,3.0,3.0,"yelling, chatter, screaming",3.0,The people are yelling aggressively and threateningly,0.0
k29lcqrimg771_processed_8,k29lcqrimg771,20.0,3.0,2.0,yelling,3.0,There is yelling,0.0
k29lcqrimg771_processed_9,k29lcqrimg771,20.0,4.0,3.0,yelling,3.0,The woman yells aggressively and threateningly,0.0
k29lcqrimg771_processed_10,k29lcqrimg771,20.0,4.0,3.0,yelling,3.0,The man and woman yell at each other aggressively and threateningly,0.0
k29lcqrimg771_processed_11,k29lcqrimg771,20.0,4.0,3.0,yelling,3.0,The man and the woman yell at each other aggressively and threateningly,0.0
k29lcqrimg771_processed_12,k29lcqrimg771,20.0,4.0,3.0,"yelling, chatter",3.0,The woman yells aggressively and threateningly,0.0
k29lcqrimg771_processed_13,k29lcqrimg771,20.0,4.0,3.0,"yelling, chatter",3.0,The woman yells aggressively and threateningly,0.0
k29lcqrimg771_processed_14,k29lcqrimg771,20.0,4.0,2.0,"yelling, chatter",3.0,The woman yells aggressively. The man is threatening,0.0
k29lcqrimg771_processed_15,k29lcqrimg771,20.0,4.0,3.0,"yelling, chatter",3.0,The woman yells aggressively and threateningly,0.0
k29lcqrimg771_processed_16,k29lcqrimg771,20.0,4.0,2.0,"yelling, crying, chatter, screaming",3.0,There is yelling and some people are distyressed,0.0
k29lcqrimg771_processed_17,k29lcqrimg771,20.0,4.0,2.0,yelling,3.0,The man sounds aggressive. The woman sounds distressed,0.0
k29lcqrimg771_processed_18,k29lcqrimg771,20.0,4.0,2.0,"chatter, yelling",3.0,One man yells aggressively. A woman speaks aggressively,0.0
k29lcqrimg771_processed_19,k29lcqrimg771,20.0,4.0,2.0,yelling,3.0,There is yelling in the clip.,0.0
k4d2xhyvw4h61_processed_1,k4d2xhyvw4h61,29.0,2.0,1.0,"music, chatter",2.0,man raises voice and is aggressive,0.0
k4d2xhyvw4h61_processed_2,k4d2xhyvw4h61,29.0,2.0,2.0,"music, chatter",2.0,Man yells aggressively,0.0
k4d2xhyvw4h61_processed_3,k4d2xhyvw4h61,29.0,2.0,1.0,"music, chatter",2.0,man raises voice and is aggressive,0.0
k4d2xhyvw4h61_processed_4,k4d2xhyvw4h61,29.0,2.0,0.0,"music, chatter",2.0,No aggression heard in the audio file.,0.0
k4d2xhyvw4h61_processed_5,k4d2xhyvw4h61,29.0,3.0,2.0,music,2.0,Man yells aggressively at times,0.0
k4d2xhyvw4h61_processed_6,k4d2xhyvw4h61,29.0,3.0,2.0,music,2.0,man yells aggressively and uses abusive language,0.0
k4d2xhyvw4h61_processed_7,k4d2xhyvw4h61,29.0,3.0,1.0,"music, chatter",2.0,man raises voice and is aggressive,0.0
k4d2xhyvw4h61_processed_8,k4d2xhyvw4h61,29.0,3.0,1.0,"music, laughing",2.0,man raises voice and is aggressive,0.0
k4d2xhyvw4h61_processed_9,k4d2xhyvw4h61,29.0,3.0,1.0,music,2.0,"manis threatening, but only raises voice",0.0
k4d2xhyvw4h61_processed_10,k4d2xhyvw4h61,29.0,3.0,0.0,"music, chatter",2.0,No aggression heard in the audio file.,0.0
k4d2xhyvw4h61_processed_11,k4d2xhyvw4h61,29.0,3.0,1.0,"music, chatter",2.0,man raises voice and is aggressive,0.0
k4d2xhyvw4h61_processed_12,k4d2xhyvw4h61,29.0,3.0,1.0,"music, chatter",2.0,man raises voice and is aggressive,0.0
k4d2xhyvw4h61_processed_13,k4d2xhyvw4h61,29.0,3.0,1.0,"music, chatter",2.0,man raises voice and is aggressive,0.0
k4d2xhyvw4h61_processed_14,k4d2xhyvw4h61,29.0,3.0,1.0,"music, chatter",2.0,man raises voice and is aggressive,0.0
k4d2xhyvw4h61_processed_15,k4d2xhyvw4h61,29.0,3.0,1.0,music,2.0,man raises voice and is aggressive,0.0
k4d2xhyvw4h61_processed_16,k4d2xhyvw4h61,29.0,3.0,1.0,"music, chatter",2.0,man raises voice and is aggressive,0.0
k4d2xhyvw4h61_processed_17,k4d2xhyvw4h61,29.0,3.0,1.0,"music, chatter",2.0,man raises voice and is aggressive,0.0
k4d2xhyvw4h61_processed_18,k4d2xhyvw4h61,29.0,3.0,1.0,"music, chatter",2.0,man raises voice and is aggressive,0.0
k4d2xhyvw4h61_processed_19,k4d2xhyvw4h61,29.0,3.0,1.0,"music, chatter",2.0,man raises voice and is aggressive,0.0
k4d2xhyvw4h61_processed_20,k4d2xhyvw4h61,29.0,3.0,1.0,"music, chatter",2.0,man raises voice and is aggressive,0.0
k4d2xhyvw4h61_processed_21,k4d2xhyvw4h61,29.0,3.0,2.0,"music, chatter",2.0,man raises voice and is threatening. Other man may be distressed,0.0
k4d2xhyvw4h61_processed_22,k4d2xhyvw4h61,29.0,3.0,1.0,music,2.0,man raises voice and is aggressive,0.0
k4d2xhyvw4h61_processed_23,k4d2xhyvw4h61,29.0,3.0,1.0,"music, chatter",2.0,man raises voice and is aggressive,0.0
k4d2xhyvw4h61_processed_24,k4d2xhyvw4h61,29.0,3.0,1.0,"music, chatter",2.0,man raises voice and is aggressive,0.0
k4d2xhyvw4h61_processed_25,k4d2xhyvw4h61,29.0,3.0,2.0,"music, chatter",2.0,man yells aggressively,0.0
k4d2xhyvw4h61_processed_26,k4d2xhyvw4h61,29.0,3.0,1.0,"music, chatter",2.0,"man threatens to sue and is aggressive, but only raises his voice",0.0
k4d2xhyvw4h61_processed_27,k4d2xhyvw4h61,29.0,3.0,1.0,music,2.0,man raises voice and is aggressive,0.0
k4d2xhyvw4h61_processed_28,k4d2xhyvw4h61,29.0,3.0,1.0,music,2.0,man raises voice and is aggressive,0.0
k4nczw018o271_processed_0,k4nczw018o271,6.0,3.0,0.0,"music, chatter",1.0,No aggression heard in the audio file.,1.0
k4nczw018o271_processed_1,k4nczw018o271,6.0,3.0,1.0,"music, chatter, laughing",1.0,"The man raises his voice, possibly aggresively",1.0
k4nczw018o271_processed_2,k4nczw018o271,6.0,3.0,0.0,"music, chatter, laughing",1.0,No aggression heard in the audio file.,1.0
k4nczw018o271_processed_3,k4nczw018o271,6.0,3.0,0.0,"music, chatter, laughing",1.0,No aggression heard in the audio file.,1.0
k4nczw018o271_processed_4,k4nczw018o271,6.0,3.0,1.0,"music, chatter, laughing",1.0,Man speaks a little aggressively at times,1.0
k4nczw018o271_processed_5,k4nczw018o271,6.0,3.0,1.0,"music, chatter, laughing",1.0,Man speaks a little aggressively,1.0
k8cbglj7q2y51_processed_0,k8cbglj7q2y51,6.0,0.0,0.0,loud music,0.0,No aggression heard in the audio file. (file was documented earlier),1.0
k8cbglj7q2y51_processed_1,k8cbglj7q2y51,6.0,0.0,0.0,loud music,0.0,No aggression heard in the audio file.,1.0
k8cbglj7q2y51_processed_2,k8cbglj7q2y51,6.0,0.0,0.0,loud music,0.0,No aggression heard in the audio file.,1.0
k8cbglj7q2y51_processed_3,k8cbglj7q2y51,6.0,0.0,0.0,loud music,0.0,No aggression heard in the audio file.,1.0
k8cbglj7q2y51_processed_4,k8cbglj7q2y51,6.0,0.0,0.0,loud music,0.0,No aggression heard in the audio file.,1.0
k8cbglj7q2y51_processed_5,k8cbglj7q2y51,6.0,0.0,0.0,loud music,0.0,No aggression heard in the audio file.,1.0
k8d2pey92h371_processed_0,k8d2pey92h371,8.0,2.0,2.0,,2.0,Man speaks aggressively and threateningly,0.0
k8d2pey92h371_processed_1,k8d2pey92h371,8.0,2.0,2.0,chatter,2.0,Man speaks aggressively and threateningly,0.0
k8d2pey92h371_processed_2,k8d2pey92h371,8.0,2.0,1.0,chatter,2.0,Man speaks aggressively.,0.0
k8d2pey92h371_processed_3,k8d2pey92h371,8.0,2.0,2.0,chatter,2.0,Man speaks aggressively and threateningly,0.0
k8d2pey92h371_processed_4,k8d2pey92h371,8.0,3.0,2.0,chatter,2.0,Man speaks aggressively and threateningly,0.0
k8d2pey92h371_processed_5,k8d2pey92h371,8.0,3.0,2.0,chatter,2.0,Man speaks aggressively and begins yelling,0.0
k8d2pey92h371_processed_6,k8d2pey92h371,8.0,3.0,2.0,chatter,2.0,Man speaks aggressively and yells,0.0
k8d2pey92h371_processed_7,k8d2pey92h371,8.0,3.0,2.0,chatter,2.0,Man speaks aggressively and yells,0.0
kb7len1wvzn61_processed_0,kb7len1wvzn61,17.0,5.0,0.0,sirens,2.0,No aggression heard in the audio file.,0.0
kb7len1wvzn61_processed_1,kb7len1wvzn61,17.0,5.0,2.0,helicopter whirring,2.0,One man yells aggressively,0.0
kb7len1wvzn61_processed_2,kb7len1wvzn61,17.0,5.0,2.0,helicopter whirring,2.0,One man yells aggressively,0.0
kb7len1wvzn61_processed_3,kb7len1wvzn61,17.0,5.0,0.0,,2.0,No aggression heard in the audio file.,0.0
kb7len1wvzn61_processed_4,kb7len1wvzn61,17.0,5.0,1.0,voice on radio,2.0,The person on the radio raises their voice.,0.0
kb7len1wvzn61_processed_5,kb7len1wvzn61,17.0,5.0,1.0,voice on radio,2.0,The man speaks a little aggressively at times,0.0
kb7len1wvzn61_processed_6,kb7len1wvzn61,17.0,5.0,1.0,helicopter whirring,2.0,The man raises his voice aggressively.,0.0
kb7len1wvzn61_processed_7,kb7len1wvzn61,17.0,5.0,1.0,,2.0,The man speaks a little aggressively at times,0.0
kb7len1wvzn61_processed_8,kb7len1wvzn61,17.0,5.0,1.0,,2.0,one man sounds a little agitated,0.0
kb7len1wvzn61_processed_9,kb7len1wvzn61,17.0,5.0,1.0,Crying,2.0,The woman sounds distressed and is crying,0.0
kb7len1wvzn61_processed_10,kb7len1wvzn61,17.0,5.0,0.0,helicopter whirring,2.0,No aggression heard in the audio file.,0.0
kb7len1wvzn61_processed_11,kb7len1wvzn61,17.0,5.0,0.0,"helicopter whirring, voice on radio",2.0,No aggression heard in the audio file.,0.0
kb7len1wvzn61_processed_12,kb7len1wvzn61,17.0,5.0,0.0,,2.0,No aggression heard in the audio file.,0.0
kb7len1wvzn61_processed_13,kb7len1wvzn61,17.0,5.0,0.0,,2.0,No aggression heard in the audio file.,0.0
kb7len1wvzn61_processed_14,kb7len1wvzn61,17.0,5.0,0.0,,2.0,No aggression heard in the audio file.,0.0
kb7len1wvzn61_processed_15,kb7len1wvzn61,17.0,5.0,0.0,,2.0,No aggression heard in the audio file.,0.0
kb7len1wvzn61_processed_16,kb7len1wvzn61,17.0,5.0,0.0,,2.0,No aggression hear in the audio file.,0.0
keakf8pvpga71_processed_0,keakf8pvpga71,3.0,0.0,2.0,yelling,3.0,The people are yelling aggressively,0.0
keakf8pvpga71_processed_1,keakf8pvpga71,3.0,0.0,3.0,yelling,3.0,The people are yelling aggressively and threateningly,0.0
keakf8pvpga71_processed_2,keakf8pvpga71,3.0,0.0,3.0,yelling,3.0,The people are yelling aggressively and threateningly,0.0
kh8stmjw59v51_processed_0,kh8stmjw59v51,6.0,2.0,0.0,cars passing,3.0,No aggression heard in the audio file,0.0
kh8stmjw59v51_processed_1,kh8stmjw59v51,6.0,2.0,0.0,"cars passing, children yelling",3.0,No aggression,0.0
kh8stmjw59v51_processed_2,kh8stmjw59v51,6.0,2.0,0.0,"cars passing, cars honking",3.0,No aggression heard in the audio file,0.0
kh8stmjw59v51_processed_3,kh8stmjw59v51,6.0,2.0,1.0,"cars passing, cars honking",3.0,The men argue aggressively with each other,0.0
kh8stmjw59v51_processed_4,kh8stmjw59v51,6.0,2.0,3.0,cars passing,3.0,The men yell at each other aggressively. One is threatening,0.0
kh8stmjw59v51_processed_5,kh8stmjw59v51,6.0,2.0,1.0,,3.0,One man raises his voice aggressively.,0.0
khh6glbn0ip51_processed_0,khh6glbn0ip51,3.0,0.0,0.0,"screaming, giggling, muffled roaring",0.0,"The children are screaming, but in excitement.",0.0
khh6glbn0ip51_processed_1,khh6glbn0ip51,3.0,0.0,0.0,"screaming, giggling.",0.0,"The children are screaming, but in excitement.",0.0
khh6glbn0ip51_processed_2,khh6glbn0ip51,3.0,0.0,0.0,giggling,0.0,No aggression heard in the audio file.,0.0
kimd39lc5cv61_processed_0,kimd39lc5cv61,5.0,2.0,0.0,wind blowing,0.0,There is no aggression heard in the audio file,0.0
kimd39lc5cv61_processed_1,kimd39lc5cv61,5.0,3.0,0.0,voice on radio,0.0,There is no aggression heard in the audio file,0.0
kimd39lc5cv61_processed_2,kimd39lc5cv61,5.0,3.0,1.0,,1.0,The lady raises her voice a little,0.0
kimd39lc5cv61_processed_3,kimd39lc5cv61,5.0,3.0,1.0,Voice on radio,1.0,One of the women raises her voice.,0.0
kimd39lc5cv61_processed_4,kimd39lc5cv61,5.0,3.0,1.0,,1.0,One of the women raises her voice,0.0
krrvkof915n51_processed_0,krrvkof915n51,4.0,2.0,2.0,chatter,2.0,The girl is yelling and uses abusive language.,0.0
krrvkof915n51_processed_1,krrvkof915n51,4.0,2.0,2.0,"yelling, chatter",2.0,The girl is yelling aggressive and uses abusive language,0.0
krrvkof915n51_processed_2,krrvkof915n51,4.0,2.0,2.0,chatter,2.0,The girl is yelling aggressively,0.0
krrvkof915n51_processed_3,krrvkof915n51,4.0,2.0,0.0,chatter,2.0,There is no aggression heard in the audio file,0.0
kyf5hxmsapc61_processed_0,kyf5hxmsapc61,8.0,4.0,0.0,,0.0,There is no aggression heard in the audio file,0.0
kyf5hxmsapc61_processed_1,kyf5hxmsapc61,8.0,4.0,0.0,chatter,0.0,There is no aggression heard in the audio file,0.0
kyf5hxmsapc61_processed_2,kyf5hxmsapc61,8.0,4.0,0.0,chatter,0.0,There is no aggression heard in the audio file,0.0
kyf5hxmsapc61_processed_3,kyf5hxmsapc61,8.0,4.0,0.0,chatter,0.0,There is no aggression heard in the audio file,0.0
kyf5hxmsapc61_processed_4,kyf5hxmsapc61,8.0,4.0,0.0,,0.0,There is no aggression heard in the audio file,0.0
kyf5hxmsapc61_processed_5,kyf5hxmsapc61,8.0,4.0,0.0,,0.0,There is no aggression heard in the audio file,0.0
kyf5hxmsapc61_processed_6,kyf5hxmsapc61,8.0,4.0,0.0,,0.0,There is no aggression heard in the audio file,0.0
kyf5hxmsapc61_processed_7,kyf5hxmsapc61,8.0,4.0,0.0,,0.0,There is no aggression heard in the audio file,0.0
kzdw1tdt7zk51_processed_0,kzdw1tdt7zk51,3.0,2.0,0.0,laughing,0.0,There is no aggression heard in the audio file,0.0
kzdw1tdt7zk51_processed_1,kzdw1tdt7zk51,3.0,2.0,0.0,"laughing, screaming",0.0,"The screaming is not in distress, but just an extension of the laughing",0.0
kzdw1tdt7zk51_processed_2,kzdw1tdt7zk51,3.0,2.0,0.0,"laughing, car driving",0.0,There is no aggression heard in the audio file,0.0
l0b28n2jmnx51_processed_0,l0b28n2jmnx51,7.0,0.0,0.0,"loud music, crowd singing",0.0,There is no aggression heard in the audio file,1.0
l0b28n2jmnx51_processed_1,l0b28n2jmnx51,7.0,0.0,0.0,"loud music,  crowd singing",0.0,There is no aggression heard in the audio file,1.0
l0b28n2jmnx51_processed_2,l0b28n2jmnx51,7.0,0.0,0.0,"loud music, crowd singing, chatter",0.0,There is no aggression heard in the audio file,1.0
l0b28n2jmnx51_processed_3,l0b28n2jmnx51,7.0,0.0,0.0,"loud music, crowd singing, chatter",0.0,There is no aggression heard in the audio file,1.0
l0b28n2jmnx51_processed_4,l0b28n2jmnx51,7.0,0.0,0.0,"loud music, crowd singing, chatter",0.0,There is no aggression heard in the audio file,1.0
l0b28n2jmnx51_processed_5,l0b28n2jmnx51,7.0,0.0,0.0,"loud music, crwod singing, chatter",0.0,There is no aggression heard in the audio file,1.0
l0b28n2jmnx51_processed_6,l0b28n2jmnx51,7.0,0.0,0.0,"loud music, chatter",0.0,There is no aggression heard in the audio file,1.0
l1jhg9hs0ub61_processed_0,l1jhg9hs0ub61,5.0,1.0,1.0,laughing,1.0,The man raises his voice a little at the start.,0.0
l1jhg9hs0ub61_processed_1,l1jhg9hs0ub61,5.0,1.0,0.0,laughing,1.0,There is no aggression heard in the audio file,0.0
l1jhg9hs0ub61_processed_2,l1jhg9hs0ub61,5.0,1.0,0.0,"laughing, cheering, dinging, music",1.0,There is no aggression heard in the audio file,1.0
l1jhg9hs0ub61_processed_3,l1jhg9hs0ub61,5.0,1.0,0.0,"laughing, cheering, dinging, music, clapping",1.0,There is no aggression heard in the audio file,1.0
l1jhg9hs0ub61_processed_4,l1jhg9hs0ub61,5.0,1.0,0.0,"laughing, cheering, dinging, music, clapping",1.0,There is no aggression heard in the audio file,1.0
l2mjvi42vri51_processed_0,l2mjvi42vri51,5.0,3.0,0.0,"loud music, laughing, chatter",0.0,There is no aggression heard in the audio file,1.0
l2mjvi42vri51_processed_1,l2mjvi42vri51,5.0,3.0,0.0,"loud music, laughing, chatter",0.0,There is no aggression heard in the audio file,1.0
l2mjvi42vri51_processed_2,l2mjvi42vri51,5.0,3.0,0.0,"loud music, laughing, chatter",0.0,There is no aggression heard in the audio file,1.0
l2mjvi42vri51_processed_3,l2mjvi42vri51,5.0,3.0,0.0,"loud music, chatter, beeping",0.0,There is no aggression heard in the audio file,1.0
l2mjvi42vri51_processed_4,l2mjvi42vri51,5.0,3.0,0.0,"loud music, chatter",0.0,The woman raises her voice in joy,1.0
l55kkjq5hme71_processed_0,l55kkjq5hme71,22.0,3.0,3.0,"beeping, chatter",3.0,One man sounds aggressive and threatening,0.0
l55kkjq5hme71_processed_3,l55kkjq5hme71,22.0,4.0,2.0,"beeping, yelling",3.0,The man sounds aggressive and threatening,0.0
l55kkjq5hme71_processed_4,l55kkjq5hme71,22.0,4.0,3.0,"beeping, yelling",3.0,The man sounds aggressive and threatening,0.0
l55kkjq5hme71_processed_5,l55kkjq5hme71,22.0,4.0,2.0,yelling,3.0,The woman is yelling and distressed,0.0
l55kkjq5hme71_processed_6,l55kkjq5hme71,22.0,4.0,2.0,"beeping, yelling",3.0,There is yelling in the clip. The man sounds aggressive,0.0
l55kkjq5hme71_processed_7,l55kkjq5hme71,22.0,4.0,3.0,"beeping, yelling",3.0,The man is aggressive and threatening. He yells and uses abusive language,0.0
l55kkjq5hme71_processed_8,l55kkjq5hme71,22.0,4.0,2.0,"beeping, yelling",3.0,The man yells aggressively,0.0
l55kkjq5hme71_processed_9,l55kkjq5hme71,22.0,5.0,2.0,"sirens, water running",3.0,The woman yells aggressively. The man speaks aggressively in a raised voice,0.0
l55kkjq5hme71_processed_10,l55kkjq5hme71,22.0,5.0,3.0,sirens,3.0,The woman yells aggressively and threateningly,0.0
l55kkjq5hme71_processed_11,l55kkjq5hme71,22.0,5.0,2.0,"sirens, beeping",3.0,The man yells aggressively,0.0
l55kkjq5hme71_processed_12,l55kkjq5hme71,22.0,5.0,2.0,gunshots,3.0,The man yells and is aggressive,0.0
l55kkjq5hme71_processed_13,l55kkjq5hme71,22.0,5.0,1.0,beeping,3.0,The man is aggressive and uses abusive language,0.0
l55kkjq5hme71_processed_14,l55kkjq5hme71,22.0,5.0,2.0,"water running, dog barking",3.0,The woman yells aggressively. A man raises his voice and is aggressive,0.0
l55kkjq5hme71_processed_15,l55kkjq5hme71,22.0,5.0,2.0,"beeping, chatter, sirens",3.0,The man yells and is aggressive,0.0
l55kkjq5hme71_processed_16,l55kkjq5hme71,22.0,5.0,2.0,"sirens, yelling, beeping, gunshots",3.0,The woman yells aggressively or is on distress,0.0
l55kkjq5hme71_processed_17,l55kkjq5hme71,22.0,5.0,2.0,"gunshots, dog barking, yelling",3.0,A girl is in distress and yells,0.0
l55kkjq5hme71_processed_18,l55kkjq5hme71,22.0,5.0,2.0,yelling,3.0,The woman and the man yell aggressively at each other,0.0
l55kkjq5hme71_processed_19,l55kkjq5hme71,22.0,5.0,3.0,"yelling, beeping",3.0,The woman yells aggressively and threateningly,0.0
l55kkjq5hme71_processed_20,l55kkjq5hme71,22.0,5.0,3.0,"beeping, yelling, gunshots, chatter",3.0,The man yells aggressively and threateningly. He uses abusive language.,0.0
l55kkjq5hme71_processed_21,l55kkjq5hme71,22.0,5.0,3.0,"yelling, beeping, screaming",3.0,The woman screams and is distressed,0.0
l7m9wc4jw0k61_processed_0,l7m9wc4jw0k61,1.0,2.0,0.0,"laughing, chatter",0.0,There is no aggression heard in the audio file,0.0
l9wqkwwvmeh51_processed_0,l9wqkwwvmeh51,4.0,3.0,2.0,,2.0,The man and woman are yelling aggressively at each other,0.0
l9wqkwwvmeh51_processed_1,l9wqkwwvmeh51,4.0,3.0,2.0,laughing,2.0,The man and the woman yell at each other aggressively,0.0
l9wqkwwvmeh51_processed_2,l9wqkwwvmeh51,4.0,3.0,2.0,,2.0,The man and the woman yell at each other aggressively. The man uses abusive language,0.0
l9wqkwwvmeh51_processed_3,l9wqkwwvmeh51,4.0,3.0,2.0,music,2.0,The man and the woman yell at each other aggressively. One man uses suggestive language.,0.0
lcon21qheeu61_processed_0,lcon21qheeu61,9.0,3.0,0.0,,1.0,No aggression heard in the audio file.,0.0
lcon21qheeu61_processed_1,lcon21qheeu61,9.0,3.0,0.0,"notification, clapping, cheering",1.0,"The raised voices are not aggressive, but happy",0.0
lcon21qheeu61_processed_2,lcon21qheeu61,9.0,3.0,0.0,,1.0,No aggression heard in the audio file.,0.0
lcon21qheeu61_processed_3,lcon21qheeu61,9.0,3.0,1.0,"clapping, yelling",1.0,One woman sounds a little aggressive when speaking,0.0
lcon21qheeu61_processed_4,lcon21qheeu61,9.0,3.0,0.0,"clapping, chatter",1.0,No aggression heard in the audio file.,0.0
lcon21qheeu61_processed_5,lcon21qheeu61,9.0,3.0,0.0,"cheering, screaming, yelling",1.0,The screaming and yelling is cheerful,0.0
lcon21qheeu61_processed_6,lcon21qheeu61,9.0,3.0,0.0,"crumpling/shuffling, chatter",1.0,No aggression heard in the audio file.,0.0
lcon21qheeu61_processed_7,lcon21qheeu61,9.0,3.0,0.0,crumpling/shuffling.,1.0,No aggression heard in the audio file,0.0
lcon21qheeu61_processed_8,lcon21qheeu61,9.0,3.0,0.0,,1.0,No aggression hear in the audio file.,0.0
ld05uslat3n51_processed_4,ld05uslat3n51,5.0,0.0,2.0,"popping, flares, yelling",2.0,The background yelling sounds aggressive,1.0
lfdoom4uwse61_processed_0,lfdoom4uwse61,3.0,2.0,0.0,music,0.0,No aggression heard in the audio file.,0.0
lfdoom4uwse61_processed_1,lfdoom4uwse61,3.0,2.0,0.0,"laughing, music",0.0,No aggression heard in the audio file.,0.0
lfdoom4uwse61_processed_2,lfdoom4uwse61,3.0,2.0,0.0,"laughing, music",0.0,No aggression heard in the audio clip.,0.0
lfg4iexhiys61_processed_0,lfg4iexhiys61,9.0,3.0,0.0,"chatter, personal radio beeping",1.0,There is no aggression heard in the audio file,0.0
lfg4iexhiys61_processed_1,lfg4iexhiys61,9.0,3.0,0.0,chatter,1.0,There is no aggression heard in the audio file,0.0
lfg4iexhiys61_processed_2,lfg4iexhiys61,9.0,3.0,0.0,chatter,1.0,There is no aggression heard in the audio file,0.0
lfg4iexhiys61_processed_3,lfg4iexhiys61,9.0,3.0,1.0,chatter,1.0,One man in the background sounds a little threatening,0.0
lfg4iexhiys61_processed_4,lfg4iexhiys61,9.0,3.0,0.0,chatter,1.0,There is no aggression heard in the audio file,0.0
lfg4iexhiys61_processed_5,lfg4iexhiys61,9.0,3.0,0.0,"chatter, thuds",1.0,There is no aggression heard in the audio file,0.0
lfg4iexhiys61_processed_6,lfg4iexhiys61,9.0,3.0,0.0,chatter,1.0,"The person raises their voice, but in excitement",0.0
lfg4iexhiys61_processed_7,lfg4iexhiys61,9.0,3.0,0.0,chatter,1.0,There is no aggression heard in the audio file,0.0
lfg4iexhiys61_processed_8,lfg4iexhiys61,9.0,3.0,0.0,chatter,1.0,There is no aggression heard in the audio file,0.0
lh3iydldr7b61_processed_0,lh3iydldr7b61,12.0,3.0,0.0,,1.0,There is no aggression heard in the audio file,0.0
lh3iydldr7b61_processed_1,lh3iydldr7b61,12.0,3.0,0.0,,1.0,There is no aggression heard in the audio file,0.0
lh3iydldr7b61_processed_2,lh3iydldr7b61,12.0,3.0,0.0,,1.0,There is no aggression heard in the audio file,0.0
lh3iydldr7b61_processed_3,lh3iydldr7b61,12.0,3.0,1.0,,1.0,Some people are raising their voice aggressively,0.0
lh3iydldr7b61_processed_4,lh3iydldr7b61,12.0,3.0,1.0,laughing,1.0,Some people are raising their voice aggressively,0.0
lh3iydldr7b61_processed_5,lh3iydldr7b61,12.0,3.0,0.0,,1.0,There is no aggression heard in the audio file,0.0
lh3iydldr7b61_processed_6,lh3iydldr7b61,12.0,3.0,0.0,,1.0,There is no aggression heard in the audio file,0.0
lh3iydldr7b61_processed_7,lh3iydldr7b61,12.0,3.0,1.0,,1.0,The woman speaks with a raised voice,0.0
lh3iydldr7b61_processed_8,lh3iydldr7b61,12.0,3.0,1.0,,1.0,The woman raises her voice aggressively,0.0
lh3iydldr7b61_processed_9,lh3iydldr7b61,12.0,3.0,0.0,,1.0,There is no aggression heard in the audio file,0.0
lh3iydldr7b61_processed_10,lh3iydldr7b61,12.0,3.0,1.0,,1.0,The woman begins to raise her voice aggressively,0.0
lh3iydldr7b61_processed_11,lh3iydldr7b61,12.0,3.0,0.0,,1.0,There is no aggression heard in the audio file,0.0
lirb4nup0oy51_processed_0,lirb4nup0oy51,5.0,3.0,1.0,cars passing,1.0,The man raises his voice aggressively.,0.0
lirb4nup0oy51_processed_1,lirb4nup0oy51,5.0,3.0,0.0,,1.0,There is no aggression heard in the audio file,0.0
lirb4nup0oy51_processed_2,lirb4nup0oy51,5.0,3.0,0.0,,1.0,There is no aggression heard in the audio file,0.0
lirb4nup0oy51_processed_3,lirb4nup0oy51,5.0,3.0,0.0,,1.0,There is no aggression heard in the audio file,0.0
lirb4nup0oy51_processed_4,lirb4nup0oy51,5.0,3.0,0.0,car driving,1.0,There is no aggression heard in the audio file,0.0
lkn93q30qvc61_processed_1,lkn93q30qvc61,3.0,4.0,3.0,yelling,3.0,One man yells aggressively and threateningly. Others use abusive language,1.0
lkn93q30qvc61_processed_2,lkn93q30qvc61,3.0,4.0,3.0,yelling,3.0,People in the crowd are aggressive or possibly distressed. One man uses abusive language,1.0
lmx1eh0uqn171_processed_0,lmx1eh0uqn171,20.0,4.0,1.0,"chatter, yelling",1.0,People are aggressively raising their voices,0.0
lmx1eh0uqn171_processed_1,lmx1eh0uqn171,20.0,4.0,1.0,"chatter, yelling, laughing",1.0,People are aggressively raising their voices,0.0
lng2m9l4j2w61_processed_0,lng2m9l4j2w61,6.0,2.0,0.0,,0.0,There is no aggression heard in the audio file,0.0
lng2m9l4j2w61_processed_1,lng2m9l4j2w61,6.0,2.0,0.0,,0.0,There is no aggression heard in the audio file,0.0
lng2m9l4j2w61_processed_2,lng2m9l4j2w61,6.0,2.0,0.0,,0.0,There is no aggression heard in the audio file,0.0
lng2m9l4j2w61_processed_3,lng2m9l4j2w61,6.0,2.0,0.0,,0.0,There is no aggression heard in the audio file,0.0
lng2m9l4j2w61_processed_4,lng2m9l4j2w61,6.0,2.0,0.0,,0.0,There is no aggression heard in the audio file,0.0
lng2m9l4j2w61_processed_5,lng2m9l4j2w61,6.0,2.0,0.0,,0.0,There is no aggression heard in the audio file,0.0
