file_name,parent_file_train,number_of_segments_train,number_of_voices_parent_train,parent_label_train,segment_label_train,noisy,extra_sounds,notes,Noisy,extra sounds,Notes
lpg39tdh1bv51_processed_0,lpg39tdh1bv51,4,6.0,0.0,0.0,1.0,,,1.0,,
lpg39tdh1bv51_processed_1,lpg39tdh1bv51,4,6.0,0.0,0.0,1.0,,excessive laughing,1.0,,
lpg39tdh1bv51_processed_2,lpg39tdh1bv51,4,6.0,0.0,0.0,1.0,,excessive laughing,1.0,,
ltdu6anws3m61_processed_0,ltdu6anws3m61,4,2.0,1.0,1.0,0.0,,,0.0,,
ltdu6anws3m61_processed_1,ltdu6anws3m61,4,2.0,1.0,1.0,0.0,,,0.0,,
ltdu6anws3m61_processed_2,ltdu6anws3m61,4,2.0,1.0,0.0,0.0,,,0.0,,
ltdu6anws3m61_processed_3,ltdu6anws3m61,4,2.0,1.0,1.0,0.0,,,0.0,,
lucypf71qsq61_processed_0,lucypf71qsq61,2,3.0,0.0,0.0,0.0,Car braking,car screeching,0.0,,
lucypf71qsq61_processed_1,lucypf71qsq61,2,3.0,0.0,0.0,0.0,,sounds like a news channel,0.0,,
lw7oinwrkce61_processed_0,lw7oinwrkce61,7,15.0,0.0,0.0,0.0,crowd sound,,0.0,,
lw7oinwrkce61_processed_1,lw7oinwrkce61,7,15.0,0.0,0.0,0.0,crowd sound,,0.0,,
lw7oinwrkce61_processed_2,lw7oinwrkce61,7,15.0,0.0,0.0,0.0,crowd sound,,0.0,,
lw7oinwrkce61_processed_3,lw7oinwrkce61,7,15.0,0.0,0.0,0.0,crowd sound,,0.0,,
lw7oinwrkce61_processed_4,lw7oinwrkce61,7,15.0,0.0,0.0,0.0,crowd sound,Intro music,0.0,,
lw7oinwrkce61_processed_5,lw7oinwrkce61,7,15.0,0.0,0.0,0.0,crowd sound,,0.0,,
lw7oinwrkce61_processed_6,lw7oinwrkce61,7,15.0,0.0,0.0,0.0,crowd sound,,0.0,,
lx077nt8fw061_processed_0,lx077nt8fw061,6,1.0,0.0,0.0,0.0,music,music instruments,0.0,,
lx077nt8fw061_processed_1,lx077nt8fw061,6,1.0,0.0,0.0,0.0,music,music instruments,0.0,,
lx077nt8fw061_processed_2,lx077nt8fw061,6,1.0,0.0,0.0,1.0,music,music instruments,0.0,,
lx077nt8fw061_processed_3,lx077nt8fw061,6,1.0,0.0,0.0,0.0,music,music instruments,0.0,,
lx077nt8fw061_processed_4,lx077nt8fw061,6,1.0,0.0,0.0,0.0,music,music instruments,0.0,,
lx077nt8fw061_processed_5,lx077nt8fw061,6,1.0,0.0,0.0,0.0,music,music instruments,0.0,,
ly8o58ksw8361_processed_0,ly8o58ksw8361,14,9999.0,1.0,0.0,0.0,,,0.0,,
ly8o58ksw8361_processed_0,ly8o58ksw8361,14,9999.0,1.0,0.0,1.0,,,0.0,,
ly8o58ksw8361_processed_1,ly8o58ksw8361,14,9999.0,1.0,0.0,0.0,,,0.0,,
ly8o58ksw8361_processed_2,ly8o58ksw8361,14,9999.0,1.0,0.0,0.0,,,0.0,,
ly8o58ksw8361_processed_3,ly8o58ksw8361,14,9999.0,1.0,1.0,0.0,,,0.0,,
ly8o58ksw8361_processed_4,ly8o58ksw8361,14,9999.0,1.0,1.0,0.0,,,0.0,,
ly8o58ksw8361_processed_5,ly8o58ksw8361,14,9999.0,1.0,0.0,0.0,,,0.0,,
ly8o58ksw8361_processed_6,ly8o58ksw8361,14,9999.0,1.0,0.0,0.0,,,0.0,,
ly8o58ksw8361_processed_7,ly8o58ksw8361,14,9999.0,1.0,1.0,0.0,,,0.0,,
ly8o58ksw8361_processed_8,ly8o58ksw8361,14,9999.0,1.0,0.0,0.0,clapping,clapping,0.0,,
ly8o58ksw8361_processed_9,ly8o58ksw8361,14,9999.0,1.0,0.0,0.0,,,0.0,,
ly8o58ksw8361_processed_10,ly8o58ksw8361,14,9999.0,1.0,0.0,0.0,,,0.0,,
ly8o58ksw8361_processed_11,ly8o58ksw8361,14,9999.0,1.0,0.0,0.0,,,0.0,,
ly8o58ksw8361_processed_12,ly8o58ksw8361,14,9999.0,1.0,0.0,0.0,,,0.0,,
ly8o58ksw8361_processed_13,ly8o58ksw8361,14,9999.0,1.0,0.0,0.0,,,0.0,,
m0c72n06yqw51_processed_0,m0c72n06yqw51,13,9999.0,2.0,1.0,1.0,Shouting,,0.0,,
m0c72n06yqw51_processed_1,m0c72n06yqw51,13,9999.0,2.0,0.0,0.0,,,0.0,,
m0c72n06yqw51_processed_2,m0c72n06yqw51,13,9999.0,2.0,1.0,0.0,,,0.0,,
m0c72n06yqw51_processed_3,m0c72n06yqw51,13,9999.0,2.0,1.0,0.0,clapping,,0.0,,
m0c72n06yqw51_processed_4,m0c72n06yqw51,13,9999.0,2.0,1.0,0.0,,,0.0,,
m0c72n06yqw51_processed_5,m0c72n06yqw51,13,9999.0,2.0,0.0,0.0,,,0.0,,
m0c72n06yqw51_processed_6,m0c72n06yqw51,13,9999.0,2.0,1.0,0.0,,,0.0,,
m0c72n06yqw51_processed_7,m0c72n06yqw51,13,9999.0,2.0,1.0,0.0,,,1.0,,
m0c72n06yqw51_processed_8,m0c72n06yqw51,13,9999.0,2.0,1.0,0.0,,,1.0,,
m0c72n06yqw51_processed_9,m0c72n06yqw51,13,9999.0,2.0,2.0,0.0,,,1.0,,
m0c72n06yqw51_processed_10,m0c72n06yqw51,13,9999.0,2.0,2.0,0.0,,,1.0,,
m1vc0299apb71_processed_1,m1vc0299apb71,4,3.0,2.0,1.0,0.0,,,0.0,,
m1vc0299apb71_processed_2,m1vc0299apb71,4,3.0,2.0,2.0,0.0,,,0.0,,
m4xpc2rkprn61_processed_0,m4xpc2rkprn61,4,2.0,0.0,0.0,0.0,,,0.0,,
m4xpc2rkprn61_processed_1,m4xpc2rkprn61,4,2.0,0.0,0.0,0.0,,,0.0,,
m4xpc2rkprn61_processed_2,m4xpc2rkprn61,4,2.0,0.0,0.0,0.0,,,0.0,,
m4xpc2rkprn61_processed_3,m4xpc2rkprn61,4,2.0,0.0,0.0,0.0,,,0.0,,
m8webkagg7m61_processed_0,m8webkagg7m61,2,9999.0,1.0,0.0,1.0,Crowd,,1.0,,
m8webkagg7m61_processed_1,m8webkagg7m61,2,9999.0,1.0,0.0,1.0,crowd,,1.0,,
mcytmm3n9fn51_processed_0,mcytmm3n9fn51,3,4.0,1.0,1.0,0.0,,,1.0,,
mec1zmiwqbp51_processed_0,mec1zmiwqbp51,8,1.0,0.0,0.0,0.0,"stadium, crowd",,1.0,,
mec1zmiwqbp51_processed_1,mec1zmiwqbp51,8,1.0,0.0,0.0,0.0,commentator,crowd voice,1.0,,
mec1zmiwqbp51_processed_2,mec1zmiwqbp51,8,1.0,0.0,0.0,0.0,,,1.0,,
mec1zmiwqbp51_processed_3,mec1zmiwqbp51,8,1.0,0.0,0.0,0.0,,,1.0,,
mec1zmiwqbp51_processed_4,mec1zmiwqbp51,8,1.0,0.0,0.0,0.0,,,1.0,,
mec1zmiwqbp51_processed_5,mec1zmiwqbp51,8,1.0,0.0,0.0,0.0,,crowd voice,1.0,,
mec1zmiwqbp51_processed_6,mec1zmiwqbp51,8,1.0,0.0,0.0,0.0,,,1.0,,
mec1zmiwqbp51_processed_7,mec1zmiwqbp51,8,1.0,0.0,0.0,0.0,,,1.0,,
meztou6z1n571_processed_0,meztou6z1n571,10,2.0,2.0,2.0,0.0,,,0.0,,
meztou6z1n571_processed_1,meztou6z1n571,10,2.0,2.0,1.0,0.0,,,0.0,,
meztou6z1n571_processed_2,meztou6z1n571,10,2.0,2.0,1.0,0.0,,,0.0,,
meztou6z1n571_processed_3,meztou6z1n571,10,2.0,2.0,1.0,0.0,,,0.0,,
meztou6z1n571_processed_4,meztou6z1n571,10,2.0,2.0,2.0,0.0,,,0.0,,
meztou6z1n571_processed_5,meztou6z1n571,10,2.0,2.0,2.0,0.0,,,0.0,,
meztou6z1n571_processed_6,meztou6z1n571,10,2.0,2.0,1.0,0.0,,,0.0,,
meztou6z1n571_processed_7,meztou6z1n571,10,2.0,2.0,1.0,0.0,,,0.0,,
meztou6z1n571_processed_8,meztou6z1n571,10,2.0,2.0,2.0,0.0,,,0.0,,
meztou6z1n571_processed_9,meztou6z1n571,10,2.0,2.0,1.0,0.0,,short clip,0.0,,
mj5978ktwup61_processed_0,mj5978ktwup61,24,9999.0,0.0,0.0,1.0,"crowd, music",,1.0,,
mj5978ktwup61_processed_1,mj5978ktwup61,24,9999.0,0.0,0.0,0.0,"music, cheering",,1.0,,
mj5978ktwup61_processed_2,mj5978ktwup61,24,9999.0,0.0,0.0,0.0,"music, cheering",,1.0,,
mj5978ktwup61_processed_3,mj5978ktwup61,24,9999.0,0.0,0.0,0.0,"music, cheering",,1.0,,
mj5978ktwup61_processed_4,mj5978ktwup61,24,9999.0,0.0,0.0,0.0,"music, cheering",,1.0,,
mj5978ktwup61_processed_5,mj5978ktwup61,24,9999.0,0.0,0.0,0.0,"music, cheering",,1.0,,
mj5978ktwup61_processed_6,mj5978ktwup61,24,9999.0,0.0,0.0,0.0,"music, cheering",,1.0,,
mj5978ktwup61_processed_7,mj5978ktwup61,24,9999.0,0.0,0.0,0.0,"music, cheering",,1.0,,
mj5978ktwup61_processed_8,mj5978ktwup61,24,9999.0,0.0,0.0,0.0,music ,,1.0,,
mj5978ktwup61_processed_9,mj5978ktwup61,24,9999.0,0.0,0.0,0.0,music,,1.0,,
mj5978ktwup61_processed_10,mj5978ktwup61,24,9999.0,0.0,0.0,0.0,music,,1.0,,
mj5978ktwup61_processed_11,mj5978ktwup61,24,9999.0,0.0,0.0,0.0,music,,1.0,,
mj5978ktwup61_processed_12,mj5978ktwup61,24,9999.0,0.0,0.0,0.0,music,,1.0,,
mj5978ktwup61_processed_13,mj5978ktwup61,24,9999.0,0.0,0.0,0.0,shouting,,1.0,,
mj5978ktwup61_processed_14,mj5978ktwup61,24,9999.0,0.0,0.0,0.0,music,,1.0,,
mj5978ktwup61_processed_15,mj5978ktwup61,24,9999.0,0.0,0.0,0.0,music,,1.0,,
mj5978ktwup61_processed_16,mj5978ktwup61,24,9999.0,0.0,0.0,0.0,music,,1.0,,
mj5978ktwup61_processed_17,mj5978ktwup61,24,9999.0,0.0,0.0,0.0,music,,1.0,,
mj5978ktwup61_processed_18,mj5978ktwup61,24,9999.0,0.0,0.0,0.0,music,,1.0,,
mj5978ktwup61_processed_19,mj5978ktwup61,24,9999.0,0.0,0.0,0.0,music,,1.0,,
mj5978ktwup61_processed_20,mj5978ktwup61,24,9999.0,0.0,0.0,0.0,music,,1.0,,
mj5978ktwup61_processed_21,mj5978ktwup61,24,9999.0,0.0,0.0,0.0,music,,1.0,,
mj5978ktwup61_processed_22,mj5978ktwup61,24,9999.0,0.0,0.0,0.0,music,,1.0,,
mj5978ktwup61_processed_23,mj5978ktwup61,24,9999.0,0.0,0.0,0.0,music,,1.0,,
mjb2xa7mr9261_processed_0,mjb2xa7mr9261,1,2.0,1.0,1.0,1.0,,,0.0,,
mkbk8qpfj2y51_processed_0,mkbk8qpfj2y51,4,1.0,1.0,0.0,0.0,"clapping, cheering, laughing",,1.0,,
mkbk8qpfj2y51_processed_1,mkbk8qpfj2y51,4,1.0,1.0,0.0,0.0,"clapping, cheering, laughing",,1.0,,
mkbk8qpfj2y51_processed_2,mkbk8qpfj2y51,4,1.0,1.0,0.0,0.0,"clapping, cheering, laughing",,1.0,,
mkbk8qpfj2y51_processed_3,mkbk8qpfj2y51,4,1.0,1.0,1.0,0.0,"clapping, cheering, laughing",,1.0,,
mkqaqv2byus51_processed_0,mkqaqv2byus51,3,3.0,0.0,0.0,0.0,,,0.0,,
mkqaqv2byus51_processed_1,mkqaqv2byus51,3,3.0,0.0,0.0,0.0,CROWD,,0.0,,
mkqaqv2byus51_processed_2,mkqaqv2byus51,3,3.0,0.0,0.0,0.0,,,0.0,,
mldhqpjwf2q51_processed_0,mldhqpjwf2q51,6,3.0,2.0,0.0,0.0,,,0.0,,
mldhqpjwf2q51_processed_4,mldhqpjwf2q51,6,3.0,2.0,2.0,0.0,"shouting, crying",,0.0,,
mmdsp3lm12q61_processed_0,mmdsp3lm12q61,4,1.0,0.0,0.0,0.0,laugh,,0.0,,
mmdsp3lm12q61_processed_1,mmdsp3lm12q61,4,1.0,0.0,0.0,0.0,,,0.0,,
mmdsp3lm12q61_processed_2,mmdsp3lm12q61,4,1.0,0.0,0.0,0.0,,,0.0,,
mmdsp3lm12q61_processed_3,mmdsp3lm12q61,4,1.0,0.0,0.0,0.0,,,0.0,,
mnsrlkt6ns961_processed_0,mnsrlkt6ns961,5,3.0,1.0,1.0,0.0,cops siren,,0.0,,
mnsrlkt6ns961_processed_1,mnsrlkt6ns961,5,3.0,1.0,1.0,0.0,,,0.0,,
mnsrlkt6ns961_processed_2,mnsrlkt6ns961,5,3.0,1.0,1.0,0.0,,,0.0,,
mnsrlkt6ns961_processed_3,mnsrlkt6ns961,5,3.0,1.0,1.0,0.0,,,0.0,,
mnsrlkt6ns961_processed_4,mnsrlkt6ns961,5,3.0,1.0,1.0,0.0,,,0.0,,
mnzuaeug89y61_processed_0,mnzuaeug89y61,2,1.0,3.0,3.0,0.0,gunshots,,0.0,,
mnzuaeug89y61_processed_1,mnzuaeug89y61,2,1.0,3.0,3.0,0.0,gunshots,,0.0,,
mpg48m5spaq51_processed_0,mpg48m5spaq51,18,28.0,0.0,0.0,0.0,,,0.0,,
mpg48m5spaq51_processed_1,mpg48m5spaq51,18,28.0,0.0,0.0,0.0,,,0.0,,
mpg48m5spaq51_processed_2,mpg48m5spaq51,18,28.0,0.0,0.0,0.0,,,0.0,,
mpg48m5spaq51_processed_3,mpg48m5spaq51,18,28.0,0.0,0.0,0.0,,,0.0,,
mpg48m5spaq51_processed_4,mpg48m5spaq51,18,28.0,0.0,0.0,0.0,,,0.0,,
mpg48m5spaq51_processed_5,mpg48m5spaq51,18,28.0,0.0,0.0,0.0,,,0.0,,
mpg48m5spaq51_processed_6,mpg48m5spaq51,18,28.0,0.0,0.0,0.0,,,0.0,,
mpg48m5spaq51_processed_7,mpg48m5spaq51,18,28.0,0.0,0.0,0.0,,,0.0,,
mpg48m5spaq51_processed_8,mpg48m5spaq51,18,28.0,0.0,0.0,0.0,,,0.0,,
mpg48m5spaq51_processed_9,mpg48m5spaq51,18,28.0,0.0,0.0,0.0,,,0.0,,
mpg48m5spaq51_processed_10,mpg48m5spaq51,18,28.0,0.0,0.0,0.0,,,0.0,,
mpg48m5spaq51_processed_11,mpg48m5spaq51,18,28.0,0.0,0.0,0.0,,,0.0,,
mpg48m5spaq51_processed_12,mpg48m5spaq51,18,28.0,0.0,0.0,0.0,,,0.0,,
mpg48m5spaq51_processed_13,mpg48m5spaq51,18,28.0,0.0,0.0,0.0,,,0.0,,
mpg48m5spaq51_processed_14,mpg48m5spaq51,18,28.0,0.0,0.0,0.0,,,0.0,,
mpg48m5spaq51_processed_15,mpg48m5spaq51,18,28.0,0.0,0.0,0.0,,,0.0,,
mpg48m5spaq51_processed_16,mpg48m5spaq51,18,28.0,0.0,0.0,0.0,,,0.0,,
mpg48m5spaq51_processed_17,mpg48m5spaq51,18,28.0,0.0,0.0,0.0,,,0.0,,
mrkrwoz7qs971_processed_0,mrkrwoz7qs971,6,3.0,1.0,0.0,0.0,water splash,,0.0,,
mrkrwoz7qs971_processed_1,mrkrwoz7qs971,6,3.0,1.0,0.0,0.0,,,0.0,,
mrkrwoz7qs971_processed_2,mrkrwoz7qs971,6,3.0,1.0,1.0,0.0,water splash,,0.0,,
mrkrwoz7qs971_processed_3,mrkrwoz7qs971,6,3.0,1.0,1.0,0.0,"water splash, laugh",,0.0,,
mrkrwoz7qs971_processed_4,mrkrwoz7qs971,6,3.0,1.0,1.0,0.0,"laugh, shouting",,0.0,,
mrkrwoz7qs971_processed_5,mrkrwoz7qs971,6,3.0,1.0,0.0,0.0,laugh,,0.0,,
mta9j16sw7971_processed_0,mta9j16sw7971,5,2.0,2.0,2.0,0.0,,,0.0,,
mta9j16sw7971_processed_1,mta9j16sw7971,5,2.0,2.0,2.0,0.0,shouting,,0.0,,
mta9j16sw7971_processed_2,mta9j16sw7971,5,3.0,2.0,1.0,0.0,car horns,,0.0,,
mta9j16sw7971_processed_3,mta9j16sw7971,5,3.0,2.0,1.0,0.0,loud speakers,,0.0,,
mvkwg07padw61_processed_0,mvkwg07padw61,6,9999.0,1.0,0.0,1.0,crowd,,1.0,,
mvkwg07padw61_processed_1,mvkwg07padw61,6,9999.0,1.0,1.0,0.0,,,1.0,,
mvkwg07padw61_processed_2,mvkwg07padw61,6,9999.0,1.0,0.0,0.0,,,1.0,,
mvkwg07padw61_processed_3,mvkwg07padw61,6,9999.0,1.0,0.0,0.0,crowd,,1.0,,
mvkwg07padw61_processed_4,mvkwg07padw61,6,9999.0,1.0,0.0,1.0,music,,1.0,,
mvkwg07padw61_processed_5,mvkwg07padw61,6,9999.0,1.0,0.0,0.0,,,1.0,,
my29g93sck271_processed_0,my29g93sck271,6,2.0,0.0,0.0,0.0,music,,0.0,,
my29g93sck271_processed_1,my29g93sck271,6,2.0,0.0,0.0,0.0,music,,0.0,,
my29g93sck271_processed_2,my29g93sck271,6,2.0,0.0,0.0,0.0,music,,0.0,,
my29g93sck271_processed_3,my29g93sck271,6,2.0,0.0,0.0,0.0,music,,0.0,,
my29g93sck271_processed_4,my29g93sck271,6,2.0,0.0,0.0,0.0,music,,0.0,,
my29g93sck271_processed_5,my29g93sck271,6,2.0,0.0,0.0,0.0,music,,0.0,,
mym3ighjzsa71_processed_1,mym3ighjzsa71,2,2.0,2.0,2.0,0.0,,,0.0,,
mz9ghl1azoh61_processed_0,mz9ghl1azoh61,2,3.0,0.0,0.0,0.0,,,0.0,,
mz9ghl1azoh61_processed_1,mz9ghl1azoh61,2,3.0,0.0,0.0,0.0,,,0.0,,
n0ekog764gj61_processed_0,n0ekog764gj61,3,9999.0,2.0,2.0,1.0,crowd,,1.0,,
n0ekog764gj61_processed_1,n0ekog764gj61,3,9999.0,2.0,2.0,1.0,"crowd, shouting",,1.0,,
n1sb7uktynz51_processed_0,n1sb7uktynz51,2,2.0,0.0,0.0,0.0,car horns,,0.0,,
n1sb7uktynz51_processed_1,n1sb7uktynz51,2,2.0,0.0,0.0,0.0,,,0.0,,
n4fckc6j9vk61_processed_0,n4fckc6j9vk61,9,4.0,2.0,1.0,0.0,,,0.0,,
n4fckc6j9vk61_processed_1,n4fckc6j9vk61,9,4.0,2.0,1.0,0.0,,,0.0,,
n4fckc6j9vk61_processed_2,n4fckc6j9vk61,9,4.0,2.0,1.0,0.0,,,0.0,,
n4fckc6j9vk61_processed_3,n4fckc6j9vk61,9,4.0,2.0,1.0,0.0,,,0.0,,
n4fckc6j9vk61_processed_4,n4fckc6j9vk61,9,4.0,2.0,2.0,0.0,,,0.0,,
n4fckc6j9vk61_processed_5,n4fckc6j9vk61,9,4.0,2.0,2.0,0.0,,,0.0,,
n4fckc6j9vk61_processed_6,n4fckc6j9vk61,9,4.0,2.0,1.0,0.0,music,,0.0,,
n4fckc6j9vk61_processed_7,n4fckc6j9vk61,9,4.0,2.0,1.0,0.0,,,0.0,,
n4fckc6j9vk61_processed_8,n4fckc6j9vk61,9,4.0,2.0,1.0,0.0,,,0.0,,
n54pklj4xx371_processed_0,n54pklj4xx371,2,9999.0,0.0,0.0,1.0,motorbike engine,no voices,0.0,,
n54pklj4xx371_processed_1,n54pklj4xx371,2,9999.0,0.0,0.0,1.0,,,0.0,,
n67lcufslh371_processed_0,n67lcufslh371,6,3.0,3.0,2.0,0.0,,,0.0,,
n67lcufslh371_processed_3,n67lcufslh371,6,3.0,3.0,3.0,0.0,punch,,0.0,,
n7owqsp6oq261_processed_0,n7owqsp6oq261,2,1.0,1.0,0.0,0.0,music,,0.0,,
n7owqsp6oq261_processed_1,n7owqsp6oq261,2,1.0,1.0,1.0,0.0,music,,0.0,,
nc6aha1m92171_processed_0,nc6aha1m92171,2,1.0,1.0,1.0,0.0,"music, speech",music overlaps with person talking,0.0,,
nc6aha1m92171_processed_1,nc6aha1m92171,2,1.0,1.0,1.0,0.0,"music, speech",music overlaps with person talking,0.0,,
nd05z9f53yj51_processed_0,nd05z9f53yj51,5,9999.0,1.0,1.0,1.0,honking,,0.0,,
nd05z9f53yj51_processed_1,nd05z9f53yj51,5,9999.0,1.0,1.0,1.0,honking,,0.0,,
nd05z9f53yj51_processed_2,nd05z9f53yj51,5,9999.0,1.0,1.0,1.0,"honking, sirens",,0.0,,
nd05z9f53yj51_processed_3,nd05z9f53yj51,5,9999.0,1.0,1.0,1.0,"honking, sirens",,0.0,,
nerbo0uctml61_processed_0,nerbo0uctml61,2,9999.0,3.0,3.0,1.0,blast,,0.0,,
nerbo0uctml61_processed_1,nerbo0uctml61,2,9999.0,3.0,3.0,1.0,blast,,0.0,,
netvdni88wa71_processed_0,netvdni88wa71,13,6.0,3.0,1.0,0.0,,,0.0,,
netvdni88wa71_processed_1,netvdni88wa71,13,6.0,3.0,2.0,0.0,,,0.0,,
netvdni88wa71_processed_2,netvdni88wa71,13,6.0,3.0,1.0,0.0,,,0.0,,
netvdni88wa71_processed_3,netvdni88wa71,13,6.0,3.0,1.0,0.0,,,0.0,,
netvdni88wa71_processed_6,netvdni88wa71,13,6.0,3.0,1.0,0.0,,,0.0,,
netvdni88wa71_processed_7,netvdni88wa71,13,6.0,3.0,1.0,0.0,,,0.0,,
netvdni88wa71_processed_8,netvdni88wa71,13,6.0,3.0,1.0,0.0,,,0.0,,
netvdni88wa71_processed_9,netvdni88wa71,13,6.0,3.0,2.0,0.0,,,0.0,,
netvdni88wa71_processed_10,netvdni88wa71,13,6.0,3.0,1.0,0.0,,,0.0,,
netvdni88wa71_processed_11,netvdni88wa71,13,6.0,3.0,0.0,0.0,,,0.0,,
netvdni88wa71_processed_12,netvdni88wa71,13,6.0,3.0,1.0,0.0,,,0.0,,
nf94539da0b61_processed_0,nf94539da0b61,4,1.0,0.0,0.0,0.0,,,0.0,,
nf94539da0b61_processed_1,nf94539da0b61,4,1.0,0.0,0.0,0.0,,,0.0,,
nf94539da0b61_processed_2,nf94539da0b61,4,1.0,0.0,0.0,0.0,,,0.0,,
nf94539da0b61_processed_3,nf94539da0b61,4,1.0,0.0,0.0,0.0,,,0.0,,
nfnb7w9wdqy61_processed_2,nfnb7w9wdqy61,7,9999.0,3.0,3.0,1.0,fight,,1.0,,
ngabrpvbte771_processed_0,ngabrpvbte771,3,2.0,1.0,1.0,0.0,,,0.0,,
ngabrpvbte771_processed_1,ngabrpvbte771,3,2.0,1.0,1.0,0.0,,,0.0,,
ngv8c67p6d671_processed_0,ngv8c67p6d671,10,6.0,2.0,0.0,0.0,radio news,,0.0,,
ngv8c67p6d671_processed_1,ngv8c67p6d671,10,6.0,2.0,0.0,0.0,radio news,,0.0,,
ngv8c67p6d671_processed_4,ngv8c67p6d671,10,6.0,2.0,1.0,0.0,shouting,,0.0,,
ngv8c67p6d671_processed_9,ngv8c67p6d671,10,6.0,2.0,0.0,0.0,radio news,,0.0,,
ni3xrznfawq61_processed_0,ni3xrznfawq61,5,1.0,0.0,0.0,0.0,music,,0.0,,
ni3xrznfawq61_processed_1,ni3xrznfawq61,5,1.0,0.0,0.0,0.0,music,,0.0,,
ni3xrznfawq61_processed_2,ni3xrznfawq61,5,1.0,0.0,0.0,0.0,music,,0.0,,
ni3xrznfawq61_processed_3,ni3xrznfawq61,5,1.0,0.0,0.0,0.0,"concert, crowd",,1.0,,
ni3xrznfawq61_processed_4,ni3xrznfawq61,5,1.0,0.0,0.0,1.0,"concert, crowd",,1.0,,
nmktwl1ulji51_processed_0,nmktwl1ulji51,9,9999.0,1.0,0.0,1.0,crowd,,0.0,,
nmktwl1ulji51_processed_1,nmktwl1ulji51,9,9999.0,1.0,1.0,1.0,"crowd, laughter",,0.0,,
nmktwl1ulji51_processed_2,nmktwl1ulji51,9,9999.0,1.0,1.0,1.0,"crowd, laughter, clap",,0.0,,
nmktwl1ulji51_processed_3,nmktwl1ulji51,9,9999.0,1.0,1.0,1.0,crowd,,0.0,,
nmktwl1ulji51_processed_4,nmktwl1ulji51,9,9999.0,1.0,0.0,1.0,,,1.0,,
nmktwl1ulji51_processed_5,nmktwl1ulji51,9,9999.0,1.0,0.0,0.0,,,1.0,,
nmktwl1ulji51_processed_6,nmktwl1ulji51,9,9999.0,1.0,0.0,0.0,,,1.0,,
nmktwl1ulji51_processed_7,nmktwl1ulji51,9,9999.0,1.0,0.0,0.0,,,1.0,,
nmktwl1ulji51_processed_8,nmktwl1ulji51,9,9999.0,1.0,0.0,0.0,,,1.0,,
novps5rd9bm51_processed_0,novps5rd9bm51,5,1.0,0.0,0.0,0.0,"music, karaoke",,0.0,,
novps5rd9bm51_processed_1,novps5rd9bm51,5,1.0,0.0,0.0,0.0,"music, karaoke",,0.0,,
novps5rd9bm51_processed_2,novps5rd9bm51,5,1.0,0.0,0.0,0.0,"music, karaoke",,0.0,,
novps5rd9bm51_processed_3,novps5rd9bm51,5,1.0,0.0,0.0,0.0,"music, karaoke",,0.0,,
novps5rd9bm51_processed_4,novps5rd9bm51,5,1.0,0.0,0.0,1.0,"music, karaoke",,0.0,,
nr1mxisufl071_processed_0,nr1mxisufl071,2,9999.0,0.0,0.0,1.0,crowd,,1.0,,
nr1mxisufl071_processed_1,nr1mxisufl071,2,9999.0,0.0,0.0,1.0,"crowd, clapping",,1.0,,
nrnc23a699p51_processed_0,nrnc23a699p51,2,4.0,2.0,2.0,0.0,fighting,,1.0,,
nrnc23a699p51_processed_1,nrnc23a699p51,2,4.0,2.0,2.0,0.0,fighting,,1.0,,
nsr9wssxfu971_processed_4,nsr9wssxfu971,31,6.0,3.0,2.0,0.0,,audio sounds  broken,0.0,,
nsr9wssxfu971_processed_5,nsr9wssxfu971,31,6.0,3.0,3.0,0.0,shouting,,0.0,,
nsr9wssxfu971_processed_7,nsr9wssxfu971,31,6.0,3.0,2.0,0.0,,,0.0,,
nsr9wssxfu971_processed_8,nsr9wssxfu971,31,6.0,3.0,3.0,0.0,shouting,,0.0,,
nsr9wssxfu971_processed_10,nsr9wssxfu971,31,6.0,3.0,3.0,0.0,shouting,audio seems to screeching,0.0,,
nsr9wssxfu971_processed_12,nsr9wssxfu971,31,6.0,3.0,3.0,0.0,shouting,audio seems to screeching,0.0,,
nsr9wssxfu971_processed_14,nsr9wssxfu971,31,6.0,3.0,3.0,0.0,shouting,audio seems to screeching,0.0,,
nsr9wssxfu971_processed_16,nsr9wssxfu971,31,6.0,3.0,3.0,0.0,shouting,audio seems to screeching,0.0,,
nsr9wssxfu971_processed_17,nsr9wssxfu971,31,6.0,3.0,3.0,0.0,shouting,audio seems to screeching,0.0,,
nsr9wssxfu971_processed_18,nsr9wssxfu971,31,6.0,3.0,3.0,0.0,shouting,audio seems to screeching,0.0,,
nsr9wssxfu971_processed_20,nsr9wssxfu971,31,6.0,3.0,3.0,0.0,shouting,audio seems to screeching,0.0,,
nsr9wssxfu971_processed_21,nsr9wssxfu971,31,6.0,3.0,3.0,0.0,shouting,audio seems to screeching,0.0,,
nsr9wssxfu971_processed_22,nsr9wssxfu971,31,6.0,3.0,3.0,0.0,shouting,audio seems to screeching,0.0,,
nsr9wssxfu971_processed_23,nsr9wssxfu971,31,6.0,3.0,3.0,0.0,shouting,audio seems to screeching,0.0,,
nsr9wssxfu971_processed_24,nsr9wssxfu971,31,6.0,3.0,3.0,0.0,shouting,audio seems to screeching,0.0,,
nsr9wssxfu971_processed_25,nsr9wssxfu971,31,6.0,3.0,3.0,0.0,shouting,audio seems to screeching,0.0,,
nsr9wssxfu971_processed_26,nsr9wssxfu971,31,6.0,3.0,3.0,0.0,shouting,audio seems to screeching,0.0,,
nsr9wssxfu971_processed_29,nsr9wssxfu971,31,6.0,3.0,2.0,0.0,,,0.0,,
nsr9wssxfu971_processed_30,nsr9wssxfu971,31,6.0,3.0,3.0,0.0,"siren, shouting",,0.0,,
nv04h04fnnv51_processed_0,nv04h04fnnv51,11,2.0,0.0,0.0,0.0,,,0.0,,
nv04h04fnnv51_processed_1,nv04h04fnnv51,11,2.0,0.0,0.0,0.0,,,0.0,,
nv04h04fnnv51_processed_2,nv04h04fnnv51,11,2.0,0.0,0.0,0.0,,,0.0,,
nv04h04fnnv51_processed_3,nv04h04fnnv51,11,2.0,0.0,0.0,0.0,,,0.0,,
nv04h04fnnv51_processed_4,nv04h04fnnv51,11,2.0,0.0,0.0,0.0,,,0.0,,
nv04h04fnnv51_processed_5,nv04h04fnnv51,11,2.0,0.0,0.0,0.0,,,0.0,,
nv04h04fnnv51_processed_6,nv04h04fnnv51,11,2.0,0.0,0.0,0.0,,,0.0,,
nv04h04fnnv51_processed_7,nv04h04fnnv51,11,2.0,0.0,0.0,0.0,,,0.0,,
nv04h04fnnv51_processed_8,nv04h04fnnv51,11,2.0,0.0,0.0,0.0,,,0.0,,
nv04h04fnnv51_processed_9,nv04h04fnnv51,11,2.0,0.0,0.0,0.0,,,0.0,,
nv04h04fnnv51_processed_10,nv04h04fnnv51,11,2.0,0.0,0.0,0.0,,,0.0,,
nw042g4ww2f61_processed_0,nw042g4ww2f61,8,9999.0,0.0,0.0,1.0,"crowd, cheering",,0.0,,
nw042g4ww2f61_processed_1,nw042g4ww2f61,8,9999.0,0.0,0.0,1.0,"crowd, cheering",,1.0,,
nw042g4ww2f61_processed_2,nw042g4ww2f61,8,9999.0,0.0,0.0,1.0,"crowd, cheering",,1.0,,
nw042g4ww2f61_processed_3,nw042g4ww2f61,8,9999.0,0.0,0.0,1.0,"crowd, cheering",,1.0,,
nw042g4ww2f61_processed_4,nw042g4ww2f61,8,9999.0,0.0,0.0,1.0,"crowd, cheering",,1.0,,
nw042g4ww2f61_processed_5,nw042g4ww2f61,8,9999.0,0.0,0.0,1.0,"crowd, cheering",,1.0,,
nw042g4ww2f61_processed_6,nw042g4ww2f61,8,9999.0,0.0,0.0,1.0,"crowd, cheering",,1.0,,
nw042g4ww2f61_processed_7,nw042g4ww2f61,8,9999.0,0.0,0.0,1.0,"crowd, cheering",,1.0,,
nwx6a3q9e6o61_processed_0,nwx6a3q9e6o61,2,1.0,0.0,0.0,0.0,,,0.0,,
nwx6a3q9e6o61_processed_1,nwx6a3q9e6o61,2,1.0,0.0,0.0,0.0,,,0.0,,
nzpxebrw4jw61_processed_0,nzpxebrw4jw61,18,9.0,1.0,1.0,0.0,,,0.0,,
nzpxebrw4jw61_processed_1,nzpxebrw4jw61,18,9.0,1.0,1.0,0.0,,,0.0,,
nzpxebrw4jw61_processed_2,nzpxebrw4jw61,18,9.0,1.0,1.0,0.0,,,0.0,,
nzpxebrw4jw61_processed_3,nzpxebrw4jw61,18,9.0,1.0,0.0,0.0,,,0.0,,
nzpxebrw4jw61_processed_4,nzpxebrw4jw61,18,9.0,1.0,1.0,0.0,,,0.0,,
nzpxebrw4jw61_processed_5,nzpxebrw4jw61,18,9.0,1.0,1.0,0.0,,,0.0,,
nzpxebrw4jw61_processed_6,nzpxebrw4jw61,18,9.0,1.0,1.0,0.0,,,0.0,,
nzpxebrw4jw61_processed_7,nzpxebrw4jw61,18,9.0,1.0,1.0,0.0,,,0.0,,
nzpxebrw4jw61_processed_8,nzpxebrw4jw61,18,9.0,1.0,1.0,0.0,,,0.0,,
nzpxebrw4jw61_processed_9,nzpxebrw4jw61,18,9.0,1.0,0.0,0.0,,,0.0,,
nzpxebrw4jw61_processed_10,nzpxebrw4jw61,18,9.0,1.0,0.0,0.0,,,0.0,,
nzpxebrw4jw61_processed_11,nzpxebrw4jw61,18,9.0,1.0,1.0,0.0,,,0.0,,
nzpxebrw4jw61_processed_12,nzpxebrw4jw61,18,9.0,1.0,1.0,0.0,,,0.0,,
nzpxebrw4jw61_processed_13,nzpxebrw4jw61,18,9.0,1.0,1.0,0.0,,,0.0,,
nzpxebrw4jw61_processed_14,nzpxebrw4jw61,18,9.0,1.0,1.0,0.0,,,0.0,,
nzpxebrw4jw61_processed_15,nzpxebrw4jw61,18,9.0,1.0,1.0,0.0,clapping,,0.0,,
nzpxebrw4jw61_processed_16,nzpxebrw4jw61,18,9.0,1.0,0.0,0.0,,,0.0,,
nzpxebrw4jw61_processed_17,nzpxebrw4jw61,18,9.0,1.0,0.0,0.0,,,0.0,,
o03beaprv8n51_processed_1,o03beaprv8n51,5,2.0,1.0,1.0,0.0,,,0.0,,
o03beaprv8n51_processed_2,o03beaprv8n51,5,2.0,1.0,1.0,0.0,,,0.0,,
o03beaprv8n51_processed_3,o03beaprv8n51,5,2.0,1.0,1.0,0.0,,,0.0,,
o03beaprv8n51_processed_4,o03beaprv8n51,5,2.0,1.0,1.0,0.0,,,0.0,,
o1iurxp7z4w51_processed_0,o1iurxp7z4w51,1,9999.0,0.0,0.0,1.0,empty audio,empty audio,0.0,,FLAG
o4flke2zbr861_processed_0,o4flke2zbr861,6,2.0,1.0,1.0,0.0,,,0.0,,
o4flke2zbr861_processed_1,o4flke2zbr861,6,2.0,1.0,1.0,0.0,,,0.0,,
o4flke2zbr861_processed_2,o4flke2zbr861,6,2.0,1.0,1.0,0.0,,,0.0,,
o4flke2zbr861_processed_3,o4flke2zbr861,6,2.0,1.0,1.0,0.0,,,0.0,,
o4flke2zbr861_processed_4,o4flke2zbr861,6,2.0,1.0,1.0,0.0,,,0.0,,
o4flke2zbr861_processed_5,o4flke2zbr861,6,2.0,1.0,1.0,0.0,,,0.0,,
o964w7ixwsx51_processed_0,o964w7ixwsx51,19,10.0,1.0,0.0,0.0,"music, speech",,0.0,,
o964w7ixwsx51_processed_1,o964w7ixwsx51,19,10.0,1.0,0.0,0.0,"music, speech",,0.0,,
o964w7ixwsx51_processed_2,o964w7ixwsx51,19,10.0,1.0,1.0,0.0,"music, speech",,0.0,,
o964w7ixwsx51_processed_3,o964w7ixwsx51,19,10.0,1.0,1.0,0.0,"music, speech",,0.0,,
o964w7ixwsx51_processed_4,o964w7ixwsx51,19,10.0,1.0,0.0,0.0,"music, speech",,0.0,,
o964w7ixwsx51_processed_5,o964w7ixwsx51,19,10.0,1.0,0.0,0.0,music,,0.0,,
o964w7ixwsx51_processed_6,o964w7ixwsx51,19,10.0,1.0,1.0,0.0,"music, speech",,0.0,,
o964w7ixwsx51_processed_7,o964w7ixwsx51,19,10.0,1.0,0.0,0.0,"music, speech",,0.0,,
o964w7ixwsx51_processed_8,o964w7ixwsx51,19,10.0,1.0,0.0,0.0,"music, speech",,0.0,,
o964w7ixwsx51_processed_9,o964w7ixwsx51,19,10.0,1.0,1.0,0.0,"music, speech",,0.0,,
o964w7ixwsx51_processed_10,o964w7ixwsx51,19,10.0,1.0,0.0,0.0,"music, speech",,0.0,,
o964w7ixwsx51_processed_11,o964w7ixwsx51,19,10.0,1.0,1.0,0.0,"music, speech",,0.0,,
o964w7ixwsx51_processed_12,o964w7ixwsx51,19,10.0,1.0,0.0,0.0,"music, speech",,0.0,,
o964w7ixwsx51_processed_13,o964w7ixwsx51,19,10.0,1.0,1.0,0.0,"music, speech",,0.0,,
o964w7ixwsx51_processed_14,o964w7ixwsx51,19,10.0,1.0,0.0,0.0,"music, speech",,0.0,,
o964w7ixwsx51_processed_15,o964w7ixwsx51,19,10.0,1.0,0.0,0.0,"music, speech",,0.0,,
o964w7ixwsx51_processed_16,o964w7ixwsx51,19,10.0,1.0,0.0,0.0,"music, speech",,0.0,,
o964w7ixwsx51_processed_17,o964w7ixwsx51,19,10.0,1.0,0.0,0.0,"music, speech",,0.0,,
o9k446r3s5761_processed_0,o9k446r3s5761,6,2.0,1.0,0.0,0.0,,,0.0,,
o9k446r3s5761_processed_2,o9k446r3s5761,6,2.0,1.0,1.0,0.0,,,0.0,,
o9k446r3s5761_processed_3,o9k446r3s5761,6,2.0,1.0,1.0,0.0,,,0.0,,
o9k446r3s5761_processed_4,o9k446r3s5761,6,2.0,1.0,1.0,0.0,,,0.0,,
oaefa9ociba61_processed_0,oaefa9ociba61,2,1.0,0.0,0.0,0.0,laugh,,0.0,,
oaefa9ociba61_processed_1,oaefa9ociba61,2,1.0,0.0,0.0,0.0,laugh,,0.0,,
oamgmjzzd9161_processed_0,oamgmjzzd9161,2,9999.0,0.0,0.0,1.0,press conference,,1.0,,
oamgmjzzd9161_processed_1,oamgmjzzd9161,2,9999.0,0.0,0.0,1.0,press conference,,1.0,,
oc2jufewbdd61_processed_0,oc2jufewbdd61,4,2.0,1.0,1.0,0.0,"music, speech",,0.0,,
oc2jufewbdd61_processed_1,oc2jufewbdd61,4,2.0,1.0,1.0,0.0,"music, speech",,0.0,,
oc2jufewbdd61_processed_2,oc2jufewbdd61,4,2.0,1.0,0.0,0.0,"music, speech",,0.0,,
oc2jufewbdd61_processed_3,oc2jufewbdd61,4,2.0,1.0,0.0,0.0,"music, speech",,0.0,,
ocqcmynrkmd71_processed_0,ocqcmynrkmd71,2,5.0,2.0,2.0,0.0,fighting,,0.0,,
