file_name,parent_file,number_of_segments,number_of_voices_parent,extra_sounds,parent_label,segment_label,noisy,Notes
00g8dfgpqpt61_processed_0,00g8dfgpqpt61,3,9999,"clapping, coughing",0,0,1,Only laughing
00g8dfgpqpt61_processed_1,00g8dfgpqpt62,3,9999,clapping,0,0,1,Only laughing
00g8dfgpqpt61_processed_2,00g8dfgpqpt63,3,9999,NA,0,0,1,Only laughing
01avx2fm1t961_processed_0,01avx2fm1t961,5,9999,baby crying,3,3,1,N/A
01avx2fm1t961_processed_1,01avx2fm1t961,5,9999,baby crying,3,2,1,N/A
01avx2fm1t961_processed_2,01avx2fm1t961,5,9999,baby crying,3,2,1,N/A
01avx2fm1t961_processed_3,01avx2fm1t961,5,9999,N/A,3,2,1,N/A
01avx2fm1t961_processed_4,01avx2fm1t961,5,9999,N/A,3,2,1,N/A
0202on89vhz61_processed_0,0202on89vhz61,3,1,crowd,0,0,0,N/A
0202on89vhz61_processed_1,0202on89vhz61,3,1,crowd,0,0,0,N/A
0202on89vhz61_processed_2,0202on89vhz61,3,1,"crowd, motor bike",0,0,0,N/A
03mglec8fez51_processed_0,03mglec8fez51,26,1,calm music,1,0,0,N/A
03mglec8fez51_processed_1,03mglec8fez51,26,1,calm music,1,0,0,N/A
03mglec8fez51_processed_10,03mglec8fez51,26,1,calm music,1,1,0,N/A
03mglec8fez51_processed_11,03mglec8fez51,26,1,calm music,1,0,0,N/A
03mglec8fez51_processed_12,03mglec8fez51,26,1,"calm music, crowd cheering",1,0,0,N/A
03mglec8fez51_processed_13,03mglec8fez51,26,1,calm music,1,0,0,N/A
03mglec8fez51_processed_14,03mglec8fez51,26,1,calm music,1,0,0,N/A
03mglec8fez51_processed_15,03mglec8fez51,26,1,calm music,1,0,0,N/A
03mglec8fez51_processed_16,03mglec8fez51,26,1,calm music,1,1,0,N/A
03mglec8fez51_processed_17,03mglec8fez51,26,1,calm music,1,0,0,N/A
03mglec8fez51_processed_18,03mglec8fez51,26,1,calm music,1,0,0,N/A
03mglec8fez51_processed_19,03mglec8fez51,26,1,calm music,1,1,0,N/A
03mglec8fez51_processed_2,03mglec8fez51,26,0,calm music,1,0,0,N/A
03mglec8fez51_processed_20,03mglec8fez51,26,1,"calm music, crowd cheering",1,0,0,N/A
03mglec8fez51_processed_21,03mglec8fez51,26,1,calm music,1,0,0,N/A
03mglec8fez51_processed_22,03mglec8fez51,26,1,calm music,1,0,0,N/A
03mglec8fez51_processed_23,03mglec8fez51,26,1,calm music,1,0,0,N/A
03mglec8fez51_processed_24,03mglec8fez51,26,1,calm music,1,1,0,N/A
03mglec8fez51_processed_25,03mglec8fez51,26,1,calm music,1,1,0,N/A
03mglec8fez51_processed_3,03mglec8fez51,26,1,calm music,1,1,0,N/A
03mglec8fez51_processed_4,03mglec8fez51,26,1,calm music,1,0,0,N/A
03mglec8fez51_processed_5,03mglec8fez51,26,1,calm music,1,1,0,N/A
03mglec8fez51_processed_6,03mglec8fez51,26,1,calm music,1,0,0,N/A
03mglec8fez51_processed_7,03mglec8fez51,26,1,calm music,1,0,0,N/A
03mglec8fez51_processed_8,03mglec8fez51,26,0,calm music,1,0,0,N/A
03mglec8fez51_processed_9,03mglec8fez51,26,1,calm music,1,1,0,N/A
0653ipqy7vd71_processed_0,0653ipqy7vd71,7,2,N/A,2,0,0,N/A
0653ipqy7vd71_processed_1,0653ipqy7vd71,7,1,N/A,2,2,0,N/A
0653ipqy7vd71_processed_2,0653ipqy7vd71,7,1,N/A,2,2,0,N/A
0653ipqy7vd71_processed_3,0653ipqy7vd71,7,1,N/A,2,2,0,N/A
0653ipqy7vd71_processed_4,0653ipqy7vd71,7,1,N/A,2,2,0,N/A
0653ipqy7vd71_processed_5,0653ipqy7vd71,7,1,N/A,2,2,0,N/A
0653ipqy7vd71_processed_6,0653ipqy7vd71,7,1,N/A,2,2,0,N/A
065hfyuu0ya61_processed_0,065hfyuu0ya61,3,3,guitar,0,0,0,N/A
065hfyuu0ya61_processed_1,065hfyuu0ya61,3,2,guitar,0,0,0,N/A
065hfyuu0ya61_processed_2,065hfyuu0ya61,3,3,guitar,0,0,0,N/A
06pgvhil4fz61_processed_0,06pgvhil4fz61,2,3,people shouting,1,1,0,N/A
06pgvhil4fz61_processed_1,06pgvhil4fz61,2,1,people shouting,1,0,0,N/A
08ss0a3zs0061_processed_0,08ss0a3zs0061,2,1,car crash,2,2,0,N/A
08ss0a3zs0061_processed_1,08ss0a3zs0061,2,1,car crash,2,2,0,N/A
095x9borh0z61_processed_0,095x9borh0z61,19,3,N/A,2,0,0,N/A
095x9borh0z61_processed_1,095x9borh0z61,19,4,N/A,2,0,0,N/A
095x9borh0z61_processed_10,095x9borh0z61,19,2,N/A,2,0,0,N/A
095x9borh0z61_processed_11,095x9borh0z61,19,2,N/A,2,1,0,N/A
095x9borh0z61_processed_12,095x9borh0z61,19,2,N/A,2,0,0,N/A
095x9borh0z61_processed_13,095x9borh0z61,19,2,N/A,2,0,0,N/A
095x9borh0z61_processed_14,095x9borh0z61,19,2,N/A,2,0,0,N/A
095x9borh0z61_processed_15,095x9borh0z61,19,2,N/A,2,0,0,N/A
095x9borh0z61_processed_16,095x9borh0z61,19,2,N/A,2,0,0,N/A
095x9borh0z61_processed_17,095x9borh0z61,19,2,N/A,2,1,0,N/A
095x9borh0z61_processed_18,095x9borh0z61,19,2,N/A,2,2,0,N/A
095x9borh0z61_processed_2,095x9borh0z61,19,2,N/A,2,0,0,N/A
095x9borh0z61_processed_3,095x9borh0z61,19,2,N/A,2,0,0,N/A
095x9borh0z61_processed_4,095x9borh0z61,19,2,N/A,2,0,0,N/A
095x9borh0z61_processed_5,095x9borh0z61,19,2,children playing,2,0,0,N/A
095x9borh0z61_processed_6,095x9borh0z61,19,2,N/A,2,1,0,N/A
095x9borh0z61_processed_7,095x9borh0z61,19,2,N/A,2,0,0,N/A
095x9borh0z61_processed_8,095x9borh0z61,19,1,N/A,2,0,0,N/A
095x9borh0z61_processed_9,095x9borh0z61,19,2,N/A,2,0,0,N/A
09etqbnf0uc61_processed_0,09etqbnf0uc61,3,2,N/A,0,0,0,N/A
09etqbnf0uc61_processed_1,09etqbnf0uc61,3,2,N/A,0,0,0,N/A
09etqbnf0uc61_processed_2,09etqbnf0uc61,3,9999,N/A,0,0,1,N/A
0ailv3uq2lw61_processed_0,0ailv3uq2lw61,4,2,Gunshots,1,1,0,Too noisy to understand anything
0ailv3uq2lw61_processed_1,0ailv3uq2lw61,4,1,"Gunshots, engine, shouting",1,1,0,Too noisy to understand anything
0ailv3uq2lw61_processed_2,0ailv3uq2lw61,4,3,engine,1,1,0,Too noisy to understand anything
0ailv3uq2lw61_processed_3,0ailv3uq2lw61,4,3,engine,1,1,0,Too noisy to understand anything
0c7qgddd16l51_processed_0,0c7qgddd16l51,19,3,laughing,0,0,0,N/A
0c7qgddd16l51_processed_1,0c7qgddd16l51,19,3,laughing,0,0,0,N/A
0c7qgddd16l51_processed_10,0c7qgddd16l51,19,3,laughing,0,0,0,N/A
0c7qgddd16l51_processed_11,0c7qgddd16l51,19,4,laughing,0,0,0,N/A
0c7qgddd16l51_processed_12,0c7qgddd16l51,19,3,laughing,0,0,0,N/A
0c7qgddd16l51_processed_13,0c7qgddd16l51,19,3,laughing,0,0,0,N/A
0c7qgddd16l51_processed_14,0c7qgddd16l51,19,3,laughing,0,0,0,N/A
0c7qgddd16l51_processed_15,0c7qgddd16l51,19,4,laughing,0,0,0,N/A
0c7qgddd16l51_processed_16,0c7qgddd16l51,19,4,laughing,0,0,0,N/A
0c7qgddd16l51_processed_17,0c7qgddd16l51,19,4,laughing,0,0,0,N/A
0c7qgddd16l51_processed_18,0c7qgddd16l51,19,4,laughing,0,0,0,N/A
0c7qgddd16l51_processed_2,0c7qgddd16l51,19,3,laughing,0,0,0,N/A
0c7qgddd16l51_processed_3,0c7qgddd16l51,19,4,laughing,0,0,0,N/A
0c7qgddd16l51_processed_4,0c7qgddd16l51,19,4,laughing,0,0,0,N/A
0c7qgddd16l51_processed_5,0c7qgddd16l51,19,4,laughing,0,0,0,N/A
0c7qgddd16l51_processed_6,0c7qgddd16l51,19,4,laughing,0,0,0,N/A
0c7qgddd16l51_processed_7,0c7qgddd16l51,19,4,laughing,0,0,0,N/A
0c7qgddd16l51_processed_8,0c7qgddd16l51,19,4,laughing,0,0,0,N/A
0c7qgddd16l51_processed_9,0c7qgddd16l51,19,3,laughing,0,0,0,N/A
0cho11mt05y51_processed_0,0cho11mt05y51,2,9999,music,0,0,1,N/A
0cho11mt05y51_processed_1,0cho11mt05y51,2,9999,music,0,0,1,N/A
0cmcfw7ucae71_processed_0,0cmcfw7ucae71,3,1,Donkey noise,0,0,0,N/A
0cmcfw7ucae71_processed_1,0cmcfw7ucae71,3,1,Donkey noise,0,0,0,N/A
0cmcfw7ucae71_processed_2,0cmcfw7ucae71,3,1,Donkey noise,0,0,0,N/A
0d9lcxq7sxf61_processed_0,0d9lcxq7sxf61,3,4,"motorbike, music",0,0,0,N/A
0d9lcxq7sxf61_processed_1,0d9lcxq7sxf61,3,9999,"music, people shouting",0,0,1,N/A
0d9lcxq7sxf61_processed_2,0d9lcxq7sxf61,3,9999,"music, people shouting",0,0,1,N/A
0f520cf07s571_processed_0,0f520cf07s571,2,3,"Water splashing, gasp",1,1,0,N/A
0f520cf07s571_processed_1,0f520cf07s571,2,2,water body,1,0,0,N/A
0f8jowocy1j51_processed_0,0f8jowocy1j51,6,3,N/A,2,2,0,N/A
0f8jowocy1j51_processed_1,0f8jowocy1j51,6,2,N/A,2,2,0,N/A
0f8jowocy1j51_processed_2,0f8jowocy1j51,6,2,N/A,2,2,0,N/A
0f8jowocy1j51_processed_3,0f8jowocy1j51,6,3,N/A,2,2,0,N/A
0f8jowocy1j51_processed_4,0f8jowocy1j51,6,3,N/A,2,2,0,N/A
0f8jowocy1j51_processed_5,0f8jowocy1j51,6,3,N/A,2,2,0,N/A
0fi5aogp5bg51_processed_0,0fi5aogp5bg51,5,3,siren,2,1,0,N/A
0fi5aogp5bg51_processed_1,0fi5aogp5bg51,5,3,siren,2,1,0,N/A
0fi5aogp5bg51_processed_2,0fi5aogp5bg51,5,2,"siren, metal thumping",2,1,0,N/A
0fi5aogp5bg51_processed_3,0fi5aogp5bg51,5,2,people running,2,2,0,N/A
0fi5aogp5bg51_processed_4,0fi5aogp5bg51,5,0,N/A,2,0,0,unusable
0fkhnhiw6ii61_processed_0,0fkhnhiw6ii61,5,1,clapping,2,1,0,N/A
0fkhnhiw6ii61_processed_1,0fkhnhiw6ii61,5,1,"clapping, people shouting",2,1,0,N/A
0fkhnhiw6ii61_processed_2,0fkhnhiw6ii61,5,1,N/A,2,1,0,N/A
0fkhnhiw6ii61_processed_3,0fkhnhiw6ii61,5,1,N/A,2,2,0,N/A
0fkhnhiw6ii61_processed_4,0fkhnhiw6ii61,5,1,N/A,2,2,0,N/A
0h3jkge4hj761_processed_0,0h3jkge4hj761,28,2,crowd ,1,0,0,N/A
0h3jkge4hj761_processed_1,0h3jkge4hj761,28,1,crowd ,1,0,0,N/A
0h3jkge4hj761_processed_10,0h3jkge4hj761,28,1,person laughing,1,0,0,N/A
0h3jkge4hj761_processed_11,0h3jkge4hj761,28,1,crowd,1,0,0,N/A
0h3jkge4hj761_processed_12,0h3jkge4hj761,28,2,crowd shouting,1,1,0,N/A
0h3jkge4hj761_processed_13,0h3jkge4hj761,28,2,"crowd cheering, clapping",1,0,0,N/A
0h3jkge4hj761_processed_14,0h3jkge4hj761,28,1,crowd,1,0,0,N/A
0h3jkge4hj761_processed_15,0h3jkge4hj761,28,1,crowd ,1,0,0,N/A
0h3jkge4hj761_processed_16,0h3jkge4hj761,28,2,crowd cheering,1,0,0,N/A
0h3jkge4hj761_processed_17,0h3jkge4hj761,28,2,crowd cheering,1,0,0,N/A
0h3jkge4hj761_processed_18,0h3jkge4hj761,28,1,crowd ,1,0,0,N/A
0h3jkge4hj761_processed_19,0h3jkge4hj761,28,1,crowd cheering,1,0,0,N/A
0h3jkge4hj761_processed_2,0h3jkge4hj761,28,1,"beep sound, crowd ",1,0,0,N/A
0h3jkge4hj761_processed_20,0h3jkge4hj761,28,1,crowd ,1,0,0,N/A
0h3jkge4hj761_processed_21,0h3jkge4hj761,28,1,crowd ,1,0,0,N/A
0h3jkge4hj761_processed_22,0h3jkge4hj761,28,1,crowd ,1,0,0,N/A
0h3jkge4hj761_processed_23,0h3jkge4hj761,28,9999,"crowd, music ",1,0,1,N/A
0h3jkge4hj761_processed_24,0h3jkge4hj761,28,9999,"crowd, music ",1,0,1,N/A
0h3jkge4hj761_processed_25,0h3jkge4hj761,28,1,crowd,1,0,0,N/A
0h3jkge4hj761_processed_26,0h3jkge4hj761,28,1,crowd,1,0,0,N/A
0h3jkge4hj761_processed_27,0h3jkge4hj761,28,1,crowd,1,0,0,N/A
0h3jkge4hj761_processed_3,0h3jkge4hj761,28,1,"beep sound, crowd ",1,0,0,N/A
0h3jkge4hj761_processed_4,0h3jkge4hj761,28,1,crowd,1,0,0,N/A
0h3jkge4hj761_processed_5,0h3jkge4hj761,28,9999,clapping music ,1,0,1,N/A
0h3jkge4hj761_processed_6,0h3jkge4hj761,28,9999,crowd,1,0,1,N/A
0h3jkge4hj761_processed_7,0h3jkge4hj761,28,1,crowd cheering,1,0,0,N/A
0h3jkge4hj761_processed_8,0h3jkge4hj761,28,2,music,1,0,0,N/A
0h3jkge4hj761_processed_9,0h3jkge4hj761,28,1,crowd,1,0,0,N/A
0hvd1wmkahp61_processed_0,0hvd1wmkahp61,5,1,N/A,0,0,0,N/A
0hvd1wmkahp61_processed_1,0hvd1wmkahp61,5,1,N/A,0,0,0,N/A
0hvd1wmkahp61_processed_2,0hvd1wmkahp61,5,1,N/A,0,0,0,N/A
0hvd1wmkahp61_processed_3,0hvd1wmkahp61,5,1,N/A,0,0,0,N/A
0hvd1wmkahp61_processed_4,0hvd1wmkahp61,5,1,N/A,0,0,0,N/A
0j1dmdrfkb061_processed_0,0j1dmdrfkb061,3,1,"animals, grunting",0,0,0,Man's grunting/shouting is aggressive but not sure he is struggling not angry.
0j1dmdrfkb061_processed_1,0j1dmdrfkb061,3,1,"animals, grunting",0,0,0,N/A
0j1dmdrfkb061_processed_2,0j1dmdrfkb061,3,1,"animals, grunting",0,0,0,N/A
0ldl8z0w7kv51_processed_0,0ldl8z0w7kv51,6,2,"honks, crowd cheering, fireworks",3,3,0,N/A
0ldl8z0w7kv51_processed_1,0ldl8z0w7kv51,6,2,"honks, crowd cheering, fireworks, music",3,2,0,N/A
0ldl8z0w7kv51_processed_2,0ldl8z0w7kv51,6,0,"honks, crowd cheering, fireworks, music",3,0,0,N/A
0ldl8z0w7kv51_processed_3,0ldl8z0w7kv51,6,0,"honks, crowd cheering, fireworks, music",3,0,0,N/A
0ldl8z0w7kv51_processed_4,0ldl8z0w7kv51,6,9999,"honks, crowd cheering, fireworks, music",3,2,1,N/A
0ldl8z0w7kv51_processed_5,0ldl8z0w7kv51,6,9999,"honks, crowd cheering, fireworks, music",3,2,1,N/A
0lkuzk8aqp371_processed_0,0lkuzk8aqp371,14,3,crowd,1,0,0,N/A
0lkuzk8aqp371_processed_1,0lkuzk8aqp371,14,2,crowd,1,1,0,N/A
0lkuzk8aqp371_processed_10,0lkuzk8aqp371,14,2,crowd,1,1,0,N/A
0lkuzk8aqp371_processed_11,0lkuzk8aqp371,14,2,crowd,1,1,0,N/A
0lkuzk8aqp371_processed_12,0lkuzk8aqp371,14,2,crowd,1,1,0,N/A
0lkuzk8aqp371_processed_13,0lkuzk8aqp371,14,2,crowd,1,1,0,N/A
0lkuzk8aqp371_processed_2,0lkuzk8aqp371,14,3,crowd,1,1,0,N/A
0lkuzk8aqp371_processed_3,0lkuzk8aqp371,14,2,crowd,1,1,0,N/A
0lkuzk8aqp371_processed_4,0lkuzk8aqp371,14,2,crowd,1,1,0,N/A
0lkuzk8aqp371_processed_5,0lkuzk8aqp371,14,2,crowd,1,1,0,N/A
0lkuzk8aqp371_processed_6,0lkuzk8aqp371,14,2,crowd,1,1,0,N/A
0lkuzk8aqp371_processed_7,0lkuzk8aqp371,14,2,crowd,1,1,0,N/A
0lkuzk8aqp371_processed_8,0lkuzk8aqp371,14,2,crowd,1,1,0,N/A
0lkuzk8aqp371_processed_9,0lkuzk8aqp371,14,3,crowd,1,1,0,N/A
0lw3uak945u61_processed_0,0lw3uak945u61,14,2,car noise,0,0,0,N/A
0lw3uak945u61_processed_1,0lw3uak945u61,14,2,"car noise, person weeping",0,0,0,N/A
0lw3uak945u61_processed_10,0lw3uak945u61,14,3,"Dog barking, children laughing",0,0,0,N/A
0lw3uak945u61_processed_11,0lw3uak945u61,14,3,"Dog barking, children laughing, car engine",0,0,0,N/A
0lw3uak945u61_processed_12,0lw3uak945u61,14,3,"Dog barking, children laughing, car engine",0,0,0,N/A
0lw3uak945u61_processed_13,0lw3uak945u61,14,2,"Dog barking, children laughing, car engine",0,0,0,N/A
0lw3uak945u61_processed_2,0lw3uak945u61,14,2,"car noise, person weeping, dog",0,0,0,N/A
0lw3uak945u61_processed_3,0lw3uak945u61,14,3,Dog barking,0,0,0,N/A
0lw3uak945u61_processed_4,0lw3uak945u61,14,2,N/A,0,0,0,N/A
0lw3uak945u61_processed_5,0lw3uak945u61,14,2,"Dog barking, children laughing",0,0,0,N/A
0lw3uak945u61_processed_6,0lw3uak945u61,14,1,"Dog barking, children laughing",0,0,0,N/A
0lw3uak945u61_processed_7,0lw3uak945u61,14,2,"Dog barking, children laughing",0,0,0,N/A
0lw3uak945u61_processed_8,0lw3uak945u61,14,2,"Dog barking, children laughing",0,0,0,N/A
0lw3uak945u61_processed_9,0lw3uak945u61,14,3,"Dog barking, children laughing",0,0,0,N/A
0p2cktb33qm61_processed_0,0p2cktb33qm61,6,0,Loud Thumping noises,0,0,0,N/A
0p2cktb33qm61_processed_1,0p2cktb33qm61,6,0,Loud Thumping noises,0,0,0,N/A
0p2cktb33qm61_processed_2,0p2cktb33qm61,6,1,"Loud Thumping noises, people whisting and cheering",0,0,0,N/A
0p2cktb33qm61_processed_3,0p2cktb33qm61,6,2,"Loud Thumping noises, people whisting and cheering",0,0,0,N/A
0p2cktb33qm61_processed_4,0p2cktb33qm61,6,2,"Loud Thumping noises, people cheering",0,0,0,N/A
0p2cktb33qm61_processed_5,0p2cktb33qm61,6,2,"Loud Thumping noises, people whistling cheering",0,0,0,N/A
0s1wt1zhkkh51_processed_0,0s1wt1zhkkh51,2,9999,Alarm noise,0,0,1,N/A
0s1wt1zhkkh51_processed_1,0s1wt1zhkkh51,2,9999,Alarm noise,0,0,1,N/A
0s3rodrbpfu61_processed_0,0s3rodrbpfu61,6,3,N/A,2,0,0,N/A
0s3rodrbpfu61_processed_1,0s3rodrbpfu61,6,3,N/A,2,2,0,N/A
0s3rodrbpfu61_processed_2,0s3rodrbpfu61,6,4,N/A,2,2,0,N/A
0s3rodrbpfu61_processed_3,0s3rodrbpfu61,6,4,N/A,2,2,0,N/A
0s3rodrbpfu61_processed_4,0s3rodrbpfu61,6,4,N/A,2,2,0,N/A
0s3rodrbpfu61_processed_5,0s3rodrbpfu61,6,4,N/A,2,2,0,N/A
0sqg8sfl6lw51_processed_0,0sqg8sfl6lw51,3,0,Cat noises,0,0,0,N/A
0sqg8sfl6lw51_processed_1,0sqg8sfl6lw51,3,1,Cat noises,0,0,0,N/A
0sqg8sfl6lw51_processed_2,0sqg8sfl6lw51,3,2,Cat noises,0,0,0,N/A
0tey3h48hha61_processed_0,0tey3h48hha61,16,9999,Crowd,0,0,1,N/A
0tey3h48hha61_processed_1,0tey3h48hha61,16,9999,Crowd,0,0,1,N/A
0tey3h48hha61_processed_10,0tey3h48hha61,16,9999,Crowd,0,0,1,N/A
0tey3h48hha61_processed_11,0tey3h48hha61,16,9999,Crowd,0,0,1,N/A
0tey3h48hha61_processed_12,0tey3h48hha61,16,9999,Crowd,0,0,1,N/A
0tey3h48hha61_processed_13,0tey3h48hha61,16,9999,Crowd,0,0,1,N/A
0tey3h48hha61_processed_14,0tey3h48hha61,16,9999,Crowd,0,0,1,N/A
0tey3h48hha61_processed_15,0tey3h48hha61,16,9999,Crowd,0,0,1,N/A
0tey3h48hha61_processed_2,0tey3h48hha61,16,9999,Crowd,0,0,1,N/A
0tey3h48hha61_processed_3,0tey3h48hha61,16,9999,Crowd,0,0,1,N/A
0tey3h48hha61_processed_4,0tey3h48hha61,16,9999,Crowd,0,0,1,N/A
0tey3h48hha61_processed_5,0tey3h48hha61,16,9999,Crowd,0,0,1,N/A
0tey3h48hha61_processed_6,0tey3h48hha61,16,9999,Crowd,0,0,1,N/A
0tey3h48hha61_processed_7,0tey3h48hha61,16,9999,Crowd,0,0,1,N/A
0tey3h48hha61_processed_8,0tey3h48hha61,16,9999,Crowd,0,0,1,N/A
0tey3h48hha61_processed_9,0tey3h48hha61,16,9999,Crowd,0,0,1,N/A
0thgy8s2ovg51_processed_0,0thgy8s2ovg51,2,2,Plate cracking,1,1,0,N/A
0thgy8s2ovg51_processed_1,0thgy8s2ovg51,2,2,N/A,1,0,0,N/A
0ui2hon0i9z51_processed_0,0ui2hon0i9z51,6,0,N/A,2,0,0,N/A
0ui2hon0i9z51_processed_1,0ui2hon0i9z51,6,0,"N/A, honk",2,0,0,N/A
0ui2hon0i9z51_processed_2,0ui2hon0i9z51,6,0,N/A,2,0,0,N/A
0ui2hon0i9z51_processed_3,0ui2hon0i9z51,6,2,"N/A, dog barking",2,2,0,N/A
0ui2hon0i9z51_processed_4,0ui2hon0i9z51,6,1,"N/A, dog barking",2,1,0,N/A
0ui2hon0i9z51_processed_5,0ui2hon0i9z51,6,0,N/A,2,0,0,N/A
0xtsru74ihq61_processed_0,0xtsru74ihq61,5,0,N/A,0,0,0,N/A
0xtsru74ihq61_processed_1,0xtsru74ihq61,5,0,N/A,0,0,0,Audio unusable
0xtsru74ihq61_processed_2,0xtsru74ihq61,5,0,N/A,0,0,0,Audio unusable
0xtsru74ihq61_processed_3,0xtsru74ihq61,5,0,N/A,0,0,0,Audio unusable
0xtsru74ihq61_processed_4,0xtsru74ihq61,5,0,N/A,0,0,0,Audio unusable
0y9831he72u61_processed_0,0y9831he72u61,7,4,intense music,3,3,0,N/A
0y9831he72u61_processed_1,0y9831he72u61,7,4,intense music,3,3,0,N/A
0y9831he72u61_processed_2,0y9831he72u61,7,4,intense music,3,3,0,N/A
0y9831he72u61_processed_3,0y9831he72u61,7,4,intense music,3,3,0,N/A
0y9831he72u61_processed_4,0y9831he72u61,7,4,intense music,3,3,0,N/A
0y9831he72u61_processed_5,0y9831he72u61,7,4,intense music,3,3,0,N/A
0y9831he72u61_processed_6,0y9831he72u61,7,0,N/A,3,0,0,Audio unusable
0ziwjvz4lqf71_processed_0,0ziwjvz4lqf71,3,1,N/A,0,0,0,N/A
0ziwjvz4lqf71_processed_1,0ziwjvz4lqf71,3,1,N/A,0,0,0,N/A
0ziwjvz4lqf71_processed_2,0ziwjvz4lqf71,3,1,N/A,0,0,0,N/A
1067bauoiy661_processed_0,1067bauoiy661,6,2,N/A,2,2,0,N/A
1067bauoiy661_processed_1,1067bauoiy661,6,2,N/A,2,2,0,N/A
1067bauoiy661_processed_2,1067bauoiy661,6,3,N/A,2,1,0,N/A
1067bauoiy661_processed_3,1067bauoiy661,6,3,N/A,2,2,0,N/A
1067bauoiy661_processed_4,1067bauoiy661,6,3,N/A,2,2,0,N/A
1067bauoiy661_processed_5,1067bauoiy661,6,3,N/A,2,1,0,N/A
10hlpt9o0wd61_processed_0,10hlpt9o0wd61,14,2,N/A,0,0,0,N/A
10hlpt9o0wd61_processed_1,10hlpt9o0wd61,14,2,N/A,0,0,0,N/A
10hlpt9o0wd61_processed_10,10hlpt9o0wd61,14,1,N/A,0,0,0,N/A
10hlpt9o0wd61_processed_11,10hlpt9o0wd61,14,1,N/A,0,0,0,N/A
10hlpt9o0wd61_processed_12,10hlpt9o0wd61,14,1,N/A,0,0,0,N/A
10hlpt9o0wd61_processed_13,10hlpt9o0wd61,14,1,N/A,0,0,0,N/A
10hlpt9o0wd61_processed_2,10hlpt9o0wd61,14,2,N/A,0,0,0,N/A
10hlpt9o0wd61_processed_3,10hlpt9o0wd61,14,2,N/A,0,0,0,N/A
10hlpt9o0wd61_processed_4,10hlpt9o0wd61,14,1,N/A,0,0,0,N/A
10hlpt9o0wd61_processed_5,10hlpt9o0wd61,14,1,N/A,0,0,0,N/A
10hlpt9o0wd61_processed_6,10hlpt9o0wd61,14,1,N/A,0,0,0,N/A
10hlpt9o0wd61_processed_7,10hlpt9o0wd61,14,1,N/A,0,0,0,N/A
10hlpt9o0wd61_processed_8,10hlpt9o0wd61,14,1,N/A,0,0,0,N/A
10hlpt9o0wd61_processed_9,10hlpt9o0wd61,14,1,N/A,0,0,0,N/A
11fnzs4vvcq51_processed_0,11fnzs4vvcq51,3,2,Music,0,0,0,N/A
11fnzs4vvcq51_processed_1,11fnzs4vvcq51,3,2,N/A,0,0,0,N/A
11fnzs4vvcq51_processed_2,11fnzs4vvcq51,3,2,N/A,0,0,0,N/A
11pnt0c205g61_processed_0,11pnt0c205g61,6,1,N/A,2,2,0,N/A
11pnt0c205g61_processed_1,11pnt0c205g61,6,1,N/A,2,2,0,N/A
11pnt0c205g61_processed_2,11pnt0c205g61,6,1,N/A,2,2,0,N/A
11pnt0c205g61_processed_3,11pnt0c205g61,6,1,N/A,2,2,0,N/A
11pnt0c205g61_processed_4,11pnt0c205g61,6,1,N/A,2,2,0,N/A
11pnt0c205g61_processed_5,11pnt0c205g61,6,1,N/A,2,2,0,N/A
11xpj2du98d71_processed_0,11xpj2du98d71,2,2,Traffic,0,0,0,N/A
11xpj2du98d71_processed_1,11xpj2du98d71,2,2,Traffic,0,0,0,N/A
11ycvilqcre71_processed_0,11ycvilqcre71,3,1,dog barking,0,0,0,N/A
11ycvilqcre71_processed_1,11ycvilqcre71,3,2,dog barking,0,0,0,N/A
11ycvilqcre71_processed_2,11ycvilqcre71,3,2,dog barking,0,0,0,N/A
121vblm56ym61_processed_0,121vblm56ym61,4,3,thumping ,0,0,0,N/A
121vblm56ym61_processed_1,121vblm56ym61,4,3,people cheering,0,0,0,N/A
121vblm56ym61_processed_2,121vblm56ym61,4,3,people cheering,0,0,0,N/A
121vblm56ym61_processed_3,121vblm56ym61,4,3,people cheering,0,0,0,N/A
140f26okazh51_processed_0,140f26okazh51,2,1,metal music,0,0,0,N/A
140f26okazh51_processed_1,140f26okazh51,2,0,metal music,0,0,0,N/A
143mdsnmvu461_processed_0,143mdsnmvu461,11,1,crowd,3,0,0,N/A
143mdsnmvu461_processed_1,143mdsnmvu461,11,9999,crowd,3,2,1,N/A
143mdsnmvu461_processed_10,143mdsnmvu461,11,9999,crowd,3,3,1,N/A
143mdsnmvu461_processed_2,143mdsnmvu461,11,9999,crowd,3,2,1,N/A
143mdsnmvu461_processed_3,143mdsnmvu461,11,9999,crowd,3,2,1,N/A
143mdsnmvu461_processed_4,143mdsnmvu461,11,9999,crowd,3,2,1,N/A
143mdsnmvu461_processed_5,143mdsnmvu461,11,9999,crowd,3,2,1,N/A
143mdsnmvu461_processed_6,143mdsnmvu461,11,9999,crowd,3,2,1,N/A
143mdsnmvu461_processed_7,143mdsnmvu461,11,9999,crowd,3,3,1,N/A
143mdsnmvu461_processed_8,143mdsnmvu461,11,9999,crowd,3,3,1,N/A
143mdsnmvu461_processed_9,143mdsnmvu461,11,9999,crowd,3,3,1,N/A
154n8n5g97i51_processed_0,154n8n5g97i51,2,1,N/A,0,0,0,N/A
154n8n5g97i51_processed_1,154n8n5g97i51,2,0,N/A,0,0,0,N/A
15j1ap1ep9j51_processed_0,15j1ap1ep9j51,10,2,music,0,0,0,N/A
15j1ap1ep9j51_processed_1,15j1ap1ep9j51,10,1,music,0,0,0,N/A
15j1ap1ep9j51_processed_2,15j1ap1ep9j51,10,1,music,0,0,0,N/A
15j1ap1ep9j51_processed_3,15j1ap1ep9j51,10,0,"music, clapping",0,0,0,N/A
15j1ap1ep9j51_processed_4,15j1ap1ep9j51,10,0,music,0,0,0,N/A
15j1ap1ep9j51_processed_5,15j1ap1ep9j51,10,0,music,0,0,0,N/A
15j1ap1ep9j51_processed_6,15j1ap1ep9j51,10,0,music,0,0,0,N/A
15j1ap1ep9j51_processed_7,15j1ap1ep9j51,10,0,music,0,0,0,N/A
15j1ap1ep9j51_processed_8,15j1ap1ep9j51,10,0,music,0,0,0,N/A
15j1ap1ep9j51_processed_9,15j1ap1ep9j51,10,0,music,0,0,0,N/A
16dnw24q0jo51_processed_0,16dnw24q0jo51,4,9999,music,0,0,1,N/A
16dnw24q0jo51_processed_1,16dnw24q0jo51,4,9999,music,0,0,1,N/A
16dnw24q0jo51_processed_2,16dnw24q0jo51,4,9999,music,0,0,1,N/A
16dnw24q0jo51_processed_3,16dnw24q0jo51,4,9999,music,0,0,1,N/A
17hzkgqtssb61_processed_0,17hzkgqtssb61,12,2,Traffic,1,0,0,N/A
17hzkgqtssb61_processed_1,17hzkgqtssb61,12,2,Traffic,1,0,0,N/A
17hzkgqtssb61_processed_10,17hzkgqtssb61,12,2,Traffic,1,1,0,N/A
17hzkgqtssb61_processed_11,17hzkgqtssb61,12,2,Traffic,1,1,0,N/A
17hzkgqtssb61_processed_2,17hzkgqtssb61,12,2,Traffic,1,0,0,N/A
17hzkgqtssb61_processed_3,17hzkgqtssb61,12,2,Traffic,1,0,0,N/A
17hzkgqtssb61_processed_4,17hzkgqtssb61,12,2,Traffic,1,0,0,N/A
17hzkgqtssb61_processed_5,17hzkgqtssb61,12,2,Traffic,1,1,0,N/A
17hzkgqtssb61_processed_6,17hzkgqtssb61,12,2,Traffic,1,1,0,N/A
17hzkgqtssb61_processed_7,17hzkgqtssb61,12,2,Traffic,1,1,0,N/A
17hzkgqtssb61_processed_8,17hzkgqtssb61,12,2,Traffic,1,1,0,N/A
17hzkgqtssb61_processed_9,17hzkgqtssb61,12,2,Traffic,1,1,0,N/A
1859n94d2aw51_processed_0,1859n94d2aw51,2,3,kids,1,1,0,N/A
1859n94d2aw51_processed_1,1859n94d2aw51,2,1,kids,1,0,0,N/A
18a9f97q4kd61_processed_0,18a9f97q4kd61,8,4,child yawning,0,0,0,N/A
18a9f97q4kd61_processed_1,18a9f97q4kd61,8,3,N/A,0,0,0,N/A
18a9f97q4kd61_processed_2,18a9f97q4kd61,8,3,Dog crying,0,0,0,N/A
18a9f97q4kd61_processed_3,18a9f97q4kd61,8,1,"Dog crying, barking",0,0,0,N/A
18a9f97q4kd61_processed_4,18a9f97q4kd61,8,2,"Dog crying, barking",0,0,0,N/A
18a9f97q4kd61_processed_5,18a9f97q4kd61,8,2,"Dog crying, barking",0,0,0,N/A
18a9f97q4kd61_processed_6,18a9f97q4kd61,8,3,"Dog crying, barking",0,0,0,N/A
18a9f97q4kd61_processed_7,18a9f97q4kd61,8,3,N/A,0,0,0,N/A
1a8lksziefs61_processed_0,1a8lksziefs61,18,3,N/A,1,1,0,N/A
1a8lksziefs61_processed_1,1a8lksziefs61,18,3,N/A,1,1,0,N/A
1a8lksziefs61_processed_10,1a8lksziefs61,18,3,pig noise,1,1,0,N/A
1a8lksziefs61_processed_11,1a8lksziefs61,18,3,pig noise,1,1,0,N/A
1a8lksziefs61_processed_12,1a8lksziefs61,18,3,pig noise,1,1,0,N/A
1a8lksziefs61_processed_13,1a8lksziefs61,18,3,pig noise,1,1,0,N/A
1a8lksziefs61_processed_14,1a8lksziefs61,18,3,pig noise,1,1,0,N/A
1a8lksziefs61_processed_15,1a8lksziefs61,18,3,pig noise,1,1,0,N/A
1a8lksziefs61_processed_16,1a8lksziefs61,18,3,pig noise,1,1,0,N/A
1a8lksziefs61_processed_17,1a8lksziefs61,18,3,pig noise,1,1,0,N/A
1a8lksziefs61_processed_2,1a8lksziefs61,18,3,N/A,1,1,0,N/A
1a8lksziefs61_processed_3,1a8lksziefs61,18,3,Pig noise,1,1,0,N/A
1a8lksziefs61_processed_4,1a8lksziefs61,18,3,pig noise,1,1,0,N/A
1a8lksziefs61_processed_5,1a8lksziefs61,18,3,pig noise,1,1,0,N/A
1a8lksziefs61_processed_6,1a8lksziefs61,18,3,pig noise,1,1,0,N/A
1a8lksziefs61_processed_7,1a8lksziefs61,18,3,pig noise,1,1,0,N/A
1a8lksziefs61_processed_8,1a8lksziefs61,18,3,pig noise,1,1,0,N/A
1a8lksziefs61_processed_9,1a8lksziefs61,18,3,pig noise,1,1,0,N/A
1b229datdzf61_processed_0,1b229datdzf61,10,1,N/A,0,0,0,N/A
1b229datdzf61_processed_1,1b229datdzf61,10,1,Chains,0,0,0,N/A
1b229datdzf61_processed_2,1b229datdzf61,10,2,Chains,0,0,0,N/A
1b229datdzf61_processed_3,1b229datdzf61,10,3,N/A,0,0,0,N/A
1b229datdzf61_processed_4,1b229datdzf61,10,3,N/A,0,0,0,N/A
1b229datdzf61_processed_5,1b229datdzf61,10,3,N/A,0,0,0,N/A
1b229datdzf61_processed_6,1b229datdzf61,10,2,N/A,0,0,0,N/A
1b229datdzf61_processed_7,1b229datdzf61,10,2,N/A,0,0,0,N/A
1b229datdzf61_processed_8,1b229datdzf61,10,2,N/A,0,0,0,N/A
1b229datdzf61_processed_9,1b229datdzf61,10,1,N/A,0,0,0,N/A
1bt81rmsfl771_processed_0,1bt81rmsfl771,8,2,N/A,3,3,0,N/A
1bt81rmsfl771_processed_1,1bt81rmsfl771,8,3,N/A,3,3,0,N/A
1bt81rmsfl771_processed_2,1bt81rmsfl771,8,3,N/A,3,1,0,N/A
1bt81rmsfl771_processed_3,1bt81rmsfl771,8,3,tazer,3,2,0,N/A
1bt81rmsfl771_processed_4,1bt81rmsfl771,8,3,N/A,3,1,0,N/A
1bt81rmsfl771_processed_5,1bt81rmsfl771,8,4,N/A,3,1,0,N/A
1bt81rmsfl771_processed_6,1bt81rmsfl771,8,2,N/A,3,2,0,N/A
1bt81rmsfl771_processed_7,1bt81rmsfl771,8,2,N/A,3,1,0,N/A
1bt8ztm58ew51_processed_0,1bt8ztm58ew51,3,1,N/A,2,2,0,N/A
1bt8ztm58ew51_processed_1,1bt8ztm58ew51,3,1,N/A,2,2,0,N/A
1bt8ztm58ew51_processed_2,1bt8ztm58ew51,3,1,N/A,2,2,0,N/A
1e0zpjat2wc71_processed_0,1e0zpjat2wc71,2,2,N/A,1,1,0,N/A
1e0zpjat2wc71_processed_1,1e0zpjat2wc71,2,2,N/A,1,1,0,N/A
1fhp1vuk9h461_processed_0,1fhp1vuk9h461,10,9999,music,0,0,1,N/A
1fhp1vuk9h461_processed_1,1fhp1vuk9h461,10,9999,music,0,0,1,N/A
1fhp1vuk9h461_processed_2,1fhp1vuk9h461,10,9999,music,0,0,1,N/A
1fhp1vuk9h461_processed_3,1fhp1vuk9h461,10,9999,music,0,0,1,N/A
1fhp1vuk9h461_processed_4,1fhp1vuk9h461,10,9999,music,0,0,1,N/A
1fhp1vuk9h461_processed_5,1fhp1vuk9h461,10,9999,music,0,0,1,N/A
1fhp1vuk9h461_processed_6,1fhp1vuk9h461,10,9999,music,0,0,1,N/A
1fhp1vuk9h461_processed_7,1fhp1vuk9h461,10,9999,music,0,0,1,N/A
1fhp1vuk9h461_processed_8,1fhp1vuk9h461,10,9999,music,0,0,1,N/A
1fhp1vuk9h461_processed_9,1fhp1vuk9h461,10,9999,music,0,0,1,N/A
1gllz957axi51_processed_0,1gllz957axi51,18,2,N/A,1,1,0,N/A
1gllz957axi51_processed_1,1gllz957axi51,18,3,N/A,1,1,0,N/A
1gllz957axi51_processed_10,1gllz957axi51,18,3,N/A,1,1,0,N/A
1gllz957axi51_processed_11,1gllz957axi51,18,3,N/A,1,1,0,N/A
1gllz957axi51_processed_12,1gllz957axi51,18,3,N/A,1,1,0,N/A
1gllz957axi51_processed_13,1gllz957axi51,18,3,N/A,1,1,0,N/A
1gllz957axi51_processed_14,1gllz957axi51,18,3,N/A,1,1,0,N/A
1gllz957axi51_processed_15,1gllz957axi51,18,3,N/A,1,1,0,N/A
1gllz957axi51_processed_16,1gllz957axi51,18,3,N/A,1,1,0,N/A
1gllz957axi51_processed_17,1gllz957axi51,18,3,cart rolling,1,1,0,N/A
1gllz957axi51_processed_2,1gllz957axi51,18,3,N/A,1,1,0,N/A
1gllz957axi51_processed_3,1gllz957axi51,18,3,N/A,1,1,0,N/A
1gllz957axi51_processed_4,1gllz957axi51,18,3,N/A,1,1,0,N/A
1gllz957axi51_processed_5,1gllz957axi51,18,3,N/A,1,1,0,N/A
1gllz957axi51_processed_6,1gllz957axi51,18,3,N/A,1,1,0,N/A
1gllz957axi51_processed_7,1gllz957axi51,18,3,N/A,1,1,0,N/A
1gllz957axi51_processed_8,1gllz957axi51,18,3,N/A,1,1,0,N/A
1gllz957axi51_processed_9,1gllz957axi51,18,3,cart rolling,1,1,0,N/A
1heuq337bax51_processed_0,1heuq337bax51,2,9999,N/A,1,1,1,N/A
1heuq337bax51_processed_1,1heuq337bax51,2,9999,N/A,1,1,1,N/A
1i7dlddqqa661_processed_0,1i7dlddqqa661,8,3,N/A,1,0,0,N/A
1i7dlddqqa661_processed_1,1i7dlddqqa661,8,3,N/A,1,0,0,N/A
1i7dlddqqa661_processed_2,1i7dlddqqa661,8,3,N/A,1,1,0,N/A
1i7dlddqqa661_processed_3,1i7dlddqqa661,8,3,N/A,1,1,0,N/A
1i7dlddqqa661_processed_4,1i7dlddqqa661,8,3,N/A,1,0,0,N/A
1i7dlddqqa661_processed_5,1i7dlddqqa661,8,3,N/A,1,0,0,N/A
1i7dlddqqa661_processed_6,1i7dlddqqa661,8,3,N/A,1,1,0,N/A
1i7dlddqqa661_processed_7,1i7dlddqqa661,8,3,N/A,1,0,0,N/A
1jgyop26ua271_processed_0,1jgyop26ua271,10,3,N/A,0,0,0,N/A
1jgyop26ua271_processed_1,1jgyop26ua271,10,3,N/A,0,0,0,N/A
1jgyop26ua271_processed_2,1jgyop26ua271,10,3,N/A,0,0,0,N/A
1jgyop26ua271_processed_3,1jgyop26ua271,10,3,N/A,0,0,0,N/A
1jgyop26ua271_processed_4,1jgyop26ua271,10,2,N/A,0,0,0,N/A
1jgyop26ua271_processed_5,1jgyop26ua271,10,3,N/A,0,0,0,N/A
1jgyop26ua271_processed_6,1jgyop26ua271,10,3,N/A,0,0,0,N/A
1jgyop26ua271_processed_7,1jgyop26ua271,10,3,N/A,0,0,0,N/A
1jgyop26ua271_processed_8,1jgyop26ua271,10,3,N/A,0,0,0,N/A
1jgyop26ua271_processed_9,1jgyop26ua271,10,3,N/A,0,0,0,N/A
1kh22bpjyyq61_processed_0,1kh22bpjyyq61,88,3,N/A,3,2,0,N/A
1kh22bpjyyq61_processed_1,1kh22bpjyyq61,88,3,N/A,3,2,0,N/A
1kh22bpjyyq61_processed_10,1kh22bpjyyq61,88,3,N/A,3,0,0,N/A
1kh22bpjyyq61_processed_11,1kh22bpjyyq61,88,3,honk,3,0,0,N/A
1kh22bpjyyq61_processed_12,1kh22bpjyyq61,88,2,N/A,3,0,0,N/A
1kh22bpjyyq61_processed_13,1kh22bpjyyq61,88,0,music,3,0,0,N/A
1kh22bpjyyq61_processed_14,1kh22bpjyyq61,88,2,music,3,0,0,N/A
1kh22bpjyyq61_processed_15,1kh22bpjyyq61,88,2,music,3,0,0,N/A
1kh22bpjyyq61_processed_16,1kh22bpjyyq61,88,3,music,3,0,0,N/A
1kh22bpjyyq61_processed_17,1kh22bpjyyq61,88,3,N/A,3,1,0,N/A
1kh22bpjyyq61_processed_18,1kh22bpjyyq61,88,3,N/A,3,0,0,N/A
1kh22bpjyyq61_processed_19,1kh22bpjyyq61,88,3,N/A,3,0,0,N/A
1kh22bpjyyq61_processed_2,1kh22bpjyyq61,88,3,N/A,3,1,0,N/A
1kh22bpjyyq61_processed_20,1kh22bpjyyq61,88,2,N/A,3,0,0,N/A
1kh22bpjyyq61_processed_21,1kh22bpjyyq61,88,2,N/A,3,0,0,N/A
1kh22bpjyyq61_processed_22,1kh22bpjyyq61,88,2,N/A,3,1,0,N/A
1kh22bpjyyq61_processed_23,1kh22bpjyyq61,88,2,N/A,3,0,0,N/A
1kh22bpjyyq61_processed_24,1kh22bpjyyq61,88,2,N/A,3,2,0,N/A
1kh22bpjyyq61_processed_25,1kh22bpjyyq61,88,2,N/A,3,1,0,N/A
1kh22bpjyyq61_processed_26,1kh22bpjyyq61,88,2,N/A,3,1,0,N/A
1kh22bpjyyq61_processed_27,1kh22bpjyyq61,88,2,N/A,3,0,0,N/A
1kh22bpjyyq61_processed_28,1kh22bpjyyq61,88,2,music,3,0,0,N/A
1kh22bpjyyq61_processed_29,1kh22bpjyyq61,88,2,music,3,0,0,N/A
1kh22bpjyyq61_processed_3,1kh22bpjyyq61,88,3,N/A,3,1,0,N/A
1kh22bpjyyq61_processed_30,1kh22bpjyyq61,88,1,music,3,0,0,N/A
1kh22bpjyyq61_processed_31,1kh22bpjyyq61,88,2,music,3,0,0,N/A
1kh22bpjyyq61_processed_32,1kh22bpjyyq61,88,3,music,3,2,0,N/A
1kh22bpjyyq61_processed_33,1kh22bpjyyq61,88,3,N/A,3,1,0,N/A
1kh22bpjyyq61_processed_34,1kh22bpjyyq61,88,3,siren,3,2,0,N/A
1kh22bpjyyq61_processed_35,1kh22bpjyyq61,88,3,N/A,3,2,0,N/A
1kh22bpjyyq61_processed_36,1kh22bpjyyq61,88,3,N/A,3,1,0,N/A
1kh22bpjyyq61_processed_37,1kh22bpjyyq61,88,2,N/A,3,1,0,N/A
1kh22bpjyyq61_processed_38,1kh22bpjyyq61,88,2,N/A,3,0,0,N/A
1kh22bpjyyq61_processed_39,1kh22bpjyyq61,88,3,N/A,3,0,0,N/A
1kh22bpjyyq61_processed_4,1kh22bpjyyq61,88,3,N/A,3,0,0,N/A
1kh22bpjyyq61_processed_40,1kh22bpjyyq61,88,3,N/A,3,2,0,N/A
1kh22bpjyyq61_processed_41,1kh22bpjyyq61,88,2,N/A,3,0,0,N/A
1kh22bpjyyq61_processed_42,1kh22bpjyyq61,88,2,N/A,3,0,0,N/A
1kh22bpjyyq61_processed_43,1kh22bpjyyq61,88,3,N/A,3,0,0,N/A
1kh22bpjyyq61_processed_44,1kh22bpjyyq61,88,3,N/A,3,1,0,N/A
1kh22bpjyyq61_processed_45,1kh22bpjyyq61,88,3,N/A,3,1,0,N/A
1kh22bpjyyq61_processed_46,1kh22bpjyyq61,88,3,N/A,3,1,0,N/A
1kh22bpjyyq61_processed_47,1kh22bpjyyq61,88,3,N/A,3,1,0,N/A
1kh22bpjyyq61_processed_48,1kh22bpjyyq61,88,3,N/A,3,1,0,N/A
1kh22bpjyyq61_processed_49,1kh22bpjyyq61,88,3,N/A,3,2,0,N/A
1kh22bpjyyq61_processed_5,1kh22bpjyyq61,88,3,N/A,3,2,0,N/A
1kh22bpjyyq61_processed_50,1kh22bpjyyq61,88,3,N/A,3,2,0,N/A
1kh22bpjyyq61_processed_51,1kh22bpjyyq61,88,3,N/A,3,1,0,N/A
1kh22bpjyyq61_processed_52,1kh22bpjyyq61,88,3,N/A,3,1,0,N/A
1kh22bpjyyq61_processed_53,1kh22bpjyyq61,88,3,N/A,3,0,0,N/A
1kh22bpjyyq61_processed_54,1kh22bpjyyq61,88,3,N/A,3,2,0,N/A
1kh22bpjyyq61_processed_55,1kh22bpjyyq61,88,3,N/A,3,3,0,N/A
1kh22bpjyyq61_processed_56,1kh22bpjyyq61,88,3,N/A,3,2,0,N/A
1kh22bpjyyq61_processed_57,1kh22bpjyyq61,88,3,N/A,3,1,0,N/A
1kh22bpjyyq61_processed_58,1kh22bpjyyq61,88,3,N/A,3,0,0,N/A
1kh22bpjyyq61_processed_59,1kh22bpjyyq61,88,3,N/A,3,0,0,N/A
1kh22bpjyyq61_processed_6,1kh22bpjyyq61,88,3,N/A,3,0,0,N/A
1kh22bpjyyq61_processed_60,1kh22bpjyyq61,88,3,N/A,3,1,0,N/A
1kh22bpjyyq61_processed_61,1kh22bpjyyq61,88,2,N/A,3,1,0,N/A
1kh22bpjyyq61_processed_62,1kh22bpjyyq61,88,3,N/A,3,1,0,N/A
1kh22bpjyyq61_processed_63,1kh22bpjyyq61,88,3,N/A,3,0,0,N/A
1kh22bpjyyq61_processed_64,1kh22bpjyyq61,88,3,N/A,3,0,0,N/A
1kh22bpjyyq61_processed_65,1kh22bpjyyq61,88,3,N/A,3,0,0,N/A
1kh22bpjyyq61_processed_66,1kh22bpjyyq61,88,3,N/A,3,0,0,N/A
1kh22bpjyyq61_processed_67,1kh22bpjyyq61,88,3,N/A,3,0,0,N/A
1kh22bpjyyq61_processed_68,1kh22bpjyyq61,88,3,N/A,3,0,0,N/A
1kh22bpjyyq61_processed_69,1kh22bpjyyq61,88,3,N/A,3,0,0,N/A
1kh22bpjyyq61_processed_7,1kh22bpjyyq61,88,3,N/A,3,2,0,N/A
1kh22bpjyyq61_processed_70,1kh22bpjyyq61,88,3,N/A,3,1,0,N/A
1kh22bpjyyq61_processed_71,1kh22bpjyyq61,88,3,N/A,3,0,0,N/A
1kh22bpjyyq61_processed_72,1kh22bpjyyq61,88,3,N/A,3,2,0,N/A
1kh22bpjyyq61_processed_73,1kh22bpjyyq61,88,3,N/A,3,1,0,N/A
1kh22bpjyyq61_processed_74,1kh22bpjyyq61,88,3,sirens,3,1,0,N/A
1kh22bpjyyq61_processed_75,1kh22bpjyyq61,88,3,N/A,3,1,0,N/A
1kh22bpjyyq61_processed_76,1kh22bpjyyq61,88,3,N/A,3,1,0,N/A
1kh22bpjyyq61_processed_77,1kh22bpjyyq61,88,3,cart rolling,3,2,0,N/A
1kh22bpjyyq61_processed_78,1kh22bpjyyq61,88,3,N/A,3,1,0,N/A
1kh22bpjyyq61_processed_79,1kh22bpjyyq61,88,3,N/A,3,1,0,N/A
1kh22bpjyyq61_processed_8,1kh22bpjyyq61,88,3,N/A,3,2,0,N/A
1kh22bpjyyq61_processed_80,1kh22bpjyyq61,88,3,N/A,3,1,0,N/A
1kh22bpjyyq61_processed_81,1kh22bpjyyq61,88,3,sirens,3,2,0,N/A
1kh22bpjyyq61_processed_82,1kh22bpjyyq61,88,3,N/A,3,2,0,N/A
1kh22bpjyyq61_processed_83,1kh22bpjyyq61,88,3,N/A,3,1,0,N/A
1kh22bpjyyq61_processed_84,1kh22bpjyyq61,88,3,N/A,3,1,0,N/A
1kh22bpjyyq61_processed_85,1kh22bpjyyq61,88,3,N/A,3,1,0,N/A
1kh22bpjyyq61_processed_86,1kh22bpjyyq61,88,3,N/A,3,1,0,N/A
1kh22bpjyyq61_processed_87,1kh22bpjyyq61,88,3,N/A,3,1,0,N/A
1kh22bpjyyq61_processed_9,1kh22bpjyyq61,88,3,N/A,3,2,0,N/A
1mgi6q333gz51_processed_0,1mgi6q333gz51,4,2,N/A,3,3,0,N/A
1mgi6q333gz51_processed_1,1mgi6q333gz51,4,2,N/A,3,3,0,N/A
1mgi6q333gz51_processed_2,1mgi6q333gz51,4,2,N/A,3,2,0,N/A
1mgi6q333gz51_processed_3,1mgi6q333gz51,4,2,N/A,3,1,0,N/A
1n46zdfwjje71_processed_0,1n46zdfwjje71,14,3,N/A,2,2,0,N/A
1n46zdfwjje71_processed_1,1n46zdfwjje71,14,3,N/A,2,1,0,N/A
1n46zdfwjje71_processed_10,1n46zdfwjje71,14,3,N/A,2,2,0,N/A
1n46zdfwjje71_processed_11,1n46zdfwjje71,14,3,N/A,2,2,0,N/A
1n46zdfwjje71_processed_12,1n46zdfwjje71,14,3,N/A,2,2,0,N/A
1n46zdfwjje71_processed_13,1n46zdfwjje71,14,2,N/A,2,2,0,N/A
1n46zdfwjje71_processed_2,1n46zdfwjje71,14,3,N/A,2,2,0,N/A
1n46zdfwjje71_processed_3,1n46zdfwjje71,14,3,N/A,2,2,0,N/A
1n46zdfwjje71_processed_4,1n46zdfwjje71,14,3,N/A,2,2,0,N/A
1n46zdfwjje71_processed_5,1n46zdfwjje71,14,3,N/A,2,2,0,N/A
1n46zdfwjje71_processed_6,1n46zdfwjje71,14,1,N/A,2,1,0,N/A
1n46zdfwjje71_processed_7,1n46zdfwjje71,14,3,N/A,2,1,0,N/A
1n46zdfwjje71_processed_8,1n46zdfwjje71,14,3,N/A,2,2,0,N/A
1n46zdfwjje71_processed_9,1n46zdfwjje71,14,3,N/A,2,2,0,N/A
1n8mu144gu961_processed_0,1n8mu144gu961,8,1,N/A,0,0,0,N/A
1n8mu144gu961_processed_1,1n8mu144gu961,8,1,N/A,0,0,0,N/A
1n8mu144gu961_processed_2,1n8mu144gu961,8,1,N/A,0,0,0,N/A
1n8mu144gu961_processed_3,1n8mu144gu961,8,1,clapping,0,0,0,N/A
1n8mu144gu961_processed_4,1n8mu144gu961,8,1,clapping,0,0,0,N/A
1n8mu144gu961_processed_5,1n8mu144gu961,8,1,clapping,0,0,0,N/A
1n8mu144gu961_processed_6,1n8mu144gu961,8,2,N/A,0,0,0,N/A
1n8mu144gu961_processed_7,1n8mu144gu961,8,1,N/A,0,0,0,N/A
1nzrwkv997271_processed_0,1nzrwkv997271,8,4,N/A,3,3,0,N/A
1nzrwkv997271_processed_1,1nzrwkv997271,8,4,N/A,3,3,0,N/A
1nzrwkv997271_processed_2,1nzrwkv997271,8,3,N/A,3,2,0,N/A
1nzrwkv997271_processed_3,1nzrwkv997271,8,2,N/A,3,2,0,N/A
1nzrwkv997271_processed_4,1nzrwkv997271,8,9999,N/A,3,3,1,N/A
1nzrwkv997271_processed_5,1nzrwkv997271,8,9999,N/A,3,3,1,N/A
1nzrwkv997271_processed_6,1nzrwkv997271,8,9999,N/A,3,3,1,N/A
1nzrwkv997271_processed_7,1nzrwkv997271,8,9999,N/A,3,3,1,N/A
1qbs0u6n9nh51_processed_0,1qbs0u6n9nh51,4,1,N/A,3,2,0,N/A
1qbs0u6n9nh51_processed_1,1qbs0u6n9nh51,4,1,N/A,3,3,0,N/A
1qbs0u6n9nh51_processed_2,1qbs0u6n9nh51,4,2,N/A,3,2,0,N/A
1qbs0u6n9nh51_processed_3,1qbs0u6n9nh51,4,2,N/A,3,2,0,N/A
1qny69p3irs61_processed_0,1qny69p3irs61,5,2,N/A,2,2,0,N/A
1qny69p3irs61_processed_1,1qny69p3irs61,5,2,N/A,2,1,0,N/A
1qny69p3irs61_processed_2,1qny69p3irs61,5,1,N/A,2,1,0,N/A
1qny69p3irs61_processed_3,1qny69p3irs61,5,2,N/A,2,2,0,N/A
1qny69p3irs61_processed_4,1qny69p3irs61,5,2,N/A,2,2,0,N/A
1r4mid8y7p861_processed_0,1r4mid8y7p861,6,0,music,0,0,0,N/A
1r4mid8y7p861_processed_1,1r4mid8y7p861,6,0,music,0,0,0,N/A
1r4mid8y7p861_processed_2,1r4mid8y7p861,6,0,music,0,0,0,N/A
1r4mid8y7p861_processed_3,1r4mid8y7p861,6,0,music,0,0,0,N/A
1r4mid8y7p861_processed_4,1r4mid8y7p861,6,0,music,0,0,0,N/A
1r4mid8y7p861_processed_5,1r4mid8y7p861,6,0,music,0,0,0,N/A
1rtj6ofmgm871_processed_0,1rtj6ofmgm871,3,1,traffic,0,0,0,N/A
1rtj6ofmgm871_processed_1,1rtj6ofmgm871,3,0,traffic,0,0,0,N/A
1rtj6ofmgm871_processed_2,1rtj6ofmgm871,3,0,traffic,0,0,0,N/A
1run9c58vyq51_processed_0,1run9c58vyq51,13,2,N/A,2,0,0,N/A
1run9c58vyq51_processed_1,1run9c58vyq51,13,2,N/A,2,1,0,N/A
1run9c58vyq51_processed_10,1run9c58vyq51,13,1,N/A,2,1,0,N/A
1run9c58vyq51_processed_11,1run9c58vyq51,13,1,N/A,2,1,0,N/A
1run9c58vyq51_processed_12,1run9c58vyq51,13,1,N/A,2,1,0,N/A
1run9c58vyq51_processed_2,1run9c58vyq51,13,1,N/A,2,1,0,N/A
1run9c58vyq51_processed_3,1run9c58vyq51,13,1,N/A,2,1,0,N/A
1run9c58vyq51_processed_4,1run9c58vyq51,13,1,N/A,2,1,0,N/A
1run9c58vyq51_processed_5,1run9c58vyq51,13,1,N/A,2,2,0,N/A
1run9c58vyq51_processed_6,1run9c58vyq51,13,1,N/A,2,1,0,N/A
1run9c58vyq51_processed_7,1run9c58vyq51,13,1,N/A,2,1,0,N/A
1run9c58vyq51_processed_8,1run9c58vyq51,13,1,N/A,2,1,0,N/A
1run9c58vyq51_processed_9,1run9c58vyq51,13,1,N/A,2,1,0,N/A
1ryahp4bdkn51_processed_0,1ryahp4bdkn51,21,3,N/A,1,1,0,N/A
1ryahp4bdkn51_processed_1,1ryahp4bdkn51,21,3,N/A,1,1,0,N/A
1ryahp4bdkn51_processed_10,1ryahp4bdkn51,21,3,N/A,1,1,0,N/A
1ryahp4bdkn51_processed_11,1ryahp4bdkn51,21,3,N/A,1,1,0,N/A
1ryahp4bdkn51_processed_12,1ryahp4bdkn51,21,3,N/A,1,1,0,N/A
1ryahp4bdkn51_processed_13,1ryahp4bdkn51,21,3,N/A,1,1,0,N/A
1ryahp4bdkn51_processed_14,1ryahp4bdkn51,21,3,N/A,1,0,0,N/A
1ryahp4bdkn51_processed_15,1ryahp4bdkn51,21,1,N/A,1,1,0,N/A
1ryahp4bdkn51_processed_16,1ryahp4bdkn51,21,3,N/A,1,1,0,N/A
1ryahp4bdkn51_processed_17,1ryahp4bdkn51,21,3,N/A,1,1,0,N/A
1ryahp4bdkn51_processed_18,1ryahp4bdkn51,21,3,N/A,1,1,0,N/A
1ryahp4bdkn51_processed_19,1ryahp4bdkn51,21,3,N/A,1,1,0,N/A
1ryahp4bdkn51_processed_2,1ryahp4bdkn51,21,2,N/A,1,1,0,N/A
1ryahp4bdkn51_processed_20,1ryahp4bdkn51,21,1,N/A,1,1,0,N/A
1ryahp4bdkn51_processed_3,1ryahp4bdkn51,21,2,N/A,1,1,0,N/A
1ryahp4bdkn51_processed_4,1ryahp4bdkn51,21,2,N/A,1,1,0,N/A
1ryahp4bdkn51_processed_5,1ryahp4bdkn51,21,2,N/A,1,1,0,N/A
1ryahp4bdkn51_processed_6,1ryahp4bdkn51,21,3,N/A,1,0,0,N/A
1ryahp4bdkn51_processed_7,1ryahp4bdkn51,21,3,N/A,1,1,0,N/A
1ryahp4bdkn51_processed_8,1ryahp4bdkn51,21,3,N/A,1,1,0,N/A
1ryahp4bdkn51_processed_9,1ryahp4bdkn51,21,3,N/A,1,1,0,N/A
1sm6gyfaqyb71_processed_0,1sm6gyfaqyb71,14,9999,N/A,3,2,1,N/A
1sm6gyfaqyb71_processed_1,1sm6gyfaqyb71,14,9999,N/A,3,2,1,N/A
1sm6gyfaqyb71_processed_10,1sm6gyfaqyb71,14,9999,N/A,3,3,1,N/A
1sm6gyfaqyb71_processed_11,1sm6gyfaqyb71,14,9999,N/A,3,2,1,N/A
1sm6gyfaqyb71_processed_12,1sm6gyfaqyb71,14,9999,N/A,3,3,1,N/A
1sm6gyfaqyb71_processed_13,1sm6gyfaqyb71,14,9999,N/A,3,3,1,N/A
1sm6gyfaqyb71_processed_2,1sm6gyfaqyb71,14,9999,N/A,3,3,1,N/A
1sm6gyfaqyb71_processed_3,1sm6gyfaqyb71,14,9999,N/A,3,3,1,N/A
1sm6gyfaqyb71_processed_4,1sm6gyfaqyb71,14,9999,N/A,3,3,1,N/A
1sm6gyfaqyb71_processed_5,1sm6gyfaqyb71,14,9999,N/A,3,3,1,N/A
1sm6gyfaqyb71_processed_6,1sm6gyfaqyb71,14,9999,N/A,3,3,1,N/A
1sm6gyfaqyb71_processed_7,1sm6gyfaqyb71,14,9999,N/A,3,3,1,N/A
1sm6gyfaqyb71_processed_8,1sm6gyfaqyb71,14,9999,N/A,3,3,1,N/A
1sm6gyfaqyb71_processed_9,1sm6gyfaqyb71,14,9999,N/A,3,3,1,N/A
1u7v7z5bs0w51_processed_0,1u7v7z5bs0w51,26,2,N/A,3,3,0,N/A
1u7v7z5bs0w51_processed_1,1u7v7z5bs0w51,26,2,N/A,3,2,0,N/A
1u7v7z5bs0w51_processed_10,1u7v7z5bs0w51,26,2,N/A,3,2,0,N/A
1u7v7z5bs0w51_processed_11,1u7v7z5bs0w51,26,2,N/A,3,3,0,N/A
1u7v7z5bs0w51_processed_12,1u7v7z5bs0w51,26,2,N/A,3,3,0,N/A
1u7v7z5bs0w51_processed_13,1u7v7z5bs0w51,26,2,N/A,3,3,0,N/A
1u7v7z5bs0w51_processed_14,1u7v7z5bs0w51,26,2,N/A,3,3,0,N/A
1u7v7z5bs0w51_processed_15,1u7v7z5bs0w51,26,2,N/A,3,2,0,N/A
1u7v7z5bs0w51_processed_16,1u7v7z5bs0w51,26,2,N/A,3,3,0,N/A
1u7v7z5bs0w51_processed_17,1u7v7z5bs0w51,26,2,N/A,3,3,0,N/A
1u7v7z5bs0w51_processed_18,1u7v7z5bs0w51,26,2,N/A,3,3,0,N/A
1u7v7z5bs0w51_processed_19,1u7v7z5bs0w51,26,2,N/A,3,3,0,N/A
1u7v7z5bs0w51_processed_2,1u7v7z5bs0w51,26,2,N/A,3,3,0,N/A
1u7v7z5bs0w51_processed_20,1u7v7z5bs0w51,26,2,N/A,3,3,0,N/A
1u7v7z5bs0w51_processed_21,1u7v7z5bs0w51,26,2,N/A,3,3,0,N/A
1u7v7z5bs0w51_processed_22,1u7v7z5bs0w51,26,2,N/A,3,3,0,N/A
1u7v7z5bs0w51_processed_23,1u7v7z5bs0w51,26,2,N/A,3,3,0,N/A
1u7v7z5bs0w51_processed_24,1u7v7z5bs0w51,26,2,N/A,3,3,0,N/A
1u7v7z5bs0w51_processed_25,1u7v7z5bs0w51,26,2,N/A,3,3,0,N/A
1u7v7z5bs0w51_processed_3,1u7v7z5bs0w51,26,2,N/A,3,3,0,N/A
1u7v7z5bs0w51_processed_4,1u7v7z5bs0w51,26,2,N/A,3,3,0,N/A
1u7v7z5bs0w51_processed_5,1u7v7z5bs0w51,26,2,N/A,3,3,0,N/A
1u7v7z5bs0w51_processed_6,1u7v7z5bs0w51,26,2,N/A,3,3,0,N/A
1u7v7z5bs0w51_processed_7,1u7v7z5bs0w51,26,2,N/A,3,3,0,N/A
1u7v7z5bs0w51_processed_8,1u7v7z5bs0w51,26,2,N/A,3,1,0,N/A
1u7v7z5bs0w51_processed_9,1u7v7z5bs0w51,26,2,N/A,3,3,0,N/A
1yo4jumj6j661_processed_0,1yo4jumj6j661,2,1,sirens,0,0,0,N/A
1yo4jumj6j661_processed_1,1yo4jumj6j661,2,1,N/A,0,0,0,N/A
1zi7ll3mt4571_processed_0,1zi7ll3mt4571,3,3,N/A,2,1,0,N/A
1zi7ll3mt4571_processed_1,1zi7ll3mt4571,3,3,N/A,2,2,0,N/A
1zi7ll3mt4571_processed_2,1zi7ll3mt4571,3,3,N/A,2,2,0,N/A
202evujgunk61_processed_0,202evujgunk61,8,2,N/A,1,1,0,N/A
202evujgunk61_processed_1,202evujgunk61,8,2,N/A,1,1,0,N/A
202evujgunk61_processed_2,202evujgunk61,8,2,N/A,1,1,0,N/A
202evujgunk61_processed_3,202evujgunk61,8,2,N/A,1,1,0,N/A
202evujgunk61_processed_4,202evujgunk61,8,2,N/A,1,1,0,N/A
202evujgunk61_processed_5,202evujgunk61,8,2,N/A,1,1,0,N/A
202evujgunk61_processed_6,202evujgunk61,8,2,N/A,1,1,0,N/A
202evujgunk61_processed_7,202evujgunk61,8,2,N/A,1,1,0,N/A
21lehnzb96d61_processed_0,21lehnzb96d61,6,1,N/A,0,0,0,N/A
21lehnzb96d61_processed_1,21lehnzb96d61,6,1,N/A,0,0,0,N/A
21lehnzb96d61_processed_2,21lehnzb96d61,6,2,N/A,0,0,0,N/A
21lehnzb96d61_processed_3,21lehnzb96d61,6,1,N/A,0,0,0,N/A
21lehnzb96d61_processed_4,21lehnzb96d61,6,2,N/A,0,0,0,N/A
21lehnzb96d61_processed_5,21lehnzb96d61,6,1,N/A,0,0,0,N/A
26qgcxvnjiu61_processed_0,26qgcxvnjiu61,5,2,N/A,2,2,0,N/A
26qgcxvnjiu61_processed_1,26qgcxvnjiu61,5,2,N/A,2,2,0,N/A
26qgcxvnjiu61_processed_2,26qgcxvnjiu61,5,2,N/A,2,2,0,N/A
26qgcxvnjiu61_processed_3,26qgcxvnjiu61,5,2,N/A,2,2,0,N/A
26qgcxvnjiu61_processed_4,26qgcxvnjiu61,5,2,N/A,2,2,0,N/A
2f8jximgg9371_processed_0,2f8jximgg9371,3,1,music,0,0,0,N/A
2f8jximgg9371_processed_1,2f8jximgg9371,3,1,music,0,0,0,N/A
2f8jximgg9371_processed_2,2f8jximgg9371,3,0,music,0,0,0,N/A
2hi5az6emer51_processed_0,2hi5az6emer51,2,2,N/A,2,2,0,N/A
2hi5az6emer51_processed_1,2hi5az6emer51,2,2,N/A,2,1,0,N/A
2holi4ang1l61_processed_0,2holi4ang1l61,7,1,N/A,0,0,0,N/A
2holi4ang1l61_processed_1,2holi4ang1l61,7,2,N/A,0,0,0,N/A
2holi4ang1l61_processed_2,2holi4ang1l61,7,2,N/A,0,0,0,N/A
2holi4ang1l61_processed_3,2holi4ang1l61,7,2,N/A,0,0,0,N/A
2holi4ang1l61_processed_4,2holi4ang1l61,7,2,N/A,0,0,0,N/A
2holi4ang1l61_processed_5,2holi4ang1l61,7,1,N/A,0,0,0,N/A
2holi4ang1l61_processed_6,2holi4ang1l61,7,1,N/A,0,0,0,N/A
2jceljldavz51_processed_0,2jceljldavz51,2,2,N/A,0,0,0,shouting here is because of surprise
2jceljldavz51_processed_1,2jceljldavz51,2,2,N/A,0,0,0,N/A
2jg021dtzue71_processed_0,2jg021dtzue71,5,1,"honk, kids playing",0,0,0,N/A
2jg021dtzue71_processed_1,2jg021dtzue71,5,1,"kids playing, sirens",0,0,0,N/A
2jg021dtzue71_processed_2,2jg021dtzue71,5,1,sirens,0,0,0,N/A
2jg021dtzue71_processed_3,2jg021dtzue71,5,1,child crying,0,0,0,N/A
2jg021dtzue71_processed_4,2jg021dtzue71,5,1,N/A,0,0,0,N/A
2jt2pcfwre461_processed_0,2jt2pcfwre461,31,1,N/A,1,0,0,N/A
2jt2pcfwre461_processed_1,2jt2pcfwre461,31,1,N/A,1,0,0,N/A
2jt2pcfwre461_processed_10,2jt2pcfwre461,31,2,N/A,1,1,0,N/A
2jt2pcfwre461_processed_11,2jt2pcfwre461,31,2,N/A,1,1,0,N/A
2jt2pcfwre461_processed_12,2jt2pcfwre461,31,2,N/A,1,1,0,N/A
2jt2pcfwre461_processed_13,2jt2pcfwre461,31,2,N/A,1,1,0,N/A
2jt2pcfwre461_processed_14,2jt2pcfwre461,31,2,N/A,1,1,0,N/A
2jt2pcfwre461_processed_15,2jt2pcfwre461,31,2,N/A,1,1,0,N/A
2jt2pcfwre461_processed_16,2jt2pcfwre461,31,2,N/A,1,1,0,N/A
2jt2pcfwre461_processed_17,2jt2pcfwre461,31,2,N/A,1,1,0,N/A
2jt2pcfwre461_processed_18,2jt2pcfwre461,31,2,N/A,1,1,0,N/A
2jt2pcfwre461_processed_19,2jt2pcfwre461,31,2,N/A,1,1,0,N/A
2jt2pcfwre461_processed_2,2jt2pcfwre461,31,2,N/A,1,0,0,N/A
2jt2pcfwre461_processed_20,2jt2pcfwre461,31,2,N/A,1,1,0,N/A
2jt2pcfwre461_processed_21,2jt2pcfwre461,31,2,N/A,1,1,0,N/A
2jt2pcfwre461_processed_22,2jt2pcfwre461,31,2,N/A,1,1,0,N/A
2jt2pcfwre461_processed_23,2jt2pcfwre461,31,2,N/A,1,1,0,N/A
2jt2pcfwre461_processed_24,2jt2pcfwre461,31,2,N/A,1,1,0,N/A
2jt2pcfwre461_processed_25,2jt2pcfwre461,31,2,N/A,1,1,0,N/A
2jt2pcfwre461_processed_26,2jt2pcfwre461,31,2,N/A,1,1,0,N/A
2jt2pcfwre461_processed_27,2jt2pcfwre461,31,2,N/A,1,1,0,N/A
2jt2pcfwre461_processed_28,2jt2pcfwre461,31,1,N/A,1,0,0,N/A
2jt2pcfwre461_processed_29,2jt2pcfwre461,31,2,N/A,1,1,0,N/A
2jt2pcfwre461_processed_3,2jt2pcfwre461,31,1,N/A,1,0,0,N/A
2jt2pcfwre461_processed_30,2jt2pcfwre461,31,2,N/A,1,1,0,N/A
2jt2pcfwre461_processed_4,2jt2pcfwre461,31,1,N/A,1,0,0,N/A
2jt2pcfwre461_processed_5,2jt2pcfwre461,31,2,N/A,1,1,0,N/A
2jt2pcfwre461_processed_6,2jt2pcfwre461,31,2,N/A,1,1,0,N/A
2jt2pcfwre461_processed_7,2jt2pcfwre461,31,2,N/A,1,1,0,N/A
2jt2pcfwre461_processed_8,2jt2pcfwre461,31,1,N/A,1,0,0,N/A
2jt2pcfwre461_processed_9,2jt2pcfwre461,31,2,N/A,1,1,0,N/A
2mocdcmj90b71_processed_0,2mocdcmj90b71,10,0,music,0,0,0,N/A
2mocdcmj90b71_processed_1,2mocdcmj90b71,10,0,music,0,0,0,N/A
2mocdcmj90b71_processed_2,2mocdcmj90b71,10,0,music,0,0,0,N/A
2mocdcmj90b71_processed_3,2mocdcmj90b71,10,0,music,0,0,0,N/A
2mocdcmj90b71_processed_4,2mocdcmj90b71,10,0,music,0,0,0,N/A
2mocdcmj90b71_processed_5,2mocdcmj90b71,10,0,music,0,0,0,N/A
2mocdcmj90b71_processed_6,2mocdcmj90b71,10,0,music,0,0,0,N/A
2mocdcmj90b71_processed_7,2mocdcmj90b71,10,0,music,0,0,0,N/A
2mocdcmj90b71_processed_8,2mocdcmj90b71,10,0,music,0,0,0,N/A
2mocdcmj90b71_processed_9,2mocdcmj90b71,10,0,music,0,0,0,N/A
2mrfsimxhwm61_processed_0,2mrfsimxhwm61,11,2,female sobbing,1,1,0,N/A
2mrfsimxhwm61_processed_1,2mrfsimxhwm61,11,2,clapping,1,0,0,N/A
2mrfsimxhwm61_processed_10,2mrfsimxhwm61,11,1,N/A,1,0,0,N/A
2mrfsimxhwm61_processed_2,2mrfsimxhwm61,11,3,clapping,1,0,0,N/A
2mrfsimxhwm61_processed_3,2mrfsimxhwm61,11,2,clapping,1,0,0,N/A
2mrfsimxhwm61_processed_4,2mrfsimxhwm61,11,2,clapping,1,0,0,N/A
2mrfsimxhwm61_processed_5,2mrfsimxhwm61,11,2,N/A,1,0,0,N/A
2mrfsimxhwm61_processed_6,2mrfsimxhwm61,11,1,N/A,1,0,0,N/A
2mrfsimxhwm61_processed_7,2mrfsimxhwm61,11,2,N/A,1,0,0,N/A
2mrfsimxhwm61_processed_8,2mrfsimxhwm61,11,2,N/A,1,0,0,N/A
2mrfsimxhwm61_processed_9,2mrfsimxhwm61,11,1,N/A,1,0,0,N/A
2n6odjoqo9561_processed_0,2n6odjoqo9561,8,2,music,2,0,0,N/A
2n6odjoqo9561_processed_1,2n6odjoqo9561,8,2,music,2,2,0,N/A
2n6odjoqo9561_processed_2,2n6odjoqo9561,8,2,music,2,2,0,N/A
2n6odjoqo9561_processed_3,2n6odjoqo9561,8,2,music,2,2,0,N/A
2n6odjoqo9561_processed_4,2n6odjoqo9561,8,2,music,2,0,0,N/A
2n6odjoqo9561_processed_5,2n6odjoqo9561,8,2,music,2,0,0,N/A
2n6odjoqo9561_processed_6,2n6odjoqo9561,8,3,music,2,1,0,N/A
2n6odjoqo9561_processed_7,2n6odjoqo9561,8,3,music,2,2,0,N/A
2tasdqio0l871_processed_0,2tasdqio0l871,5,9999,kids crying,3,2,1,N/A
2tasdqio0l871_processed_1,2tasdqio0l871,5,9999,kids crying,3,3,1,N/A
2tasdqio0l871_processed_2,2tasdqio0l871,5,9999,kids crying,3,3,1,N/A
2tasdqio0l871_processed_3,2tasdqio0l871,5,9999,"kids crying, laughing",3,2,1,N/A
2tasdqio0l871_processed_4,2tasdqio0l871,5,9999,"kids crying, laughing",3,0,1,N/A
2uw2ps4l9dm51_processed_0,2uw2ps4l9dm51,5,2,,0,0,0,N/A
2uw2ps4l9dm51_processed_1,2uw2ps4l9dm51,5,2,,0,0,0,N/A
2uw2ps4l9dm51_processed_2,2uw2ps4l9dm51,5,0,water puddles,0,0,0,N/A
2uw2ps4l9dm51_processed_3,2uw2ps4l9dm51,5,0,water puddles,0,0,0,N/A
2uw2ps4l9dm51_processed_4,2uw2ps4l9dm51,5,0,"water puddles, honk",0,0,0,N/A
2wcunlh6zll51_processed_0,2wcunlh6zll51,3,0,music,0,0,0,N/A
2wcunlh6zll51_processed_1,2wcunlh6zll51,3,0,music,0,0,0,N/A
2wcunlh6zll51_processed_2,2wcunlh6zll51,3,0,music,0,0,0,N/A
2zxxmq8g1n961_processed_0,2zxxmq8g1n961,6,3,N/A,3,1,0,N/A
2zxxmq8g1n961_processed_1,2zxxmq8g1n961,6,3,N/A,3,2,0,N/A
2zxxmq8g1n961_processed_2,2zxxmq8g1n961,6,3,N/A,3,3,0,N/A
2zxxmq8g1n961_processed_3,2zxxmq8g1n961,6,3,N/A,3,3,0,N/A
2zxxmq8g1n961_processed_4,2zxxmq8g1n961,6,3,N/A,3,3,0,N/A
2zxxmq8g1n961_processed_5,2zxxmq8g1n961,6,3,N/A,3,3,0,N/A
32tcfjnefkk51_processed_0,32tcfjnefkk51,7,0,"crowd cheering, whistling",0,0,0,N/A
32tcfjnefkk51_processed_1,32tcfjnefkk51,7,0,"crowd cheering, whistling",0,0,0,N/A
32tcfjnefkk51_processed_2,32tcfjnefkk51,7,0,"crowd cheering, whistling",0,0,0,N/A
32tcfjnefkk51_processed_3,32tcfjnefkk51,7,0,"crowd cheering, whistling",0,0,0,N/A
32tcfjnefkk51_processed_4,32tcfjnefkk51,7,0,"crowd cheering, whistling",0,0,0,N/A
32tcfjnefkk51_processed_5,32tcfjnefkk51,7,0,"crowd cheering, whistling, music",0,0,0,N/A
32tcfjnefkk51_processed_6,32tcfjnefkk51,7,0,"crowd cheering, whistling",0,0,0,N/A
34aohjogtza61_processed_0,34aohjogtza61,14,2,N/A,0,0,0,N/A
34aohjogtza61_processed_1,34aohjogtza61,14,2,N/A,0,0,0,N/A
34aohjogtza61_processed_10,34aohjogtza61,14,2,N/A,0,0,0,N/A
34aohjogtza61_processed_11,34aohjogtza61,14,2,N/A,0,0,0,N/A
34aohjogtza61_processed_12,34aohjogtza61,14,2,N/A,0,0,0,N/A
34aohjogtza61_processed_13,34aohjogtza61,14,2,N/A,0,0,0,N/A
34aohjogtza61_processed_2,34aohjogtza61,14,2,N/A,0,0,0,N/A
34aohjogtza61_processed_3,34aohjogtza61,14,2,N/A,0,0,0,N/A
34aohjogtza61_processed_4,34aohjogtza61,14,1,N/A,0,0,0,N/A
34aohjogtza61_processed_5,34aohjogtza61,14,2,N/A,0,0,0,N/A
34aohjogtza61_processed_6,34aohjogtza61,14,2,N/A,0,0,0,N/A
34aohjogtza61_processed_7,34aohjogtza61,14,2,N/A,0,0,0,N/A
34aohjogtza61_processed_8,34aohjogtza61,14,2,N/A,0,0,0,N/A
34aohjogtza61_processed_9,34aohjogtza61,14,2,N/A,0,0,0,N/A
34lkvmojqct51_processed_0,34lkvmojqct51,3,2,basketball,1,1,0,N/A
34lkvmojqct51_processed_1,34lkvmojqct51,3,2,basketball,1,1,0,N/A
34lkvmojqct51_processed_2,34lkvmojqct51,3,2,basketball,1,0,0,N/A
34rswao9xeq61_processed_0,34rswao9xeq61,2,1,music,0,0,0,N/A
34rswao9xeq61_processed_1,34rswao9xeq61,2,1,music,0,0,0,N/A
36bjsl3iujm51_processed_0,36bjsl3iujm51,1,1,loud sound boom,0,0,0,N/A
37gpiutnlqj51_processed_0,37gpiutnlqj51,8,2,music,0,0,0,
37gpiutnlqj51_processed_1,37gpiutnlqj51,8,9999,music,0,0,1,
37gpiutnlqj51_processed_2,37gpiutnlqj51,8,9999,music,0,0,1,
37gpiutnlqj51_processed_3,37gpiutnlqj51,8,9999,music,0,0,1,
37gpiutnlqj51_processed_4,37gpiutnlqj51,8,9999,music,0,0,1,
37gpiutnlqj51_processed_5,37gpiutnlqj51,8,9999,music,0,0,1,
37gpiutnlqj51_processed_6,37gpiutnlqj51,8,9999,music,0,0,1,
37gpiutnlqj51_processed_7,37gpiutnlqj51,8,9999,music,0,0,1,
37hw28703lg51_processed_0,37hw28703lg51,4,1,music,0,0,0,
37hw28703lg51_processed_1,37hw28703lg51,4,1,music,0,0,0,
37hw28703lg51_processed_2,37hw28703lg51,4,0,music,0,0,0,
37hw28703lg51_processed_3,37hw28703lg51,4,0,music,0,0,0,
37i5m1uaecb61_processed_0,37i5m1uaecb61,2,1,,0,0,0,
37i5m1uaecb61_processed_1,37i5m1uaecb61,2,1,,0,0,0,N/A
3ad1o2hax5s61_processed_0,3ad1o2hax5s61,2,1,Scared Yelling,0,0,0,N/A
3ad1o2hax5s61_processed_1,3ad1o2hax5s61,2,2,Scared Yelling,0,0,0,N/A
3bajivkljw071_processed_0,3bajivkljw071,11,0,music,1,0,0,N/A
3bajivkljw071_processed_1,3bajivkljw071,11,2,music,1,1,0,N/A
3bajivkljw071_processed_10,3bajivkljw071,11,2,music,1,1,0,N/A
3bajivkljw071_processed_2,3bajivkljw071,11,2,music,1,1,0,N/A
3bajivkljw071_processed_3,3bajivkljw071,11,2,music,1,1,0,N/A
3bajivkljw071_processed_4,3bajivkljw071,11,2,music,1,1,0,N/A
3bajivkljw071_processed_5,3bajivkljw071,11,2,music,1,1,0,N/A
3bajivkljw071_processed_6,3bajivkljw071,11,2,music,1,1,0,N/A
3bajivkljw071_processed_7,3bajivkljw071,11,2,music,1,1,0,N/A
3bajivkljw071_processed_8,3bajivkljw071,11,2,music,1,1,0,N/A
3bajivkljw071_processed_9,3bajivkljw071,11,2,music,1,1,0,N/A
3bddn03cfyo51_processed_0,3bddn03cfyo51,2,2,N/A,0,0,0,N/A
3bddn03cfyo51_processed_1,3bddn03cfyo51,2,1,"Car engine, whistling",0,0,0,N/A
3cdhvfnd5sc61_processed_0,3cdhvfnd5sc61,6,3,N/A,0,0,0,N/A
3cdhvfnd5sc61_processed_1,3cdhvfnd5sc61,6,3,N/A,0,0,0,N/A
3cdhvfnd5sc61_processed_2,3cdhvfnd5sc61,6,3,N/A,0,0,0,N/A
3cdhvfnd5sc61_processed_3,3cdhvfnd5sc61,6,3,N/A,0,0,0,N/A
3cdhvfnd5sc61_processed_4,3cdhvfnd5sc61,6,2,N/A,0,0,0,N/A
3cdhvfnd5sc61_processed_5,3cdhvfnd5sc61,6,2,N/A,0,0,0,N/A
3cmfhzmkmpr51_processed_0,3cmfhzmkmpr51,2,2,N/A,1,1,0,N/A
3cmfhzmkmpr51_processed_1,3cmfhzmkmpr51,2,2,N/A,1,1,0,N/A
3duf3yestck51_processed_0,3duf3yestck51,4,9999,N/A,3,3,1,N/A
3duf3yestck51_processed_1,3duf3yestck51,4,9999,N/A,3,3,1,N/A
3duf3yestck51_processed_2,3duf3yestck51,4,9999,N/A,3,3,1,N/A
3duf3yestck51_processed_3,3duf3yestck51,4,9999,N/A,3,3,1,N/A
3fidd5jaqm171_processed_0,3fidd5jaqm171,2,3,N/A,1,1,0,N/A
3fidd5jaqm171_processed_1,3fidd5jaqm171,2,4,N/A,1,1,0,N/A
3g74orbanac71_processed_0,3g74orbanac71,9,1,N/A,2,0,0,N/A
3g74orbanac71_processed_1,3g74orbanac71,9,2,N/A,2,1,0,N/A
3g74orbanac71_processed_2,3g74orbanac71,9,2,N/A,2,1,0,N/A
3g74orbanac71_processed_3,3g74orbanac71,9,2,N/A,2,1,0,N/A
3g74orbanac71_processed_4,3g74orbanac71,9,2,N/A,2,1,0,N/A
3g74orbanac71_processed_5,3g74orbanac71,9,2,N/A,2,1,0,N/A
3g74orbanac71_processed_6,3g74orbanac71,9,2,metal clicking,2,0,0,N/A
3g74orbanac71_processed_7,3g74orbanac71,9,2,N/A,2,0,0,N/A
3g74orbanac71_processed_8,3g74orbanac71,9,3,N/A,2,2,0,N/A
3gc2e42uf1d71_processed_0,3gc2e42uf1d71,2,1,N/A,0,0,0,N/A
3gc2e42uf1d71_processed_1,3gc2e42uf1d71,2,1,N/A,0,0,0,N/A
3jr9jst7am971_processed_0,3jr9jst7am971,4,2,N/A,1,1,0,N/A
3jr9jst7am971_processed_1,3jr9jst7am971,4,2,N/A,1,1,0,N/A
3jr9jst7am971_processed_2,3jr9jst7am971,4,2,N/A,1,1,0,N/A
3jr9jst7am971_processed_3,3jr9jst7am971,4,2,N/A,1,1,0,N/A
3kmu5y6fvu171_processed_0,3kmu5y6fvu171,8,2,Hip hop music,1,0,0,N/A
3kmu5y6fvu171_processed_1,3kmu5y6fvu171,8,2,Hip hop music,1,0,0,N/A
3kmu5y6fvu171_processed_2,3kmu5y6fvu171,8,1,Hip hop music,1,0,0,N/A
3kmu5y6fvu171_processed_3,3kmu5y6fvu171,8,3,Hip hop music,1,1,0,N/A
3kmu5y6fvu171_processed_4,3kmu5y6fvu171,8,2,Hip hop music,1,1,0,N/A
3kmu5y6fvu171_processed_5,3kmu5y6fvu171,8,2,Hip hop music,1,1,0,N/A
3kmu5y6fvu171_processed_6,3kmu5y6fvu171,8,2,Hip hop music,1,1,0,N/A
3kmu5y6fvu171_processed_7,3kmu5y6fvu171,8,1,Hip hop music,1,0,0,N/A
3l0uj82l03n61_processed_0,3l0uj82l03n61,7,2,N/A,0,0,0,N/A
3l0uj82l03n61_processed_1,3l0uj82l03n61,7,2,N/A,0,0,0,N/A
3l0uj82l03n61_processed_2,3l0uj82l03n61,7,2,N/A,0,0,0,N/A
3l0uj82l03n61_processed_3,3l0uj82l03n61,7,2,N/A,0,0,0,N/A
3l0uj82l03n61_processed_4,3l0uj82l03n61,7,2,N/A,0,0,0,N/A
3l0uj82l03n61_processed_5,3l0uj82l03n61,7,2,N/A,0,0,0,N/A
3l0uj82l03n61_processed_6,3l0uj82l03n61,7,2,N/A,0,0,0,N/A
3na9vvi4e5r51_processed_0,3na9vvi4e5r51,4,1,N/A,1,1,0,N/A
3na9vvi4e5r51_processed_1,3na9vvi4e5r51,4,1,N/A,1,1,0,N/A
3na9vvi4e5r51_processed_2,3na9vvi4e5r51,4,1,N/A,1,1,0,N/A
3na9vvi4e5r51_processed_3,3na9vvi4e5r51,4,1,N/A,1,1,0,N/A
3nhmtwf53sr51_processed_0,3nhmtwf53sr51,5,2,N/A,1,1,0,N/A
3nhmtwf53sr51_processed_1,3nhmtwf53sr51,5,3,N/A,1,1,0,N/A
3nhmtwf53sr51_processed_2,3nhmtwf53sr51,5,1,N/A,1,1,0,N/A
3nhmtwf53sr51_processed_3,3nhmtwf53sr51,5,1,N/A,1,1,0,N/A
3nhmtwf53sr51_processed_4,3nhmtwf53sr51,5,2,N/A,1,1,0,N/A
3nj3vuhaskf71_processed_0,3nj3vuhaskf71,4,1,N/A,1,0,0,N/A
3nj3vuhaskf71_processed_1,3nj3vuhaskf71,4,2,N/A,1,0,0,N/A
3nj3vuhaskf71_processed_2,3nj3vuhaskf71,4,1,N/A,1,0,0,N/A
3nj3vuhaskf71_processed_3,3nj3vuhaskf71,4,1,N/A,1,1,0,N/A
3nr00989hhp51_processed_0,3nr00989hhp51,6,1,N/A,2,0,0,N/A
3nr00989hhp51_processed_1,3nr00989hhp51,6,1,N/A,2,0,0,N/A
3nr00989hhp51_processed_2,3nr00989hhp51,6,9999,N/A,2,2,1,N/A
3nr00989hhp51_processed_3,3nr00989hhp51,6,9999,N/A,2,2,1,N/A
3nr00989hhp51_processed_4,3nr00989hhp51,6,9999,N/A,2,2,1,N/A
3nr00989hhp51_processed_5,3nr00989hhp51,6,9999,N/A,2,2,1,N/A
3nvn1lwacgg61_processed_0,3nvn1lwacgg61,14,9999,Clapping,0,0,1,N/A
3nvn1lwacgg61_processed_1,3nvn1lwacgg61,14,9999,Clapping,0,0,1,N/A
3nvn1lwacgg61_processed_10,3nvn1lwacgg61,14,9999,"Clapping, protest, traffic",0,0,1,N/A
3nvn1lwacgg61_processed_11,3nvn1lwacgg61,14,9999,"Clapping, protest, traffic",0,0,1,N/A
3nvn1lwacgg61_processed_12,3nvn1lwacgg61,14,9999,"Clapping, protest, traffic",0,0,1,N/A
3nvn1lwacgg61_processed_13,3nvn1lwacgg61,14,9999,"Clapping, protest, traffic",0,0,1,N/A
3nvn1lwacgg61_processed_2,3nvn1lwacgg61,14,9999,Clapping,0,0,1,N/A
3nvn1lwacgg61_processed_3,3nvn1lwacgg61,14,9999,Clapping,0,0,1,N/A
3nvn1lwacgg61_processed_4,3nvn1lwacgg61,14,9999,"Clapping, protest, traffic",0,0,1,N/A
3nvn1lwacgg61_processed_5,3nvn1lwacgg61,14,9999,"Clapping, protest, traffic",0,0,1,N/A
3nvn1lwacgg61_processed_6,3nvn1lwacgg61,14,9999,"Clapping, protest, traffic",0,0,1,N/A
3nvn1lwacgg61_processed_7,3nvn1lwacgg61,14,9999,"Clapping, protest, traffic",0,0,1,N/A
3nvn1lwacgg61_processed_8,3nvn1lwacgg61,14,9999,"Clapping, protest, traffic",0,0,1,N/A
3nvn1lwacgg61_processed_9,3nvn1lwacgg61,14,9999,"Clapping, protest, traffic",0,0,1,N/A
3qj111llw2e71_processed_0,3qj111llw2e71,3,2,N/A,1,0,0,N/A
3qj111llw2e71_processed_1,3qj111llw2e71,3,9999,,1,1,1,N/A
3qj111llw2e71_processed_2,3qj111llw2e71,3,9999,,1,0,1,N/A
3rmzq4godzr51_processed_0,3rmzq4godzr51,1,1,traffic,1,1,0,N/A
3sfnd1s919r61_processed_0,3sfnd1s919r61,8,2,N/A,3,3,0,N/A
3sfnd1s919r61_processed_1,3sfnd1s919r61,8,2,N/A,3,2,0,N/A
3sfnd1s919r61_processed_2,3sfnd1s919r61,8,2,N/A,3,2,0,N/A
3sfnd1s919r61_processed_3,3sfnd1s919r61,8,3,N/A,3,2,0,N/A
3sfnd1s919r61_processed_4,3sfnd1s919r61,8,3,N/A,3,3,0,N/A
3sfnd1s919r61_processed_5,3sfnd1s919r61,8,3,N/A,3,3,0,N/A
3sfnd1s919r61_processed_6,3sfnd1s919r61,8,3,N/A,3,3,0,N/A
3sfnd1s919r61_processed_7,3sfnd1s919r61,8,3,Gun loading,3,3,0,N/A
3sx0ah753fk61_processed_0,3sx0ah753fk61,26,1,N/A,3,0,0,N/A
3sx0ah753fk61_processed_1,3sx0ah753fk61,26,1,N/A,3,0,0,N/A
3sx0ah753fk61_processed_10,3sx0ah753fk61,26,3,N/A,3,0,0,N/A
3sx0ah753fk61_processed_11,3sx0ah753fk61,26,3,N/A,3,0,0,N/A
3sx0ah753fk61_processed_12,3sx0ah753fk61,26,3,N/A,3,1,0,N/A
3sx0ah753fk61_processed_13,3sx0ah753fk61,26,3,N/A,3,1,0,N/A
3sx0ah753fk61_processed_14,3sx0ah753fk61,26,3,N/A,3,1,0,N/A
3sx0ah753fk61_processed_15,3sx0ah753fk61,26,3,N/A,3,1,0,N/A
3sx0ah753fk61_processed_16,3sx0ah753fk61,26,3,N/A,3,1,0,N/A
3sx0ah753fk61_processed_17,3sx0ah753fk61,26,3,N/A,3,1,0,N/A
3sx0ah753fk61_processed_18,3sx0ah753fk61,26,2,N/A,3,1,0,N/A
3sx0ah753fk61_processed_19,3sx0ah753fk61,26,2,N/A,3,2,0,N/A
3sx0ah753fk61_processed_2,3sx0ah753fk61,26,1,N/A,3,0,0,N/A
3sx0ah753fk61_processed_20,3sx0ah753fk61,26,3,N/A,3,2,0,N/A
3sx0ah753fk61_processed_21,3sx0ah753fk61,26,4,N/A,3,3,0,N/A
3sx0ah753fk61_processed_22,3sx0ah753fk61,26,4,N/A,3,3,0,N/A
3sx0ah753fk61_processed_23,3sx0ah753fk61,26,4,N/A,3,3,0,N/A
3sx0ah753fk61_processed_24,3sx0ah753fk61,26,4,N/A,3,3,0,N/A
3sx0ah753fk61_processed_25,3sx0ah753fk61,26,5,N/A,3,2,0,N/A
3sx0ah753fk61_processed_3,3sx0ah753fk61,26,1,N/A,3,0,0,N/A
3sx0ah753fk61_processed_4,3sx0ah753fk61,26,1,N/A,3,0,0,N/A
3sx0ah753fk61_processed_5,3sx0ah753fk61,26,1,N/A,3,0,0,N/A
3sx0ah753fk61_processed_6,3sx0ah753fk61,26,1,N/A,3,0,0,N/A
3sx0ah753fk61_processed_7,3sx0ah753fk61,26,2,N/A,3,0,0,N/A
3sx0ah753fk61_processed_8,3sx0ah753fk61,26,3,N/A,3,1,0,N/A
3sx0ah753fk61_processed_9,3sx0ah753fk61,26,3,N/A,3,0,0,N/A
zvkhxd3vp3o51_processed_0,zvkhxd3vp3o51,9,9999,crowd,2,2,1,N/A
zvkhxd3vp3o51_processed_1,zvkhxd3vp3o51,9,2,crowd,2,2,0,N/A
zvkhxd3vp3o51_processed_2,zvkhxd3vp3o51,9,2,"crowd, kids screaming",2,1,0,N/A
zvkhxd3vp3o51_processed_3,zvkhxd3vp3o51,9,2,"crowd, kids screaming",2,1,0,N/A
zvkhxd3vp3o51_processed_4,zvkhxd3vp3o51,9,3,"crowd, kids screaming",2,2,0,N/A
zvkhxd3vp3o51_processed_5,zvkhxd3vp3o51,9,3,"crowd, kids screaming",2,2,0,N/A
zvkhxd3vp3o51_processed_6,zvkhxd3vp3o51,9,3,"crowd, kids screaming",2,2,0,N/A
zvkhxd3vp3o51_processed_7,zvkhxd3vp3o51,9,3,"crowd, kids screaming",2,2,0,N/A
zvkhxd3vp3o51_processed_8,zvkhxd3vp3o51,9,3,"crowd, kids screaming",2,2,0,N/A
,,,,,,,,
,,,,,,,,
,,,,,,,,
,,,,,,,,
,,,,,,,,
,,,,,,,,
,,,,,,,,
,,,,,,,,
,,,,,,,,
,,,,,,,,
,,,,,,,,
,,,,,,,,
,,,,,,,,
,,,,,,,,
,,,,,,,,
,,,,,,,,
,,,,,,,,
,,,,,,,,
,,,,,,,,
,,,,,,,,
,,,,,,,,
,,,,,,,,
,,,,,,,,
,,,,,,,,
,,,,,,,,
,,,,,,,,
,,,,,,,,
,,,,,,,,
,,,,,,,,
,,,,,,,,
,,,,,,,,
,,,,,,,,
,,,,,,,,
,,,,,,,,
,,,,,,,,
,,,,,,,,
,,,,,,,,
,,,,,,,,
,,,,,,,,
,,,,,,,,
,,,,,,,,
,,,,,,,,
,,,,,,,,
,,,,,,,,
,,,,,,,,
,,,,,,,,
,,,,,,,,
,,,,,,,,
,,,,,,,,
,,,,,,,,
,,,,,,,,
,,,,,,,,
,,,,,,,,
,,,,,,,,
,,,,,,,,
,,,,,,,,
,,,,,,,,
