file_name,parent_file,number_of_segments,noisy,number_of_voices_parent,extra_sounds,parent_label,segment_label,notes
hpawo16k1s961_processed_0,hpawo16k1s961,2,1,1,crowd protesting,0,0,N/A
hpawo16k1s961_processed_1,hpawo16k1s961,2,1,1,crowd protesting,0,0,N/A
hqztlcsmm1k51_processed_0,hqztlcsmm1k51,3,0,1,N/A,0,0,N/A
hqztlcsmm1k51_processed_1,hqztlcsmm1k51,3,0,1,N/A,0,0,N/A
hqztlcsmm1k51_processed_2,hqztlcsmm1k51,3,0,1,N/A,0,0,N/A
hr8n7irrnqk51_processed_0,hr8n7irrnqk51,11,0,2,N/A,0,0,N/A
hr8n7irrnqk51_processed_1,hr8n7irrnqk51,11,0,1,N/A,0,0,N/A
hr8n7irrnqk51_processed_2,hr8n7irrnqk51,11,0,1,N/A,0,0,N/A
hr8n7irrnqk51_processed_3,hr8n7irrnqk51,11,0,1,laughing,0,0,N/A
hr8n7irrnqk51_processed_4,hr8n7irrnqk51,11,0,1,N/A,0,0,N/A
hr8n7irrnqk51_processed_5,hr8n7irrnqk51,11,0,1,N/A,0,0,N/A
hr8n7irrnqk51_processed_6,hr8n7irrnqk51,11,0,1,N/A,0,0,N/A
hr8n7irrnqk51_processed_7,hr8n7irrnqk51,11,0,1,N/A,0,0,N/A
hr8n7irrnqk51_processed_8,hr8n7irrnqk51,11,0,1,N/A,0,0,N/A
hr8n7irrnqk51_processed_9,hr8n7irrnqk51,11,0,1,N/A,0,0,N/A
hr8n7irrnqk51_processed_10,hr8n7irrnqk51,11,0,2,Clapping,0,0,N/A
hsuk4xsys4w61_processed_0,hsuk4xsys4w61,21,0,2,radio,3,0,N/A
hsuk4xsys4w61_processed_1,hsuk4xsys4w61,21,0,1,N/A,3,0,N/A
hsuk4xsys4w61_processed_2,hsuk4xsys4w61,21,0,2,radio,3,0,N/A
hsuk4xsys4w61_processed_3,hsuk4xsys4w61,21,0,2,yelling on radio,3,0,N/A
hsuk4xsys4w61_processed_4,hsuk4xsys4w61,21,0,2,yelling on radio,3,0,N/A
hsuk4xsys4w61_processed_5,hsuk4xsys4w61,21,0,3,N/A,3,3,N/A
hsuk4xsys4w61_processed_6,hsuk4xsys4w61,21,0,1,N/A,3,0,N/A
hsuk4xsys4w61_processed_7,hsuk4xsys4w61,21,0,2,radio,3,0,N/A
hsuk4xsys4w61_processed_8,hsuk4xsys4w61,21,0,2,radio,3,0,N/A
hsuk4xsys4w61_processed_9,hsuk4xsys4w61,21,0,2,radio,3,0,N/A
hsuk4xsys4w61_processed_10,hsuk4xsys4w61,21,0,3,N/A,3,1,N/A
hsuk4xsys4w61_processed_11,hsuk4xsys4w61,21,0,2,N/A,3,1,N/A
hsuk4xsys4w61_processed_12,hsuk4xsys4w61,21,0,3,N/A,3,1,N/A
hsuk4xsys4w61_processed_13,hsuk4xsys4w61,21,0,3,N/A,3,1,N/A
hsuk4xsys4w61_processed_14,hsuk4xsys4w61,21,0,3,N/A,3,2,N/A
hsuk4xsys4w61_processed_15,hsuk4xsys4w61,21,0,3,N/A,3,2,N/A
hsuk4xsys4w61_processed_16,hsuk4xsys4w61,21,0,3,N/A,3,2,N/A
hsuk4xsys4w61_processed_17,hsuk4xsys4w61,21,0,3,N/A,3,3,N/A
hsuk4xsys4w61_processed_18,hsuk4xsys4w61,21,0,3,N/A,3,1,N/A
hsuk4xsys4w61_processed_19,hsuk4xsys4w61,21,0,1,N/A,3,0,N/A
hsuk4xsys4w61_processed_20,hsuk4xsys4w61,21,0,1,N/A,3,0,N/A
hv7owj844s461_processed_0,hv7owj844s461,10,1,9999,Crowd protesting,3,2,N/A
hv7owj844s461_processed_1,hv7owj844s461,10,1,9999,Crowd protesting,3,2,N/A
hv7owj844s461_processed_2,hv7owj844s461,10,1,9999,Crowd protesting,3,3,N/A
hv7owj844s461_processed_3,hv7owj844s461,10,1,9999,Crowd protesting,3,3,N/A
hv7owj844s461_processed_4,hv7owj844s461,10,1,9999,Crowd protesting,3,3,N/A
hv7owj844s461_processed_5,hv7owj844s461,10,1,9999,Crowd protesting,3,3,N/A
hv7owj844s461_processed_6,hv7owj844s461,10,1,9999,Crowd protesting,3,3,N/A
hv7owj844s461_processed_7,hv7owj844s461,10,1,9999,Crowd protesting,3,3,N/A
hv7owj844s461_processed_8,hv7owj844s461,10,1,9999,Crowd protesting,3,3,N/A
hv7owj844s461_processed_9,hv7owj844s461,10,1,9999,Crowd protesting,3,3,N/A
hwi204sbxpf61_processed_0,hwi204sbxpf61,11,0,2,N/A,1,0,N/A
hwi204sbxpf61_processed_1,hwi204sbxpf61,11,0,2,N/A,1,0,N/A
hwi204sbxpf61_processed_2,hwi204sbxpf61,11,0,3,N/A,1,1,Person screaming faintly in the background
hwi204sbxpf61_processed_3,hwi204sbxpf61,11,0,2,N/A,1,0,N/A
hwi204sbxpf61_processed_4,hwi204sbxpf61,11,0,2,N/A,1,0,N/A
hwi204sbxpf61_processed_5,hwi204sbxpf61,11,0,2,N/A,1,0,N/A
hwi204sbxpf61_processed_6,hwi204sbxpf61,11,0,3,N/A,1,0,N/A
hwi204sbxpf61_processed_7,hwi204sbxpf61,11,0,3,N/A,1,0,N/A
hwi204sbxpf61_processed_8,hwi204sbxpf61,11,0,3,N/A,1,0,N/A
hwi204sbxpf61_processed_9,hwi204sbxpf61,11,0,3,N/A,1,0,N/A
hwi204sbxpf61_processed_10,hwi204sbxpf61,11,0,3,N/A,1,0,N/A
hx99824cif971_processed_0,hx99824cif971,4,0,2,people laughing,0,0,N/A
hx99824cif971_processed_1,hx99824cif971,4,0,2,laughing noises,0,0,N/A
hx99824cif971_processed_2,hx99824cif971,4,0,3,N/A,0,0,N/A
hx99824cif971_processed_3,hx99824cif971,4,0,2,N/A,0,0,N/A
hxx6a6sw3ty51_processed_0,hxx6a6sw3ty51,17,0,3,N/A,1,0,N/A
hxx6a6sw3ty51_processed_1,hxx6a6sw3ty51,17,0,1,N/A,1,0,N/A
hxx6a6sw3ty51_processed_2,hxx6a6sw3ty51,17,0,3,N/A,1,0,N/A
hxx6a6sw3ty51_processed_3,hxx6a6sw3ty51,17,0,1,N/A,1,0,N/A
hxx6a6sw3ty51_processed_4,hxx6a6sw3ty51,17,0,2,N/A,1,1,N/A
hxx6a6sw3ty51_processed_5,hxx6a6sw3ty51,17,0,2,N/A,1,1,N/A
hxx6a6sw3ty51_processed_6,hxx6a6sw3ty51,17,0,1,music,1,1,N/A
hxx6a6sw3ty51_processed_7,hxx6a6sw3ty51,17,0,1,music,1,1,N/A
hxx6a6sw3ty51_processed_8,hxx6a6sw3ty51,17,0,1,music,1,1,N/A
hxx6a6sw3ty51_processed_9,hxx6a6sw3ty51,17,0,3,music,1,1,N/A
hxx6a6sw3ty51_processed_10,hxx6a6sw3ty51,17,0,1,music,1,1,N/A
hxx6a6sw3ty51_processed_11,hxx6a6sw3ty51,17,0,3,music,1,1,N/A
hxx6a6sw3ty51_processed_12,hxx6a6sw3ty51,17,0,1,music,1,1,N/A
hxx6a6sw3ty51_processed_13,hxx6a6sw3ty51,17,0,1,music,1,1,N/A
hxx6a6sw3ty51_processed_14,hxx6a6sw3ty51,17,0,1,music,1,1,N/A
hxx6a6sw3ty51_processed_15,hxx6a6sw3ty51,17,0,2,music,1,1,N/A
hxx6a6sw3ty51_processed_16,hxx6a6sw3ty51,17,0,1,music,1,1,N/A
i0egv3kdj9571_processed_0,i0egv3kdj9571,4,1,1,,0,0,N/A
i0egv3kdj9571_processed_1,i0egv3kdj9571,4,1,2,"dog barking, indistinct shouting",0,0,N/A
i0egv3kdj9571_processed_2,i0egv3kdj9571,4,1,9999,"dog barking, indistinct shouting",0,0,N/A
i0egv3kdj9571_processed_3,i0egv3kdj9571,4,1,9999,"dog barking, indistinct shouting",0,0,N/A
i0j3itectl361_processed_0,i0j3itectl361,7,0,1,honking,0,0,N/A
i0j3itectl361_processed_1,i0j3itectl361,7,0,1,honking,0,0,N/A
i0j3itectl361_processed_2,i0j3itectl361,7,0,1,honking,0,0,N/A
i0j3itectl361_processed_3,i0j3itectl361,7,0,2,honking,0,0,N/A
i0j3itectl361_processed_4,i0j3itectl361,7,0,2,honking,0,0,N/A
i0j3itectl361_processed_5,i0j3itectl361,7,0,0,honking,0,0,N/A
i0j3itectl361_processed_6,i0j3itectl361,7,0,0,honking,0,0,N/A
i1z0jnu05hl61_processed_0,i1z0jnu05hl61,7,0,0,music,1,0,N/A
i1z0jnu05hl61_processed_1,i1z0jnu05hl61,7,0,1,music,1,1,N/A
i1z0jnu05hl61_processed_2,i1z0jnu05hl61,7,0,2,music,1,1,N/A
i1z0jnu05hl61_processed_3,i1z0jnu05hl61,7,0,1,music,1,1,N/A
i1z0jnu05hl61_processed_4,i1z0jnu05hl61,7,0,0,music,1,0,N/A
i1z0jnu05hl61_processed_5,i1z0jnu05hl61,7,0,1,music,1,1,N/A
i1z0jnu05hl61_processed_6,i1z0jnu05hl61,7,0,1,music,1,1,N/A
i294za8r11371_processed_0,i294za8r11371,3,0,1,"dog crying, laughing",0,0,N/A
i294za8r11371_processed_1,i294za8r11371,3,0,2,"dog crying, laughing",0,0,N/A
i294za8r11371_processed_2,i294za8r11371,3,0,1,"dog crying, laughing",0,0,N/A
i35rsfl9ye561_processed_0,i35rsfl9ye561,4,0,3,laughing,0,0,N/A
i35rsfl9ye561_processed_1,i35rsfl9ye561,4,0,2,shouting,0,0,shouting here is an act of teasing and no danger
i35rsfl9ye561_processed_2,i35rsfl9ye561,4,0,2,"laughing, giggling",0,0,N/A
i35rsfl9ye561_processed_3,i35rsfl9ye561,4,0,2,laughing,0,0,N/A
i3jp22c6gua71_processed_0,i3jp22c6gua71,85,0,2,crying loudly,2,1,N/A
i3jp22c6gua71_processed_1,i3jp22c6gua71,85,0,2,music,2,1,N/A
i3jp22c6gua71_processed_2,i3jp22c6gua71,85,0,2,music,2,1,N/A
i3jp22c6gua71_processed_3,i3jp22c6gua71,85,0,2,"music, crowd ",2,0,N/A
i3jp22c6gua71_processed_4,i3jp22c6gua71,85,0,2,music,2,0,N/A
i3jp22c6gua71_processed_5,i3jp22c6gua71,85,0,2,music,2,0,N/A
i3jp22c6gua71_processed_6,i3jp22c6gua71,85,0,3,music,2,1,N/A
i3jp22c6gua71_processed_7,i3jp22c6gua71,85,0,2,music,2,0,N/A
i3jp22c6gua71_processed_8,i3jp22c6gua71,85,0,2,music,2,1,N/A
i3jp22c6gua71_processed_9,i3jp22c6gua71,85,0,3,music,2,0,N/A
i3jp22c6gua71_processed_10,i3jp22c6gua71,85,0,2,music,2,2,N/A
i3jp22c6gua71_processed_11,i3jp22c6gua71,85,0,2,music,2,2,N/A
i3jp22c6gua71_processed_12,i3jp22c6gua71,85,0,3,"music,radio",2,2,N/A
i3jp22c6gua71_processed_13,i3jp22c6gua71,85,0,3,"music,radio",2,2,N/A
i3jp22c6gua71_processed_14,i3jp22c6gua71,85,0,2,music,2,2,N/A
i3jp22c6gua71_processed_15,i3jp22c6gua71,85,0,2,music,2,2,N/A
i3jp22c6gua71_processed_16,i3jp22c6gua71,85,0,2,music,2,1,N/A
i3jp22c6gua71_processed_17,i3jp22c6gua71,85,0,3,music,2,0,N/A
i3jp22c6gua71_processed_18,i3jp22c6gua71,85,0,2,music,2,0,N/A
i3jp22c6gua71_processed_19,i3jp22c6gua71,85,0,2,music,2,1,N/A
i3jp22c6gua71_processed_20,i3jp22c6gua71,85,0,2,music,2,1,N/A
i3jp22c6gua71_processed_21,i3jp22c6gua71,85,0,2,music,2,1,N/A
i3jp22c6gua71_processed_22,i3jp22c6gua71,85,0,2,"music, radio",2,1,N/A
i3jp22c6gua71_processed_23,i3jp22c6gua71,85,0,2,music,2,0,N/A
i3jp22c6gua71_processed_24,i3jp22c6gua71,85,0,2,music,2,1,N/A
i3jp22c6gua71_processed_25,i3jp22c6gua71,85,0,2,music,2,1,N/A
i3jp22c6gua71_processed_26,i3jp22c6gua71,85,0,1,music,2,0,N/A
i3jp22c6gua71_processed_27,i3jp22c6gua71,85,0,2,music,2,2,N/A
i3jp22c6gua71_processed_28,i3jp22c6gua71,85,0,2,music,2,2,N/A
i3jp22c6gua71_processed_29,i3jp22c6gua71,85,0,1,music,2,2,N/A
i3jp22c6gua71_processed_30,i3jp22c6gua71,85,0,2,music,2,1,N/A
i3jp22c6gua71_processed_31,i3jp22c6gua71,85,0,3,music,2,0,N/A
i3jp22c6gua71_processed_32,i3jp22c6gua71,85,0,1,music,2,1,N/A
i3jp22c6gua71_processed_33,i3jp22c6gua71,85,0,2,music,2,1,N/A
i3jp22c6gua71_processed_34,i3jp22c6gua71,85,0,2,music,2,2,N/A
i3jp22c6gua71_processed_35,i3jp22c6gua71,85,0,3,music,2,1,N/A
i3jp22c6gua71_processed_36,i3jp22c6gua71,85,0,2,music,2,1,N/A
i3jp22c6gua71_processed_37,i3jp22c6gua71,85,0,3,music,2,1,N/A
i3jp22c6gua71_processed_38,i3jp22c6gua71,85,0,2,music,2,1,N/A
i3jp22c6gua71_processed_39,i3jp22c6gua71,85,0,2,music,2,1,N/A
i3jp22c6gua71_processed_40,i3jp22c6gua71,85,0,2,music,2,1,N/A
i3jp22c6gua71_processed_41,i3jp22c6gua71,85,0,3,music,2,1,N/A
i3jp22c6gua71_processed_42,i3jp22c6gua71,85,0,3,music,2,0,N/A
i3jp22c6gua71_processed_43,i3jp22c6gua71,85,0,2,music,2,2,N/A
i3jp22c6gua71_processed_44,i3jp22c6gua71,85,0,1,music,2,2,N/A
i3jp22c6gua71_processed_45,i3jp22c6gua71,85,0,1,music,2,1,N/A
i3jp22c6gua71_processed_46,i3jp22c6gua71,85,0,2,music,2,1,N/A
i3jp22c6gua71_processed_47,i3jp22c6gua71,85,0,2,music,2,1,N/A
i3jp22c6gua71_processed_48,i3jp22c6gua71,85,0,2,music,2,1,N/A
i3jp22c6gua71_processed_49,i3jp22c6gua71,85,0,2,music,2,0,N/A
i3jp22c6gua71_processed_50,i3jp22c6gua71,85,0,2,music,2,1,N/A
i3jp22c6gua71_processed_51,i3jp22c6gua71,85,0,2,music,2,0,N/A
i3jp22c6gua71_processed_52,i3jp22c6gua71,85,0,2,music,2,0,N/A
i3jp22c6gua71_processed_53,i3jp22c6gua71,85,0,2,music,2,2,N/A
i3jp22c6gua71_processed_54,i3jp22c6gua71,85,0,2,music,2,1,N/A
i3jp22c6gua71_processed_55,i3jp22c6gua71,85,0,3,"music, radio",2,1,N/A
i3jp22c6gua71_processed_56,i3jp22c6gua71,85,0,2,music,2,1,N/A
i3jp22c6gua71_processed_57,i3jp22c6gua71,85,0,2,music,2,1,N/A
i3jp22c6gua71_processed_58,i3jp22c6gua71,85,0,2,music,2,1,N/A
i3jp22c6gua71_processed_59,i3jp22c6gua71,85,0,1,music,2,0,N/A
i3jp22c6gua71_processed_60,i3jp22c6gua71,85,0,2,music,2,0,N/A
i3jp22c6gua71_processed_61,i3jp22c6gua71,85,0,2,music,2,0,N/A
i3jp22c6gua71_processed_62,i3jp22c6gua71,85,0,2,music,2,0,N/A
i3jp22c6gua71_processed_63,i3jp22c6gua71,85,0,2,music,2,0,N/A
i3jp22c6gua71_processed_64,i3jp22c6gua71,85,0,2,music,2,1,N/A
i3jp22c6gua71_processed_65,i3jp22c6gua71,85,0,2,"music, radio",2,0,N/A
i3jp22c6gua71_processed_66,i3jp22c6gua71,85,0,2,music,2,1,N/A
i3jp22c6gua71_processed_67,i3jp22c6gua71,85,0,2,music,2,1,N/A
i3jp22c6gua71_processed_68,i3jp22c6gua71,85,0,2,music,2,0,N/A
i3jp22c6gua71_processed_69,i3jp22c6gua71,85,0,3,music,2,1,N/A
i3jp22c6gua71_processed_70,i3jp22c6gua71,85,0,3,music,2,0,N/A
i3jp22c6gua71_processed_71,i3jp22c6gua71,85,0,2,music,2,0,N/A
i3jp22c6gua71_processed_72,i3jp22c6gua71,85,0,3,music,2,1,N/A
i3jp22c6gua71_processed_73,i3jp22c6gua71,85,0,3,music,2,1,N/A
i3jp22c6gua71_processed_74,i3jp22c6gua71,85,0,2,music,2,1,N/A
i3jp22c6gua71_processed_75,i3jp22c6gua71,85,0,3,music,2,1,N/A
i3jp22c6gua71_processed_76,i3jp22c6gua71,85,0,2,music,2,2,N/A
i3jp22c6gua71_processed_77,i3jp22c6gua71,85,0,2,music,2,1,N/A
i3jp22c6gua71_processed_78,i3jp22c6gua71,85,0,2,music,2,1,N/A
i3jp22c6gua71_processed_79,i3jp22c6gua71,85,0,3,music,2,1,N/A
i3jp22c6gua71_processed_80,i3jp22c6gua71,85,0,3,music,2,1,N/A
i3jp22c6gua71_processed_81,i3jp22c6gua71,85,0,3,"music, radio",2,1,N/A
i3jp22c6gua71_processed_82,i3jp22c6gua71,85,0,3,music,2,1,N/A
i3jp22c6gua71_processed_83,i3jp22c6gua71,85,0,3,music,2,1,N/A
i3jp22c6gua71_processed_84,i3jp22c6gua72,85,0,1,music,2,2,N/A
i3ord576y6h61_processed_0,i3ord576y6h61,3,1,9999,thumping,3,0,N/A
i3ord576y6h61_processed_1,i3ord576y6h61,3,0,2,"thumping, fighting",3,3,N/A
i3ord576y6h61_processed_2,i3ord576y6h61,3,0,2,N/A,3,0,N/A
i4p2y2zf0dl51_processed_0,i4p2y2zf0dl51,6,1,1,N/A,0,0,N/A
i4p2y2zf0dl51_processed_1,i4p2y2zf0dl51,6,1,1,N/A,0,0,N/A
i4p2y2zf0dl51_processed_2,i4p2y2zf0dl51,6,1,1,N/A,0,0,N/A
i4p2y2zf0dl51_processed_3,i4p2y2zf0dl51,6,1,2,N/A,0,0,N/A
i4p2y2zf0dl51_processed_4,i4p2y2zf0dl51,6,1,1,N/A,0,0,N/A
i4p2y2zf0dl51_processed_5,i4p2y2zf0dl51,6,1,1,N/A,0,0,N/A
i5es1l4jvlk51_processed_0,i5es1l4jvlk51,6,1,0,music,0,0,N/A
i5es1l4jvlk51_processed_1,i5es1l4jvlk51,6,1,0,music,0,0,N/A
i5es1l4jvlk51_processed_2,i5es1l4jvlk51,6,1,0,music,0,0,N/A
i5es1l4jvlk51_processed_3,i5es1l4jvlk51,6,1,0,music,0,0,N/A
i5es1l4jvlk51_processed_4,i5es1l4jvlk51,6,1,0,music,0,0,N/A
i5es1l4jvlk51_processed_5,i5es1l4jvlk51,6,1,0,music,0,0,N/A
i7dqk9jzlss51_processed_0,i7dqk9jzlss51,5,0,2,"laughing, wind",0,0,N/A
i7dqk9jzlss51_processed_1,i7dqk9jzlss51,5,0,4,"laughing, wind",0,0,N/A
i7dqk9jzlss51_processed_2,i7dqk9jzlss51,5,0,4,"laughing, wind",0,0,N/A
i7dqk9jzlss51_processed_3,i7dqk9jzlss51,5,0,4,"laughing, wind",0,0,N/A
i7dqk9jzlss51_processed_4,i7dqk9jzlss51,5,0,4,"laughing, wind",0,0,N/A
i8diucxaym671_processed_0,i8diucxaym671,1,1,0,machine working,0,0,N/A
iabuib3sl9i51_processed_0,iabuib3sl9i51,11,0,2,N/A,3,1,N/A
iabuib3sl9i51_processed_1,iabuib3sl9i51,11,0,2,N/A,3,2,N/A
iabuib3sl9i51_processed_2,iabuib3sl9i51,11,0,2,N/A,3,2,N/A
iabuib3sl9i51_processed_3,iabuib3sl9i51,11,0,2,N/A,3,2,N/A
iabuib3sl9i51_processed_4,iabuib3sl9i51,11,0,2,N/A,3,2,N/A
iabuib3sl9i51_processed_5,iabuib3sl9i51,11,0,2,N/A,3,2,N/A
iabuib3sl9i51_processed_6,iabuib3sl9i51,11,0,2,N/A,3,3,N/A
iabuib3sl9i51_processed_7,iabuib3sl9i51,11,0,2,N/A,3,3,N/A
iabuib3sl9i51_processed_8,iabuib3sl9i51,11,0,2,N/A,3,3,N/A
iabuib3sl9i51_processed_9,iabuib3sl9i51,11,0,2,N/A,3,3,N/A
iabuib3sl9i51_processed_10,iabuib3sl9i51,11,0,3,N/A,3,2,N/A
iajs1brhnge61_processed_0,iajs1brhnge61,13,0,1,crowd talking,3,1,N/A
iajs1brhnge61_processed_1,iajs1brhnge61,13,0,2,crowd talking,3,1,N/A
iajs1brhnge61_processed_2,iajs1brhnge61,13,1,9999,crowd talking,3,2,N/A
iajs1brhnge61_processed_3,iajs1brhnge61,13,1,9999,"crowd talking, kids crying",3,3,N/A
iajs1brhnge61_processed_4,iajs1brhnge61,13,1,9999,"crowd talking, kids crying",3,3,N/A
iajs1brhnge61_processed_5,iajs1brhnge61,13,1,9999,"crowd talking, kids crying",3,3,N/A
iajs1brhnge61_processed_6,iajs1brhnge61,13,1,9999,"crowd talking, kids crying",3,3,N/A
iajs1brhnge61_processed_7,iajs1brhnge61,13,1,9999,"crowd talking, kids crying",3,3,N/A
iajs1brhnge61_processed_8,iajs1brhnge61,13,1,9999,"crowd talking, kids crying",3,3,N/A
iajs1brhnge61_processed_9,iajs1brhnge61,13,1,9999,"crowd talking, kids crying",3,3,N/A
iajs1brhnge61_processed_10,iajs1brhnge61,13,1,9999,"crowd talking, kids crying",3,3,N/A
iajs1brhnge61_processed_11,iajs1brhnge61,13,1,9999,"crowd talking, kids crying",3,3,N/A
iajs1brhnge61_processed_12,iajs1brhnge61,13,1,9999,"crowd talking, kids crying",3,3,N/A
iaws68pulnl51_processed_0,iaws68pulnl51,5,0,2,N/A,0,0,N/A
iaws68pulnl51_processed_1,iaws68pulnl51,5,0,1,N/A,0,0,N/A
iaws68pulnl51_processed_2,iaws68pulnl51,5,0,2,N/A,0,0,N/A
iaws68pulnl51_processed_3,iaws68pulnl51,5,0,2,N/A,0,0,N/A
iaws68pulnl51_processed_4,iaws68pulnl51,5,0,2,N/A,0,0,N/A
iaxt709v25071_processed_0,iaxt709v25071,5,0,1,"Crowd protesting, gun shots",1,1,N/A
iaxt709v25071_processed_1,iaxt709v25071,5,0,1,"Crowd protesting, gun shots",1,1,N/A
iaxt709v25071_processed_2,iaxt709v25071,5,0,1,"Crowd protesting, gun shots, honk",1,1,N/A
iaxt709v25071_processed_3,iaxt709v25071,5,0,1,"Crowd protesting, gun shots, honk",1,1,N/A
iaxt709v25071_processed_4,iaxt709v25071,5,0,1,"Crowd protesting, gun shots, honk",1,1,N/A
id9r7h75upx61_processed_0,id9r7h75upx61,3,0,3,N/A,2,1,N/A
id9r7h75upx61_processed_1,id9r7h75upx61,3,0,3,N/A,2,2,N/A
id9r7h75upx61_processed_2,id9r7h75upx61,3,0,3,N/A,2,2,N/A
ifh1kutiypb61_processed_0,ifh1kutiypb61,6,0,1,music,0,0,N/A
ifh1kutiypb61_processed_1,ifh1kutiypb61,6,0,1,music,0,0,N/A
ifh1kutiypb61_processed_2,ifh1kutiypb61,6,0,1,music,0,0,N/A
ifh1kutiypb61_processed_3,ifh1kutiypb61,6,0,1,music,0,0,N/A
ifh1kutiypb61_processed_4,ifh1kutiypb61,6,0,1,"music, crowd cheering",0,0,N/A
ifh1kutiypb61_processed_5,ifh1kutiypb61,6,0,1,"music, crowd cheering",0,0,N/A
igyp8zm15tq51_processed_0,igyp8zm15tq51,6,0,0,flute,0,0,N/A
igyp8zm15tq51_processed_1,igyp8zm15tq51,6,0,0,"flute, singing",0,0,N/A
igyp8zm15tq51_processed_2,igyp8zm15tq51,6,0,0,"flute, singing",0,0,N/A
igyp8zm15tq51_processed_3,igyp8zm15tq51,6,0,0,"flute, singing",0,0,N/A
igyp8zm15tq51_processed_4,igyp8zm15tq51,6,0,0,"flute, singing",0,0,N/A
igyp8zm15tq51_processed_5,igyp8zm15tq51,6,0,1,"flute, singing",0,0,N/A
ih7lf6zk2ho61_processed_0,ih7lf6zk2ho61,2,0,0,crowd shouting,0,0,N/A
ih7lf6zk2ho61_processed_1,ih7lf6zk2ho61,2,0,0,crowd shouting,0,0,N/A
ihekya6ws4471_processed_0,ihekya6ws4471,58,0,1,N/A,1,0,N/A
ihekya6ws4471_processed_1,ihekya6ws4471,58,0,1,N/A,1,1,N/A
ihekya6ws4471_processed_2,ihekya6ws4471,58,0,2,N/A,1,1,N/A
ihekya6ws4471_processed_3,ihekya6ws4471,58,0,2,N/A,1,1,N/A
ihekya6ws4471_processed_4,ihekya6ws4471,58,0,2,N/A,1,1,N/A
ihekya6ws4471_processed_5,ihekya6ws4471,58,0,2,N/A,1,1,N/A
ihekya6ws4471_processed_6,ihekya6ws4471,58,0,2,N/A,1,1,N/A
ihekya6ws4471_processed_7,ihekya6ws4471,58,0,2,honking,1,0,N/A
ihekya6ws4471_processed_8,ihekya6ws4471,58,0,2,honking,1,1,N/A
ihekya6ws4471_processed_9,ihekya6ws4471,58,0,2,honking,1,0,N/A
ihekya6ws4471_processed_10,ihekya6ws4471,58,0,2,honking,1,1,N/A
ihekya6ws4471_processed_11,ihekya6ws4471,58,0,2,music,1,0,N/A
ihekya6ws4471_processed_12,ihekya6ws4471,58,0,1,music,1,0,N/A
ihekya6ws4471_processed_13,ihekya6ws4471,58,0,0,honking,1,0,N/A
ihekya6ws4471_processed_14,ihekya6ws4471,58,0,3,N/A,1,1,N/A
ihekya6ws4471_processed_15,ihekya6ws4471,58,0,2,siren,1,0,N/A
ihekya6ws4471_processed_16,ihekya6ws4471,58,0,2,N/A,1,1,N/A
ihekya6ws4471_processed_17,ihekya6ws4471,58,0,2,N/A,1,1,N/A
ihekya6ws4471_processed_18,ihekya6ws4471,58,0,2,N/A,1,1,N/A
ihekya6ws4471_processed_19,ihekya6ws4471,58,0,2,N/A,1,1,N/A
ihekya6ws4471_processed_20,ihekya6ws4471,58,0,2,N/A,1,1,N/A
ihekya6ws4471_processed_21,ihekya6ws4471,58,0,2,N/A,1,1,N/A
ihekya6ws4471_processed_22,ihekya6ws4471,58,0,2,N/A,1,1,N/A
ihekya6ws4471_processed_23,ihekya6ws4471,58,0,2,"honking, siren",1,1,N/A
ihekya6ws4471_processed_24,ihekya6ws4471,58,0,1,N/A,1,0,N/A
ihekya6ws4471_processed_25,ihekya6ws4471,58,0,1,N/A,1,0,N/A
ihekya6ws4471_processed_26,ihekya6ws4471,58,0,2,siren,1,1,N/A
ihekya6ws4471_processed_27,ihekya6ws4471,58,0,2,siren,1,1,N/A
ihekya6ws4471_processed_28,ihekya6ws4471,58,0,2,N/A,1,1,N/A
ihekya6ws4471_processed_29,ihekya6ws4471,58,0,2,N/A,1,1,N/A
ihekya6ws4471_processed_30,ihekya6ws4471,58,0,3,N/A,1,1,N/A
ihekya6ws4471_processed_31,ihekya6ws4471,58,0,2,"honking, siren",1,1,N/A
ihekya6ws4471_processed_32,ihekya6ws4471,58,0,2,N/A,1,1,N/A
ihekya6ws4471_processed_33,ihekya6ws4471,58,0,2,N/A,1,1,N/A
ihekya6ws4471_processed_34,ihekya6ws4471,58,0,2,honking,1,1,N/A
ihekya6ws4471_processed_35,ihekya6ws4471,58,0,2,N/A,1,1,N/A
ihekya6ws4471_processed_36,ihekya6ws4471,58,0,1,N/A,1,0,N/A
ihekya6ws4471_processed_37,ihekya6ws4471,58,0,2,N/A,1,1,N/A
ihekya6ws4471_processed_38,ihekya6ws4471,58,0,2,N/A,1,1,N/A
ihekya6ws4471_processed_39,ihekya6ws4471,58,0,3,N/A,1,1,N/A
ihekya6ws4471_processed_40,ihekya6ws4471,58,0,3,N/A,1,1,N/A
ihekya6ws4471_processed_41,ihekya6ws4471,58,0,2,N/A,1,1,N/A
ihekya6ws4471_processed_42,ihekya6ws4471,58,0,2,,1,1,N/A
ihekya6ws4471_processed_43,ihekya6ws4471,58,0,2,siren,1,1,N/A
ihekya6ws4471_processed_44,ihekya6ws4471,58,0,3,siren,1,1,N/A
ihekya6ws4471_processed_45,ihekya6ws4471,58,0,2,"siren, honking",1,1,N/A
ihekya6ws4471_processed_46,ihekya6ws4471,58,0,2,"siren, honking",1,1,N/A
ihekya6ws4471_processed_47,ihekya6ws4471,58,0,2,"siren, honking",1,1,N/A
ihekya6ws4471_processed_48,ihekya6ws4471,58,0,2,"siren, honking",1,1,N/A
ihekya6ws4471_processed_49,ihekya6ws4471,58,0,2,"siren, honking",1,1,N/A
ihekya6ws4471_processed_50,ihekya6ws4471,58,0,2,"siren, honking",1,1,N/A
ihekya6ws4471_processed_51,ihekya6ws4471,58,3,2,"siren, honking",1,1,N/A
ihekya6ws4471_processed_52,ihekya6ws4471,58,0,1,N/A,1,0,N/A
ihekya6ws4471_processed_53,ihekya6ws4471,58,0,1,N/A,1,0,N/A
ihekya6ws4471_processed_54,ihekya6ws4471,58,0,3,N/A,1,1,N/A
ihekya6ws4471_processed_55,ihekya6ws4471,58,0,1,N/A,1,0,N/A
ihekya6ws4471_processed_56,ihekya6ws4471,58,0,2,"siren,honking",1,1,N/A
ihekya6ws4471_processed_57,ihekya6ws4471,58,0,2,"siren,honking",1,1,N/A
iighzau4ksj51_processed_0,iighzau4ksj51,4,0,1,N/A,1,1,N/A
iighzau4ksj51_processed_1,iighzau4ksj51,4,0,2,N/A,1,1,N/A
iighzau4ksj51_processed_2,iighzau4ksj51,4,0,2,N/A,1,1,N/A
iighzau4ksj51_processed_3,iighzau4ksj51,4,0,2,N/A,1,1,N/A
iistfrgw75j61_processed_0,iistfrgw75j61,6,0,2,N/A,2,2,N/A
iistfrgw75j61_processed_1,iistfrgw75j61,6,0,2,N/A,2,2,N/A
iistfrgw75j61_processed_2,iistfrgw75j61,6,0,2,N/A,2,2,N/A
iistfrgw75j61_processed_3,iistfrgw75j61,6,0,2,N/A,2,2,N/A
iistfrgw75j61_processed_4,iistfrgw75j61,6,0,2,N/A,2,2,N/A
iistfrgw75j61_processed_5,iistfrgw75j61,6,0,2,N/A,2,2,N/A
ijmveiix4or61_processed_0,ijmveiix4or61,3,0,0,"music,laughing",0,0,N/A
ijmveiix4or61_processed_1,ijmveiix4or61,3,0,0,"music,laughing",0,0,N/A
ijmveiix4or61_processed_2,ijmveiix4or61,3,0,0,"music,laughing",0,0,N/A
ikvsd8pjyhn51_processed_0,ikvsd8pjyhn51,7,0,1,N/A,0,0,N/A
ikvsd8pjyhn51_processed_1,ikvsd8pjyhn51,7,0,2,N/A,0,0,N/A
ikvsd8pjyhn51_processed_2,ikvsd8pjyhn51,7,0,2,N/A,0,0,N/A
ikvsd8pjyhn51_processed_3,ikvsd8pjyhn51,7,0,2,N/A,0,0,N/A
ikvsd8pjyhn51_processed_4,ikvsd8pjyhn51,7,0,2,N/A,0,0,N/A
ikvsd8pjyhn51_processed_5,ikvsd8pjyhn51,7,0,2,N/A,0,0,N/A
ikvsd8pjyhn51_processed_6,ikvsd8pjyhn51,7,0,1,N/A,0,0,N/A
ilg4mcxsy2j61_processed_0,ilg4mcxsy2j61,67,0,3,music,0,0,N/A
ilg4mcxsy2j61_processed_1,ilg4mcxsy2j61,67,0,2,music,0,0,N/A
ilg4mcxsy2j61_processed_2,ilg4mcxsy2j61,67,0,3,music,0,0,N/A
ilg4mcxsy2j61_processed_3,ilg4mcxsy2j61,67,0,4,music,0,0,N/A
ilg4mcxsy2j61_processed_4,ilg4mcxsy2j61,67,0,3,music,0,0,N/A
ilg4mcxsy2j61_processed_5,ilg4mcxsy2j61,67,0,1,"music, honking",0,0,N/A
ilg4mcxsy2j61_processed_6,ilg4mcxsy2j61,67,0,2,music,0,0,N/A
ilg4mcxsy2j61_processed_7,ilg4mcxsy2j61,67,0,3,music,0,0,N/A
ilg4mcxsy2j61_processed_8,ilg4mcxsy2j61,67,0,2,music,0,0,N/A
ilg4mcxsy2j61_processed_9,ilg4mcxsy2j61,67,0,3,music,0,0,N/A
ilg4mcxsy2j61_processed_10,ilg4mcxsy2j61,67,0,2,music,0,0,N/A
ilg4mcxsy2j61_processed_11,ilg4mcxsy2j61,67,0,3,music,0,0,N/A
ilg4mcxsy2j61_processed_12,ilg4mcxsy2j61,67,0,2,music,0,0,N/A
ilg4mcxsy2j61_processed_13,ilg4mcxsy2j61,67,0,2,music,0,0,N/A
ilg4mcxsy2j61_processed_14,ilg4mcxsy2j61,67,0,3,music,0,0,N/A
ilg4mcxsy2j61_processed_15,ilg4mcxsy2j61,67,0,3,music,0,0,N/A
ilg4mcxsy2j61_processed_16,ilg4mcxsy2j61,67,0,3,music,0,0,N/A
ilg4mcxsy2j61_processed_17,ilg4mcxsy2j61,67,0,3,music,0,0,N/A
ilg4mcxsy2j61_processed_18,ilg4mcxsy2j61,67,0,2,music,0,0,N/A
ilg4mcxsy2j61_processed_19,ilg4mcxsy2j61,67,0,1,music,0,0,N/A
ilg4mcxsy2j61_processed_20,ilg4mcxsy2j61,67,0,2,music,0,0,N/A
ilg4mcxsy2j61_processed_21,ilg4mcxsy2j61,67,0,0,music,0,0,N/A
ilg4mcxsy2j61_processed_22,ilg4mcxsy2j61,67,0,3,music,0,0,N/A
ilg4mcxsy2j61_processed_23,ilg4mcxsy2j61,67,0,2,music,0,0,N/A
ilg4mcxsy2j61_processed_24,ilg4mcxsy2j61,67,0,2,"music, siren",0,0,N/A
ilg4mcxsy2j61_processed_25,ilg4mcxsy2j61,67,0,2,music,0,0,N/A
ilg4mcxsy2j61_processed_26,ilg4mcxsy2j61,67,0,2,music,0,0,N/A
ilg4mcxsy2j61_processed_27,ilg4mcxsy2j61,67,0,2,music,0,0,N/A
ilg4mcxsy2j61_processed_28,ilg4mcxsy2j61,67,0,2,music,0,0,N/A
ilg4mcxsy2j61_processed_29,ilg4mcxsy2j61,67,0,3,music,0,0,N/A
ilg4mcxsy2j61_processed_30,ilg4mcxsy2j61,67,0,3,"music, siren",0,0,N/A
ilg4mcxsy2j61_processed_31,ilg4mcxsy2j61,67,0,4,music,0,0,N/A
ilg4mcxsy2j61_processed_32,ilg4mcxsy2j61,67,0,4,"music, siren",0,0,N/A
ilg4mcxsy2j61_processed_33,ilg4mcxsy2j61,67,0,4,music,0,0,N/A
ilg4mcxsy2j61_processed_34,ilg4mcxsy2j61,67,0,1,music,0,0,N/A
ilg4mcxsy2j61_processed_35,ilg4mcxsy2j61,67,0,3,music,0,0,N/A
ilg4mcxsy2j61_processed_36,ilg4mcxsy2j61,67,0,1,music,0,0,N/A
ilg4mcxsy2j61_processed_37,ilg4mcxsy2j61,67,0,3,music,0,0,N/A
ilg4mcxsy2j61_processed_38,ilg4mcxsy2j61,67,0,2,music,0,0,N/A
ilg4mcxsy2j61_processed_39,ilg4mcxsy2j61,67,0,3,music,0,0,N/A
ilg4mcxsy2j61_processed_40,ilg4mcxsy2j61,67,0,3,"music, siren",0,0,N/A
ilg4mcxsy2j61_processed_41,ilg4mcxsy2j61,67,0,1,music,0,0,N/A
ilg4mcxsy2j61_processed_42,ilg4mcxsy2j61,67,0,2,music,0,0,N/A
ilg4mcxsy2j61_processed_43,ilg4mcxsy2j61,67,0,2,music,0,0,N/A
ilg4mcxsy2j61_processed_44,ilg4mcxsy2j61,67,0,2,music,0,0,N/A
ilg4mcxsy2j61_processed_45,ilg4mcxsy2j61,67,0,2,music,0,0,N/A
ilg4mcxsy2j61_processed_46,ilg4mcxsy2j61,67,0,1,music,0,0,N/A
ilg4mcxsy2j61_processed_47,ilg4mcxsy2j61,67,0,2,music,0,0,N/A
ilg4mcxsy2j61_processed_48,ilg4mcxsy2j61,67,0,2,music,0,0,N/A
ilg4mcxsy2j61_processed_49,ilg4mcxsy2j61,67,0,3,music,0,0,N/A
ilg4mcxsy2j61_processed_50,ilg4mcxsy2j61,67,0,2,music,0,0,N/A
ilg4mcxsy2j61_processed_51,ilg4mcxsy2j61,67,0,2,music,0,0,N/A
ilg4mcxsy2j61_processed_52,ilg4mcxsy2j61,67,0,3,music,0,0,N/A
ilg4mcxsy2j61_processed_53,ilg4mcxsy2j61,67,0,2,music,0,0,N/A
ilg4mcxsy2j61_processed_54,ilg4mcxsy2j61,67,0,3,"music, siren",0,0,N/A
ilg4mcxsy2j61_processed_55,ilg4mcxsy2j61,67,0,3,"music, siren",0,0,N/A
ilg4mcxsy2j61_processed_56,ilg4mcxsy2j61,67,0,3,music,0,0,N/A
ilg4mcxsy2j61_processed_57,ilg4mcxsy2j61,67,0,2,music,0,0,N/A
ilg4mcxsy2j61_processed_58,ilg4mcxsy2j61,67,0,2,music,0,0,N/A
ilg4mcxsy2j61_processed_59,ilg4mcxsy2j61,67,0,3,music,0,0,N/A
ilg4mcxsy2j61_processed_60,ilg4mcxsy2j61,67,0,3,music,0,0,N/A
ilg4mcxsy2j61_processed_61,ilg4mcxsy2j61,67,0,2,music,0,0,N/A
ilg4mcxsy2j61_processed_62,ilg4mcxsy2j61,67,0,2,music,0,0,N/A
ilg4mcxsy2j61_processed_63,ilg4mcxsy2j61,67,0,2,music,0,0,N/A
ilg4mcxsy2j61_processed_64,ilg4mcxsy2j61,67,0,3,music,0,0,N/A
ilg4mcxsy2j61_processed_65,ilg4mcxsy2j61,67,0,2,music,0,0,N/A
ilg4mcxsy2j61_processed_66,ilg4mcxsy2j61,67,0,2,music,0,0,N/A
io3vkc3665a61_processed_0,io3vkc3665a61,2,1,9999,crowd protesting,2,2,N/A
io3vkc3665a61_processed_1,io3vkc3665a61,2,1,9999,crowd protesting,2,2,N/A
ipvbd5v6r9371_processed_0,ipvbd5v6r9371,40,0,1,N/A,2,1,N/A
ipvbd5v6r9371_processed_1,ipvbd5v6r9371,40,0,1,N/A,2,1,N/A
ipvbd5v6r9371_processed_2,ipvbd5v6r9371,40,0,1,N/A,2,1,N/A
ipvbd5v6r9371_processed_3,ipvbd5v6r9371,40,0,2,N/A,2,1,N/A
ipvbd5v6r9371_processed_4,ipvbd5v6r9371,40,0,2,N/A,2,1,N/A
ipvbd5v6r9371_processed_5,ipvbd5v6r9371,40,0,2,N/A,2,1,N/A
ipvbd5v6r9371_processed_6,ipvbd5v6r9371,40,0,2,N/A,2,1,N/A
ipvbd5v6r9371_processed_7,ipvbd5v6r9371,40,0,2,N/A,2,1,N/A
ipvbd5v6r9371_processed_8,ipvbd5v6r9371,40,0,2,N/A,2,2,N/A
ipvbd5v6r9371_processed_9,ipvbd5v6r9371,40,0,2,N/A,2,2,N/A
ipvbd5v6r9371_processed_10,ipvbd5v6r9371,40,0,2,N/A,2,2,N/A
ipvbd5v6r9371_processed_11,ipvbd5v6r9371,40,0,2,N/A,2,2,N/A
ipvbd5v6r9371_processed_12,ipvbd5v6r9371,40,0,2,N/A,2,2,N/A
ipvbd5v6r9371_processed_13,ipvbd5v6r9371,40,0,2,N/A,2,2,N/A
ipvbd5v6r9371_processed_14,ipvbd5v6r9371,40,0,2,N/A,2,2,N/A
ipvbd5v6r9371_processed_15,ipvbd5v6r9371,40,0,2,N/A,2,2,N/A
ipvbd5v6r9371_processed_16,ipvbd5v6r9371,40,0,2,N/A,2,2,N/A
ipvbd5v6r9371_processed_17,ipvbd5v6r9371,40,0,2,N/A,2,1,N/A
ipvbd5v6r9371_processed_18,ipvbd5v6r9371,40,0,2,N/A,2,1,N/A
ipvbd5v6r9371_processed_19,ipvbd5v6r9371,40,0,1,N/A,2,1,N/A
ipvbd5v6r9371_processed_20,ipvbd5v6r9371,40,0,2,N/A,2,1,N/A
ipvbd5v6r9371_processed_21,ipvbd5v6r9371,40,0,1,N/A,2,1,N/A
ipvbd5v6r9371_processed_22,ipvbd5v6r9371,40,0,2,N/A,2,1,N/A
ipvbd5v6r9371_processed_23,ipvbd5v6r9371,40,0,2,N/A,2,1,N/A
ipvbd5v6r9371_processed_24,ipvbd5v6r9371,40,0,1,N/A,2,1,N/A
ipvbd5v6r9371_processed_25,ipvbd5v6r9371,40,0,1,N/A,2,1,N/A
ipvbd5v6r9371_processed_26,ipvbd5v6r9371,40,0,1,N/A,2,1,N/A
ipvbd5v6r9371_processed_27,ipvbd5v6r9371,40,0,1,N/A,2,1,N/A
ipvbd5v6r9371_processed_28,ipvbd5v6r9371,40,0,1,N/A,2,1,N/A
ipvbd5v6r9371_processed_29,ipvbd5v6r9371,40,0,1,N/A,2,1,N/A
ipvbd5v6r9371_processed_30,ipvbd5v6r9371,40,0,1,N/A,2,1,N/A
ipvbd5v6r9371_processed_31,ipvbd5v6r9371,40,0,1,N/A,2,1,N/A
ipvbd5v6r9371_processed_32,ipvbd5v6r9371,40,0,1,N/A,2,1,N/A
ipvbd5v6r9371_processed_33,ipvbd5v6r9371,40,0,1,N/A,2,1,N/A
ipvbd5v6r9371_processed_34,ipvbd5v6r9371,40,0,1,N/A,2,1,N/A
ipvbd5v6r9371_processed_35,ipvbd5v6r9371,40,0,1,N/A,2,1,N/A
ipvbd5v6r9371_processed_36,ipvbd5v6r9371,40,0,2,N/A,2,1,N/A
ipvbd5v6r9371_processed_37,ipvbd5v6r9371,40,0,1,N/A,2,1,N/A
ipvbd5v6r9371_processed_38,ipvbd5v6r9371,40,0,2,N/A,2,1,N/A
ipvbd5v6r9371_processed_39,ipvbd5v6r9371,40,0,1,N/A,2,1,N/A
iqcumcprlyn51_processed_0,iqcumcprlyn51,2,0,1,honking,2,0,N/A
iqcumcprlyn51_processed_1,iqcumcprlyn51,2,0,2,honking,2,2,N/A
iqt1om7tl9w61_processed_0,iqt1om7tl9w61,4,0,1,N/A,0,0,N/A
iqt1om7tl9w61_processed_1,iqt1om7tl9w61,4,0,1,N/A,0,0,N/A
iqt1om7tl9w61_processed_2,iqt1om7tl9w61,4,0,1,N/A,0,0,N/A
iqt1om7tl9w61_processed_3,iqt1om7tl9w61,4,0,1,N/A,0,0,N/A
iwxrrn9ajkz61_processed_0,iwxrrn9ajkz61,6,0,2,music,0,0,N/A
iwxrrn9ajkz61_processed_1,iwxrrn9ajkz61,6,0,2,music,0,0,N/A
iwxrrn9ajkz61_processed_2,iwxrrn9ajkz61,6,0,2,music,0,0,N/A
iwxrrn9ajkz61_processed_3,iwxrrn9ajkz61,6,0,1,music,0,0,N/A
iwxrrn9ajkz61_processed_4,iwxrrn9ajkz61,6,0,2,music,0,0,N/A
iwxrrn9ajkz61_processed_5,iwxrrn9ajkz61,6,0,2,music,0,0,N/A
ixcp01ei0j961_processed_0,ixcp01ei0j961,5,0,2,N/A,2,1,N/A
ixcp01ei0j961_processed_1,ixcp01ei0j961,5,0,2,N/A,2,2,N/A
ixcp01ei0j961_processed_2,ixcp01ei0j961,5,0,2,N/A,2,2,N/A
ixcp01ei0j961_processed_3,ixcp01ei0j961,5,0,2,N/A,2,2,N/A
ixcp01ei0j961_processed_4,ixcp01ei0j961,5,0,2,N/A,2,2,N/A
ixqvcjvte5q51_processed_0,ixqvcjvte5q51,5,0,1,N/A,0,0,N/A
ixqvcjvte5q51_processed_1,ixqvcjvte5q51,5,0,2,thumping noise,0,0,N/A
ixqvcjvte5q51_processed_2,ixqvcjvte5q51,5,0,2,N/A,0,0,N/A
ixqvcjvte5q51_processed_3,ixqvcjvte5q51,5,0,2,thumping noise,0,0,N/A
ixqvcjvte5q51_processed_4,ixqvcjvte5q51,5,0,2,N/A,0,0,N/A
iyenh9xqeae61_processed_0,iyenh9xqeae61,2,1,0,N/A,0,0,N/A
iyenh9xqeae61_processed_1,iyenh9xqeae61,2,1,0,N/A,0,0,N/A
iysd8c9wksp61_processed_0,iysd8c9wksp61,36,0,2,N/A,2,0,N/A
iysd8c9wksp61_processed_1,iysd8c9wksp61,36,0,2,N/A,2,1,N/A
iysd8c9wksp61_processed_2,iysd8c9wksp61,36,0,2,N/A,2,1,N/A
iysd8c9wksp61_processed_3,iysd8c9wksp61,36,0,2,N/A,2,1,N/A
iysd8c9wksp61_processed_4,iysd8c9wksp61,36,0,2,N/A,2,1,N/A
iysd8c9wksp61_processed_5,iysd8c9wksp61,36,0,2,N/A,2,1,N/A
iysd8c9wksp61_processed_6,iysd8c9wksp61,36,0,2,N/A,2,1,N/A
iysd8c9wksp61_processed_7,iysd8c9wksp61,36,0,2,N/A,2,1,N/A
iysd8c9wksp61_processed_8,iysd8c9wksp61,36,0,3,N/A,2,1,N/A
iysd8c9wksp61_processed_9,iysd8c9wksp61,36,0,2,N/A,2,1,N/A
iysd8c9wksp61_processed_10,iysd8c9wksp61,36,0,3,N/A,2,1,N/A
iysd8c9wksp61_processed_11,iysd8c9wksp61,36,0,3,N/A,2,1,N/A
iysd8c9wksp61_processed_12,iysd8c9wksp61,36,0,3,N/A,2,1,N/A
iysd8c9wksp61_processed_13,iysd8c9wksp61,36,0,3,N/A,2,1,N/A
iysd8c9wksp61_processed_14,iysd8c9wksp61,36,0,2,N/A,2,1,N/A
iysd8c9wksp61_processed_15,iysd8c9wksp61,36,0,2,N/A,2,1,N/A
iysd8c9wksp61_processed_16,iysd8c9wksp61,36,0,2,N/A,2,1,N/A
iysd8c9wksp61_processed_17,iysd8c9wksp61,36,0,2,N/A,2,1,N/A
iysd8c9wksp61_processed_18,iysd8c9wksp61,36,0,2,N/A,2,1,N/A
iysd8c9wksp61_processed_19,iysd8c9wksp61,36,0,2,N/A,2,1,N/A
iysd8c9wksp61_processed_20,iysd8c9wksp61,36,0,2,N/A,2,1,N/A
iysd8c9wksp61_processed_21,iysd8c9wksp61,36,0,3,N/A,2,1,N/A
iysd8c9wksp61_processed_22,iysd8c9wksp61,36,0,2,N/A,2,1,N/A
iysd8c9wksp61_processed_23,iysd8c9wksp61,36,0,2,N/A,2,1,N/A
iysd8c9wksp61_processed_24,iysd8c9wksp61,36,0,2,N/A,2,1,N/A
iysd8c9wksp61_processed_25,iysd8c9wksp61,36,0,2,N/A,2,1,N/A
iysd8c9wksp61_processed_26,iysd8c9wksp61,36,0,3,N/A,2,2,One man has aggressive/loud tone
iysd8c9wksp61_processed_27,iysd8c9wksp61,36,0,2,N/A,2,1,N/A
iysd8c9wksp61_processed_28,iysd8c9wksp61,36,0,3,N/A,2,1,N/A
iysd8c9wksp61_processed_29,iysd8c9wksp61,36,0,2,N/A,2,1,N/A
iysd8c9wksp61_processed_30,iysd8c9wksp61,36,0,2,N/A,2,1,N/A
iysd8c9wksp61_processed_31,iysd8c9wksp61,36,0,3,N/A,2,1,N/A
iysd8c9wksp61_processed_32,iysd8c9wksp61,36,0,2,N/A,2,1,N/A
iysd8c9wksp61_processed_33,iysd8c9wksp61,36,0,2,N/A,2,1,N/A
iysd8c9wksp61_processed_34,iysd8c9wksp61,36,0,2,N/A,2,1,N/A
iysd8c9wksp61_processed_35,iysd8c9wksp61,36,0,1,N/A,2,1,N/A
iz7uro5jp6h51_processed_0,iz7uro5jp6h51,3,0,0,music,0,0,N/A
iz7uro5jp6h51_processed_1,iz7uro5jp6h51,3,0,0,music,0,0,N/A
iz7uro5jp6h51_processed_2,iz7uro5jp6h51,3,0,0,music,0,0,N/A
j0371od39c861_processed_0,j0371od39c861,4,0,0,crowd cheering,0,0,N/A
j0371od39c861_processed_1,j0371od39c861,4,0,0,crowd cheering,0,0,N/A
j0371od39c861_processed_2,j0371od39c861,4,0,0,crowd cheering,0,0,N/A
j0371od39c861_processed_3,j0371od39c861,4,0,0,crowd cheering,0,0,N/A
j31kyenq65w61_processed_0,j31kyenq65w61,6,0,2,gun shots,2,0,N/A
j31kyenq65w61_processed_1,j31kyenq65w61,6,0,2,gun shots,2,1,N/A
j31kyenq65w61_processed_2,j31kyenq65w61,6,0,2,N/A,2,2,N/A
j31kyenq65w61_processed_3,j31kyenq65w61,6,0,2,N/A,2,2,N/A
j31kyenq65w61_processed_4,j31kyenq65w61,6,0,1,N/A,2,2,N/A
j31kyenq65w61_processed_5,j31kyenq65w61,6,0,2,N/A,2,2,N/A
j3dbno0wg2r61_processed_0,j3dbno0wg2r61,4,0,0,N/A,0,0,file empty
j3dbno0wg2r61_processed_1,j3dbno0wg2r61,4,0,2,N/A,0,0,N/A
j3dbno0wg2r61_processed_2,j3dbno0wg2r61,4,0,2,N/A,0,0,N/A
j3dbno0wg2r61_processed_3,j3dbno0wg2r61,4,0,2,N/A,0,0,N/A
j44ahw16d8i61_processed_0,j44ahw16d8i61,2,0,1,N/A,0,0,N/A
j44ahw16d8i61_processed_1,j44ahw16d8i61,2,0,1,N/A,0,0,N/A
j5vt59gn2wg61_processed_0,j5vt59gn2wg61,2,0,1,N/A,0,0,N/A
j5vt59gn2wg61_processed_1,j5vt59gn2wg61,2,0,2,"N/A, crowd surprised",0,0,N/A
j63u4dxyfeq51_processed_0,j63u4dxyfeq51,10,0,2,N/A,1,1,N/A
j63u4dxyfeq51_processed_1,j63u4dxyfeq51,10,0,2,N/A,1,1,N/A
j63u4dxyfeq51_processed_2,j63u4dxyfeq51,10,0,2,N/A,1,1,N/A
j63u4dxyfeq51_processed_3,j63u4dxyfeq51,10,0,2,N/A,1,1,N/A
j63u4dxyfeq51_processed_4,j63u4dxyfeq51,10,0,2,N/A,1,1,N/A
j63u4dxyfeq51_processed_5,j63u4dxyfeq51,10,0,2,N/A,1,1,N/A
j63u4dxyfeq51_processed_6,j63u4dxyfeq51,10,0,2,N/A,1,1,N/A
j63u4dxyfeq51_processed_7,j63u4dxyfeq51,10,0,2,N/A,1,1,N/A
j63u4dxyfeq51_processed_8,j63u4dxyfeq51,10,0,2,N/A,1,1,N/A
j63u4dxyfeq51_processed_9,j63u4dxyfeq51,10,0,2,N/A,1,1,N/A
j8vj16xrx6k51_processed_0,j8vj16xrx6k51,7,1,9999,crowd,0,0,N/A
j8vj16xrx6k51_processed_1,j8vj16xrx6k51,7,1,9999,crowd,0,0,N/A
j8vj16xrx6k51_processed_2,j8vj16xrx6k51,7,1,9999,crowd,0,0,N/A
j8vj16xrx6k51_processed_3,j8vj16xrx6k51,7,1,9999,crowd,0,0,N/A
j8vj16xrx6k51_processed_4,j8vj16xrx6k51,7,1,9999,crowd,0,0,N/A
j8vj16xrx6k51_processed_5,j8vj16xrx6k51,7,1,9999,crowd,0,0,N/A
j8vj16xrx6k51_processed_6,j8vj16xrx6k51,7,1,9999,crowd,0,0,empty file
j9ni77vxhni61_processed_0,j9ni77vxhni61,4,0,2,N/A,0,0,N/A
j9ni77vxhni61_processed_1,j9ni77vxhni61,4,0,2,N/A,0,0,shouting here is out of excitement
j9ni77vxhni61_processed_2,j9ni77vxhni61,4,0,2,N/A,0,0,N/A
j9ni77vxhni61_processed_3,j9ni77vxhni61,4,0,2,N/A,0,0,N/A
jaw8pacgxmy51_processed_0,jaw8pacgxmy51,2,0,1,N/A,0,0,N/A
jaw8pacgxmy51_processed_1,jaw8pacgxmy51,2,0,2,N/A,0,0,N/A
jaz8mf2q2g161_processed_0,jaz8mf2q2g161,11,0,2,N/A,3,1,N/A
jaz8mf2q2g161_processed_1,jaz8mf2q2g161,11,0,2,N/A,3,2,N/A
jaz8mf2q2g161_processed_2,jaz8mf2q2g161,11,0,2,N/A,3,3,N/A
jaz8mf2q2g161_processed_3,jaz8mf2q2g161,11,0,2,N/A,3,3,N/A
jaz8mf2q2g161_processed_4,jaz8mf2q2g161,11,0,1,N/A,3,3,N/A
jaz8mf2q2g161_processed_5,jaz8mf2q2g161,11,0,1,N/A,3,3,N/A
jaz8mf2q2g161_processed_6,jaz8mf2q2g161,11,0,1,N/A,3,3,N/A
jaz8mf2q2g161_processed_7,jaz8mf2q2g161,11,0,1,N/A,3,3,N/A
jaz8mf2q2g161_processed_8,jaz8mf2q2g161,11,0,1,N/A,3,3,N/A
jaz8mf2q2g161_processed_9,jaz8mf2q2g161,11,0,1,N/A,3,3,N/A
jaz8mf2q2g161_processed_10,jaz8mf2q2g161,11,0,1,N/A,3,3,N/A
jbolzd2mjhh61_processed_0,jbolzd2mjhh61,3,0,2,N/A,0,0,N/A
jbolzd2mjhh61_processed_1,jbolzd2mjhh61,3,0,2,N/A,0,0,N/A
jbolzd2mjhh61_processed_2,jbolzd2mjhh61,3,0,2,N/A,0,0,N/A
jd51mjnfom461_processed_0,jd51mjnfom461,6,0,2,crowd,0,0,N/A
jd51mjnfom461_processed_1,jd51mjnfom461,6,0,2,crowd,0,0,N/A
jd51mjnfom461_processed_2,jd51mjnfom461,6,0,1,crowd,0,0,N/A
jd51mjnfom461_processed_3,jd51mjnfom461,6,1,9999,crowd,0,0,N/A
jd51mjnfom461_processed_4,jd51mjnfom461,6,1,9999,crowd,0,0,N/A
jd51mjnfom461_processed_5,jd51mjnfom461,6,1,9999,crowd,0,0,N/A
jdvvplkvqij51_processed_0,jdvvplkvqij51,38,0,2,N/A,3,0,N/A
jdvvplkvqij51_processed_1,jdvvplkvqij51,38,0,2,N/A,3,0,N/A
jdvvplkvqij51_processed_2,jdvvplkvqij51,38,0,3,N/A,3,1,N/A
jdvvplkvqij51_processed_3,jdvvplkvqij51,38,0,3,N/A,3,3,N/A
jdvvplkvqij51_processed_4,jdvvplkvqij51,38,0,3,N/A,3,2,N/A
jdvvplkvqij51_processed_5,jdvvplkvqij51,38,0,3,N/A,3,1,N/A
jdvvplkvqij51_processed_6,jdvvplkvqij51,38,0,2,N/A,3,1,N/A
jdvvplkvqij51_processed_7,jdvvplkvqij51,38,0,2,N/A,3,1,N/A
jdvvplkvqij51_processed_8,jdvvplkvqij51,38,0,1,N/A,3,1,N/A
jdvvplkvqij51_processed_9,jdvvplkvqij51,38,0,2,N/A,3,1,N/A
jdvvplkvqij51_processed_10,jdvvplkvqij51,38,0,2,N/A,3,1,N/A
jdvvplkvqij51_processed_11,jdvvplkvqij51,38,0,2,N/A,3,1,N/A
jdvvplkvqij51_processed_12,jdvvplkvqij51,38,0,2,N/A,3,2,N/A
jdvvplkvqij51_processed_13,jdvvplkvqij51,38,0,2,N/A,3,1,N/A
jdvvplkvqij51_processed_14,jdvvplkvqij51,38,0,3,N/A,3,2,N/A
jdvvplkvqij51_processed_15,jdvvplkvqij51,38,0,2,N/A,3,1,N/A
jdvvplkvqij51_processed_16,jdvvplkvqij51,38,0,3,siren,3,1,N/A
jdvvplkvqij51_processed_17,jdvvplkvqij51,38,0,3,N/A,3,1,N/A
jdvvplkvqij51_processed_18,jdvvplkvqij51,38,0,2,N/A,3,2,N/A
jdvvplkvqij51_processed_19,jdvvplkvqij51,38,0,2,gun shots,3,2,N/A
jdvvplkvqij51_processed_20,jdvvplkvqij51,38,0,3,N/A,3,2,N/A
jdvvplkvqij51_processed_21,jdvvplkvqij51,38,0,3,beep sounds,3,2,N/A
jdvvplkvqij51_processed_22,jdvvplkvqij51,38,0,2,N/A,3,2,N/A
jdvvplkvqij51_processed_23,jdvvplkvqij51,38,0,2,beep sounds,3,1,N/A
jdvvplkvqij51_processed_24,jdvvplkvqij51,38,0,2,N/A,3,1,N/A
jdvvplkvqij51_processed_25,jdvvplkvqij51,38,0,3,N/A,3,1,N/A
jdvvplkvqij51_processed_26,jdvvplkvqij51,38,0,3,N/A,3,1,N/A
jdvvplkvqij51_processed_27,jdvvplkvqij51,38,0,3,N/A,3,1,N/A
jdvvplkvqij51_processed_28,jdvvplkvqij51,38,0,3,N/A,3,1,N/A
jdvvplkvqij51_processed_29,jdvvplkvqij51,38,0,1,N/A,3,1,N/A
jdvvplkvqij51_processed_30,jdvvplkvqij51,38,0,2,beep sounds,3,3,N/A
jdvvplkvqij51_processed_31,jdvvplkvqij51,38,0,2,beep sounds,3,3,N/A
jdvvplkvqij51_processed_32,jdvvplkvqij51,38,0,2,N/A,3,2,N/A
jdvvplkvqij51_processed_33,jdvvplkvqij51,38,0,3,N/A,3,3,N/A
jdvvplkvqij51_processed_34,jdvvplkvqij51,38,0,3,beep sounds,3,3,N/A
jdvvplkvqij51_processed_35,jdvvplkvqij51,38,0,2,N/A,3,2,N/A
jdvvplkvqij51_processed_36,jdvvplkvqij51,38,0,2,N/A,3,2,N/A
jdvvplkvqij51_processed_37,jdvvplkvqij51,38,0,2,N/A,3,2,N/A
jfpb344h1zc71_processed_0,jfpb344h1zc71,20,0,2,N/A,2,0,N/A
jfpb344h1zc71_processed_1,jfpb344h1zc71,20,1,9999,N/A,2,0,N/A
jfpb344h1zc71_processed_2,jfpb344h1zc71,20,0,1,N/A,2,0,N/A
jfpb344h1zc71_processed_3,jfpb344h1zc71,20,0,2,kids crying,2,0,N/A
jfpb344h1zc71_processed_4,jfpb344h1zc71,20,0,2,N/A,2,0,N/A
jfpb344h1zc71_processed_5,jfpb344h1zc71,20,0,2,kids crying,2,0,N/A
jfpb344h1zc71_processed_6,jfpb344h1zc71,20,0,2,"kids crying, gun shots",2,2,N/A
jfpb344h1zc71_processed_7,jfpb344h1zc71,20,0,2,"kids crying, gun shots",2,2,N/A
jfpb344h1zc71_processed_8,jfpb344h1zc71,20,0,2,shouting,2,2,N/A
jfpb344h1zc71_processed_9,jfpb344h1zc71,20,0,0,N/A,2,0,N/A
jfpb344h1zc71_processed_10,jfpb344h1zc71,20,0,2,"shouting, barking",2,2,N/A
jfpb344h1zc71_processed_11,jfpb344h1zc71,20,0,2,"shouting, kids crying",2,2,N/A
jfpb344h1zc71_processed_12,jfpb344h1zc71,20,1,9999,"shouting, kids crying",2,2,N/A
jfpb344h1zc71_processed_13,jfpb344h1zc71,20,1,9999,"shouting, kids crying",2,2,N/A
jfpb344h1zc71_processed_14,jfpb344h1zc71,20,1,9999,"shouting, kids crying",2,2,N/A
jfpb344h1zc71_processed_15,jfpb344h1zc71,20,1,9999,"shouting, kids crying",2,2,N/A
jfpb344h1zc71_processed_16,jfpb344h1zc71,20,1,9999,"shouting, kids crying",2,2,N/A
jfpb344h1zc71_processed_17,jfpb344h1zc71,20,1,9999,"shouting, kids crying",2,2,N/A
jfpb344h1zc71_processed_18,jfpb344h1zc71,20,0,1,N/A,2,0,N/A
jfpb344h1zc71_processed_19,jfpb344h1zc71,20,0,1,N/A,2,0,N/A
jgsdxqf0hjv61_processed_0,jgsdxqf0hjv61,10,0,1,N/A,0,0,N/A
jgsdxqf0hjv61_processed_1,jgsdxqf0hjv61,10,0,1,N/A,0,0,N/A
jgsdxqf0hjv61_processed_2,jgsdxqf0hjv61,10,0,1,N/A,0,0,N/A
jgsdxqf0hjv61_processed_3,jgsdxqf0hjv61,10,0,3,N/A,0,0,N/A
jgsdxqf0hjv61_processed_4,jgsdxqf0hjv61,10,0,2,N/A,0,0,N/A
jgsdxqf0hjv61_processed_5,jgsdxqf0hjv61,10,0,2,N/A,0,0,N/A
jgsdxqf0hjv61_processed_6,jgsdxqf0hjv61,10,0,2,N/A,0,0,N/A
jgsdxqf0hjv61_processed_7,jgsdxqf0hjv61,10,0,1,N/A,0,0,N/A
jgsdxqf0hjv61_processed_8,jgsdxqf0hjv61,10,0,2,N/A,0,0,N/A
jgsdxqf0hjv61_processed_9,jgsdxqf0hjv61,10,0,1,N/A,0,0,N/A
jgsdxqf0hjv61_processed_10,jgsdxqf0hjv61,10,0,2,N/A,0,0,N/A
jjevlpsedyj51_processed_0,jjevlpsedyj51,6,0,0,music,0,0,N/A
jjevlpsedyj51_processed_1,jjevlpsedyj51,6,0,0,music,0,0,N/A
jjevlpsedyj51_processed_2,jjevlpsedyj51,6,0,0,music,0,0,N/A
jjevlpsedyj51_processed_3,jjevlpsedyj51,6,0,0,music,0,0,N/A
jjevlpsedyj51_processed_4,jjevlpsedyj51,6,0,0,music,0,0,N/A
jjevlpsedyj51_processed_5,jjevlpsedyj51,6,0,0,music,0,0,N/A
jm05xsucq0671_processed_0,jm05xsucq0671,2,0,1,N/A,0,0,N/A
jm05xsucq0671_processed_1,jm05xsucq0671,2,0,1,N/A,0,0,N/A
jmd1k25ytr961_processed_0,jmd1k25ytr961,3,1,9999,gunshots,3,3,N/A
jmd1k25ytr961_processed_1,jmd1k25ytr961,3,1,9999,N/A,3,3,N/A
jmd1k25ytr961_processed_2,jmd1k25ytr961,3,1,9999,N/A,3,3,N/A
jnvsmjehrco51_processed_0,jnvsmjehrco51,5,0,2,music,3,3,N/A
jnvsmjehrco51_processed_1,jnvsmjehrco51,5,0,2,music,3,3,N/A
jnvsmjehrco51_processed_2,jnvsmjehrco51,5,0,2,music,3,3,N/A
jnvsmjehrco51_processed_3,jnvsmjehrco51,5,0,2,music,3,3,N/A
jnvsmjehrco51_processed_4,jnvsmjehrco51,5,0,2,music,3,3,N/A
joov2x7x5vq51_processed_0,joov2x7x5vq51,9,0,1,N/A,0,0,N/A
joov2x7x5vq51_processed_1,joov2x7x5vq51,9,0,2,N/A,0,0,N/A
joov2x7x5vq51_processed_2,joov2x7x5vq51,9,0,2,N/A,0,0,N/A
joov2x7x5vq51_processed_3,joov2x7x5vq51,9,0,2,N/A,0,0,N/A
joov2x7x5vq51_processed_4,joov2x7x5vq51,9,0,1,N/A,0,0,N/A
joov2x7x5vq51_processed_5,joov2x7x5vq51,9,0,2,N/A,0,0,N/A
joov2x7x5vq51_processed_6,joov2x7x5vq51,9,0,2,N/A,0,0,N/A
joov2x7x5vq51_processed_7,joov2x7x5vq51,9,0,1,N/A,0,0,N/A
joov2x7x5vq51_processed_8,joov2x7x5vq51,9,0,2,N/A,0,0,N/A
jqc1amydtoq51_processed_0,jqc1amydtoq51,4,0,1,crowd cheering,0,0,N/A
jqc1amydtoq51_processed_1,jqc1amydtoq51,4,0,1,crowd cheering,0,0,N/A
jqc1amydtoq51_processed_2,jqc1amydtoq51,4,0,1,crowd cheering,0,0,N/A
jqc1amydtoq51_processed_3,jqc1amydtoq51,4,0,1,N/A,0,0,N/A
jqldc8wp2fk51_processed_0,jqldc8wp2fk51,6,0,2,N/A,0,0,N/A
jqldc8wp2fk51_processed_1,jqldc8wp2fk51,6,0,2,N/A,0,0,N/A
jqldc8wp2fk51_processed_2,jqldc8wp2fk51,6,0,3,N/A,0,0,N/A
jqldc8wp2fk51_processed_3,jqldc8wp2fk51,6,0,2,N/A,0,0,N/A
jqldc8wp2fk51_processed_4,jqldc8wp2fk51,6,0,3,N/A,0,0,N/A
jqldc8wp2fk51_processed_5,jqldc8wp2fk51,6,0,3,N/A,0,0,N/A
jqvgobjg9zm51_processed_0,jqvgobjg9zm51,2,0,2,crowd,1,1,N/A
jqvgobjg9zm51_processed_1,jqvgobjg9zm51,2,0,1,crowd,1,1,N/A
js3vutj4bbw51_processed_0,js3vutj4bbw51,6,0,2,N/A,1,0,N/A
js3vutj4bbw51_processed_1,js3vutj4bbw51,6,0,2,N/A,1,0,N/A
js3vutj4bbw51_processed_2,js3vutj4bbw51,6,0,2,N/A,1,0,N/A
js3vutj4bbw51_processed_3,js3vutj4bbw51,6,0,2,N/A,1,0,N/A
js3vutj4bbw51_processed_4,js3vutj4bbw51,6,0,2,N/A,1,1,N/A
js3vutj4bbw51_processed_5,js3vutj4bbw51,6,0,2,N/A,1,1,N/A
jsbaj77ymtj61_processed_0,jsbaj77ymtj61,2,1,9999,N/A,0,0,N/A
jsbaj77ymtj61_processed_1,jsbaj77ymtj61,2,1,9999,N/A,0,0,N/A
jvdsc204ivx51_processed_0,jvdsc204ivx51,7,1,9999,"whistle, crowd cheering",0,0,N/A
jvdsc204ivx51_processed_1,jvdsc204ivx51,7,1,9999,"whistle, crowd cheering",0,0,N/A
jvdsc204ivx51_processed_2,jvdsc204ivx51,7,1,9999,"whistle, crowd cheering",0,0,N/A
jvdsc204ivx51_processed_3,jvdsc204ivx51,7,1,9999,"whistle, crowd cheering",0,0,N/A
jvdsc204ivx51_processed_4,jvdsc204ivx51,7,1,9999,"whistle, crowd cheering",0,0,N/A
jvdsc204ivx51_processed_5,jvdsc204ivx51,7,1,9999,"whistle, crowd cheering",0,0,N/A
jvdsc204ivx51_processed_6,jvdsc204ivx51,7,1,9999,"whistle, crowd cheering",0,0,N/A
jw6rj3dnahd71_processed_0,jw6rj3dnahd71,2,0,3,N/A,1,1,N/A
jw6rj3dnahd71_processed_1,jw6rj3dnahd71,2,0,3,N/A,1,1,N/A
jwav7p0l1nw51_processed_0,jwav7p0l1nw51,6,0,1,N/A,1,0,N/A
jwav7p0l1nw51_processed_1,jwav7p0l1nw51,6,0,2,N/A,1,0,N/A
jwav7p0l1nw51_processed_2,jwav7p0l1nw51,6,0,2,N/A,1,1,N/A
jwav7p0l1nw51_processed_3,jwav7p0l1nw51,6,0,3,N/A,1,1,N/A
jwav7p0l1nw51_processed_4,jwav7p0l1nw51,6,0,3,N/A,1,1,N/A
jwav7p0l1nw51_processed_5,jwav7p0l1nw51,6,0,3,N/A,1,1,N/A
jwctkc1ckhz51_processed_0,jwctkc1ckhz51,2,1,9999,crowd protesting,2,0,N/A
jwctkc1ckhz51_processed_1,jwctkc1ckhz51,2,1,9999,crowd  protesting,2,2,N/A
jya4lqptrmi61_processed_0,jya4lqptrmi61,2,0,0,"crowd, gun shots",0,0,N/A
jya4lqptrmi61_processed_1,jya4lqptrmi61,2,0,1,"crowd, gun shots",0,0,N/A
jz8ch4mdu0i51_processed_0,jz8ch4mdu0i51,15,0,0,N/A,1,0,N/A
jz8ch4mdu0i51_processed_1,jz8ch4mdu0i51,15,0,1,N/A,1,0,N/A
jz8ch4mdu0i51_processed_2,jz8ch4mdu0i51,15,0,1,N/A,1,0,N/A
jz8ch4mdu0i51_processed_3,jz8ch4mdu0i51,15,0,1,N/A,1,0,N/A
jz8ch4mdu0i51_processed_4,jz8ch4mdu0i51,15,0,2,N/A,1,1,N/A
jz8ch4mdu0i51_processed_5,jz8ch4mdu0i51,15,0,2,N/A,1,1,N/A
jz8ch4mdu0i51_processed_6,jz8ch4mdu0i51,15,0,2,N/A,1,1,N/A
jz8ch4mdu0i51_processed_7,jz8ch4mdu0i51,15,0,2,N/A,1,1,N/A
jz8ch4mdu0i51_processed_8,jz8ch4mdu0i51,15,0,3,N/A,1,1,N/A
jz8ch4mdu0i51_processed_9,jz8ch4mdu0i51,15,0,2,N/A,1,1,N/A
jz8ch4mdu0i51_processed_10,jz8ch4mdu0i51,15,0,2,N/A,1,1,N/A
jz8ch4mdu0i51_processed_11,jz8ch4mdu0i51,15,0,3,N/A,1,1,N/A
jz8ch4mdu0i51_processed_12,jz8ch4mdu0i51,15,0,2,N/A,1,1,N/A
jz8ch4mdu0i51_processed_13,jz8ch4mdu0i51,15,0,3,N/A,1,1,N/A
jz8ch4mdu0i51_processed_14,jz8ch4mdu0i51,15,0,2,N/A,1,1,N/A
k0ppi5f7ezl51_processed_0,k0ppi5f7ezl51,10,1,9999,crowd,2,2,N/A
k0ppi5f7ezl51_processed_1,k0ppi5f7ezl51,10,1,9999,crowd,2,2,N/A
k0ppi5f7ezl51_processed_2,k0ppi5f7ezl51,10,1,9999,crowd,2,2,N/A
k0ppi5f7ezl51_processed_3,k0ppi5f7ezl51,10,1,9999,crowd,2,2,N/A
k0ppi5f7ezl51_processed_4,k0ppi5f7ezl51,10,1,9999,crowd,2,2,N/A
k0ppi5f7ezl51_processed_5,k0ppi5f7ezl51,10,1,9999,crowd,2,2,N/A
k0ppi5f7ezl51_processed_6,k0ppi5f7ezl51,10,1,9999,crowd,2,2,N/A
k0ppi5f7ezl51_processed_7,k0ppi5f7ezl51,10,1,9999,crowd,2,2,N/A
k0ppi5f7ezl51_processed_8,k0ppi5f7ezl51,10,1,9999,crowd,2,2,N/A
k0ppi5f7ezl51_processed_9,k0ppi5f7ezl51,10,1,9999,crowd,2,2,N/A
k29lcqrimg771_processed_0,k29lcqrimg771,20,0,3,N/A,3,2,N/A
k29lcqrimg771_processed_1,k29lcqrimg771,20,0,3,N/A,3,2,N/A
k29lcqrimg771_processed_2,k29lcqrimg771,20,0,3,N/A,3,2,N/A
k29lcqrimg771_processed_3,k29lcqrimg771,20,0,3,N/A,3,2,N/A
k29lcqrimg771_processed_4,k29lcqrimg771,20,0,3,N/A,3,2,N/A
k29lcqrimg771_processed_5,k29lcqrimg771,20,0,3,N/A,3,2,N/A
k29lcqrimg771_processed_6,k29lcqrimg771,20,0,3,N/A,3,2,N/A
k29lcqrimg771_processed_7,k29lcqrimg771,20,0,3,N/A,3,3,N/A
k29lcqrimg771_processed_8,k29lcqrimg771,20,0,3,N/A,3,2,N/A
k29lcqrimg771_processed_9,k29lcqrimg771,20,0,3,N/A,3,3,N/A
k29lcqrimg771_processed_10,k29lcqrimg771,20,0,3,N/A,3,3,N/A
k29lcqrimg771_processed_11,k29lcqrimg771,20,0,3,N/A,3,2,N/A
k29lcqrimg771_processed_12,k29lcqrimg771,20,0,3,N/A,3,3,N/A
k29lcqrimg771_processed_13,k29lcqrimg771,20,0,3,N/A,3,3,N/A
k29lcqrimg771_processed_14,k29lcqrimg771,20,0,3,N/A,3,3,N/A
k29lcqrimg771_processed_15,k29lcqrimg771,20,0,3,N/A,3,3,N/A
k29lcqrimg771_processed_16,k29lcqrimg771,20,0,3,N/A,3,3,N/A
k29lcqrimg771_processed_17,k29lcqrimg771,20,0,3,N/A,3,3,N/A
k29lcqrimg771_processed_18,k29lcqrimg771,20,0,2,N/A,3,2,N/A
k29lcqrimg771_processed_19,k29lcqrimg771,20,0,2,N/A,3,2,N/A
k4d2xhyvw4h61_processed_0,k4d2xhyvw4h61,29,0,2,music,1,0,N/A
k4d2xhyvw4h61_processed_1,k4d2xhyvw4h61,29,0,2,music,1,0,N/A
k4d2xhyvw4h61_processed_2,k4d2xhyvw4h61,29,0,2,music,1,1,N/A
k4d2xhyvw4h61_processed_3,k4d2xhyvw4h61,29,0,2,music,1,1,N/A
k4d2xhyvw4h61_processed_4,k4d2xhyvw4h61,29,0,2,music,1,1,N/A
k4d2xhyvw4h61_processed_5,k4d2xhyvw4h61,29,0,2,music,1,1,N/A
k4d2xhyvw4h61_processed_6,k4d2xhyvw4h61,29,0,2,music,1,1,N/A
k4d2xhyvw4h61_processed_7,k4d2xhyvw4h61,29,0,2,music,1,1,N/A
k4d2xhyvw4h61_processed_8,k4d2xhyvw4h61,29,0,2,music,1,1,N/A
k4d2xhyvw4h61_processed_9,k4d2xhyvw4h61,29,0,2,music,1,1,N/A
k4d2xhyvw4h61_processed_10,k4d2xhyvw4h61,29,0,2,music,1,1,N/A
k4d2xhyvw4h61_processed_11,k4d2xhyvw4h61,29,0,3,music,1,1,N/A
k4d2xhyvw4h61_processed_12,k4d2xhyvw4h61,29,0,3,music,1,1,N/A
k4d2xhyvw4h61_processed_13,k4d2xhyvw4h61,29,0,3,music,1,1,N/A
k4d2xhyvw4h61_processed_14,k4d2xhyvw4h61,29,0,2,music,1,1,N/A
k4d2xhyvw4h61_processed_15,k4d2xhyvw4h61,29,0,2,music,1,1,N/A
k4d2xhyvw4h61_processed_16,k4d2xhyvw4h61,29,0,2,music,1,1,N/A
k4d2xhyvw4h61_processed_17,k4d2xhyvw4h61,29,0,2,music,1,1,N/A
k4d2xhyvw4h61_processed_18,k4d2xhyvw4h61,29,0,1,music,1,1,N/A
k4d2xhyvw4h61_processed_19,k4d2xhyvw4h61,29,0,2,music,1,1,N/A
k4d2xhyvw4h61_processed_20,k4d2xhyvw4h61,29,0,2,music,1,1,N/A
k4d2xhyvw4h61_processed_21,k4d2xhyvw4h61,29,0,2,music,1,1,N/A
k4d2xhyvw4h61_processed_22,k4d2xhyvw4h61,29,0,2,music,1,1,N/A
k4d2xhyvw4h61_processed_23,k4d2xhyvw4h61,29,0,2,music,1,1,N/A
k4d2xhyvw4h61_processed_24,k4d2xhyvw4h61,29,0,2,music,1,1,N/A
k4d2xhyvw4h61_processed_25,k4d2xhyvw4h61,29,0,1,music,1,1,N/A
k4d2xhyvw4h61_processed_26,k4d2xhyvw4h61,29,0,2,music,1,1,N/A
k4d2xhyvw4h61_processed_27,k4d2xhyvw4h61,29,0,2,music,1,1,N/A
k4d2xhyvw4h61_processed_28,k4d2xhyvw4h61,29,0,2,music,1,1,N/A
k4nczw018o271_processed_0,k4nczw018o271,6,1,9999,"crowd, music",0,0,N/A
k4nczw018o271_processed_1,k4nczw018o271,6,1,9999,"crowd, music",0,0,N/A
k4nczw018o271_processed_2,k4nczw018o271,6,1,9999,"crowd, music",0,0,N/A
k4nczw018o271_processed_3,k4nczw018o271,6,1,9999,"crowd, music",0,0,N/A
k4nczw018o271_processed_4,k4nczw018o271,6,1,9999,"crowd, music",0,0,N/A
k4nczw018o271_processed_5,k4nczw018o271,6,1,9999,"crowd, music",0,0,N/A
k8cbglj7q2y51_processed_0,k8cbglj7q2y51,6,0,0,music,0,0,N/A
k8cbglj7q2y51_processed_1,k8cbglj7q2y51,6,0,0,music,0,0,N/A
k8cbglj7q2y51_processed_2,k8cbglj7q2y52,6,0,0,music,0,0,N/A
k8cbglj7q2y51_processed_3,k8cbglj7q2y53,6,0,0,music,0,0,N/A
k8cbglj7q2y51_processed_4,k8cbglj7q2y54,6,0,0,music,0,0,N/A
k8cbglj7q2y51_processed_5,k8cbglj7q2y55,6,0,0,music,0,0,N/A
k8d2pey92h371_processed_0,k8d2pey92h371,8,0,2,N/A,1,1,N/A
k8d2pey92h371_processed_1,k8d2pey92h371,8,0,2,N/A,1,1,N/A
k8d2pey92h371_processed_2,k8d2pey92h371,8,0,2,N/A,1,1,N/A
k8d2pey92h371_processed_3,k8d2pey92h371,8,0,2,N/A,1,1,N/A
k8d2pey92h371_processed_4,k8d2pey92h371,8,0,2,N/A,1,1,N/A
k8d2pey92h371_processed_5,k8d2pey92h371,8,0,2,N/A,1,1,N/A
k8d2pey92h371_processed_6,k8d2pey92h371,8,0,2,N/A,1,1,N/A
k8d2pey92h371_processed_7,k8d2pey92h371,8,0,2,N/A,1,1,N/A
k8k1icwpocx51_processed_0,k8k1icwpocx51,2,1,9999,crowd protesting,0,0,N/A
k8k1icwpocx51_processed_1,k8k1icwpocx51,2,1,9999,crowd protesting,0,0,N/A
ka9bcwzca4z51_processed_0,ka9bcwzca4z51,12,0,1,N/A,1,0,N/A
ka9bcwzca4z51_processed_1,ka9bcwzca4z51,12,0,1,N/A,1,1,N/A
ka9bcwzca4z51_processed_2,ka9bcwzca4z51,12,0,1,N/A,1,1,N/A
ka9bcwzca4z51_processed_3,ka9bcwzca4z51,12,0,1,N/A,1,1,N/A
ka9bcwzca4z51_processed_4,ka9bcwzca4z51,12,0,1,N/A,1,1,N/A
ka9bcwzca4z51_processed_5,ka9bcwzca4z51,12,0,2,N/A,1,1,N/A
ka9bcwzca4z51_processed_6,ka9bcwzca4z51,12,0,1,N/A,1,1,N/A
ka9bcwzca4z51_processed_7,ka9bcwzca4z51,12,0,2,N/A,1,1,N/A
ka9bcwzca4z51_processed_8,ka9bcwzca4z51,12,0,2,clapping,1,1,N/A
ka9bcwzca4z51_processed_9,ka9bcwzca4z51,12,0,1,N/A,1,1,N/A
ka9bcwzca4z51_processed_10,ka9bcwzca4z51,12,0,1,N/A,1,1,N/A
ka9bcwzca4z51_processed_11,ka9bcwzca4z51,12,0,1,N/A,1,1,N/A
kajk9wic1qk61_processed_0,kajk9wic1qk61,2,1,2,shouting,0,0,shouting here is out of surprise
kajk9wic1qk61_processed_1,kajk9wic1qk61,2,1,2,shouting,0,0,N/A
kb7len1wvzn61_processed_0,kb7len1wvzn61,17,0,1,siren,1,0,N/A
kb7len1wvzn61_processed_1,kb7len1wvzn61,17,0,2,N/A,1,1,N/A
kb7len1wvzn61_processed_2,kb7len1wvzn61,17,0,2,helicopter,1,1,N/A
kb7len1wvzn61_processed_3,kb7len1wvzn61,17,0,2,helicopter,1,1,N/A
kb7len1wvzn61_processed_4,kb7len1wvzn61,17,0,3,N/A,1,1,N/A
kb7len1wvzn61_processed_5,kb7len1wvzn61,17,0,2,N/A,1,0,N/A
kb7len1wvzn61_processed_6,kb7len1wvzn61,17,0,2,helicopter,1,1,N/A
kb7len1wvzn61_processed_7,kb7len1wvzn61,17,0,2,N/A,1,1,N/A
kb7len1wvzn61_processed_8,kb7len1wvzn61,17,0,2,N/A,1,1,N/A
kb7len1wvzn61_processed_9,kb7len1wvzn61,17,0,2,N/A,1,0,N/A
kb7len1wvzn61_processed_10,kb7len1wvzn61,17,0,2,N/A,1,0,N/A
kb7len1wvzn61_processed_11,kb7len1wvzn61,17,0,2,N/A,1,0,N/A
kb7len1wvzn61_processed_12,kb7len1wvzn61,17,0,2,N/A,1,0,N/A
kb7len1wvzn61_processed_13,kb7len1wvzn61,17,0,2,N/A,1,0,N/A
kb7len1wvzn61_processed_14,kb7len1wvzn61,17,0,3,N/A,1,0,N/A
kb7len1wvzn61_processed_15,kb7len1wvzn61,17,0,2,N/A,1,0,N/A
kb7len1wvzn61_processed_16,kb7len1wvzn61,17,0,0,N/A,1,0,N/A
kcdcung15yz61_processed_0,kcdcung15yz61,11,0,2,N/A,1,1,N/A
kcdcung15yz61_processed_1,kcdcung15yz61,11,0,1,engine starting,1,0,N/A
kcdcung15yz61_processed_2,kcdcung15yz61,11,0,0,N/A,1,0,N/A
kcdcung15yz61_processed_3,kcdcung15yz61,11,0,0,music,1,0,N/A
kcdcung15yz61_processed_4,kcdcung15yz61,11,0,1,music,1,0,N/A
kcdcung15yz61_processed_5,kcdcung15yz61,11,0,2,N/A,1,1,N/A
kcdcung15yz61_processed_6,kcdcung15yz61,11,0,2,N/A,1,1,N/A
kcdcung15yz61_processed_7,kcdcung15yz61,11,0,2,N/A,1,1,N/A
kcdcung15yz61_processed_8,kcdcung15yz61,11,0,2,N/A,1,1,N/A
kcdcung15yz61_processed_9,kcdcung15yz61,11,0,2,N/A,1,1,N/A
kcdcung15yz61_processed_10,kcdcung15yz61,11,0,2,engine revving,1,1,N/A
keakf8pvpga71_processed_0,keakf8pvpga71,3,1,9999,cowd,2,1,N/A
keakf8pvpga71_processed_1,keakf8pvpga71,3,1,9999,crowd,2,2,N/A
keakf8pvpga71_processed_2,keakf8pvpga71,3,1,9999,crowd,2,2,N/A
kgdcnmhbjm371_processed_0,kgdcnmhbjm371,3,1,9999,crowd,0,0,N/A
kgdcnmhbjm371_processed_1,kgdcnmhbjm371,3,1,9999,crowd,0,0,N/A
kgdcnmhbjm371_processed_2,kgdcnmhbjm371,3,1,9999,crowd,0,0,N/A
kh8stmjw59v51_processed_0,kh8stmjw59v51,6,0,1,N/A,2,0,N/A
kh8stmjw59v51_processed_1,kh8stmjw59v51,6,0,1,kids screaming,2,0,N/A
kh8stmjw59v51_processed_2,kh8stmjw59v51,6,0,2,"kids screaming, honking",2,0,N/A
kh8stmjw59v51_processed_3,kh8stmjw59v51,6,0,2,honking,2,2,N/A
kh8stmjw59v51_processed_4,kh8stmjw59v51,6,0,2,honking,2,2,N/A
kh8stmjw59v51_processed_5,kh8stmjw59v51,6,0,2,N/A,2,1,N/A
khh6glbn0ip51_processed_0,khh6glbn0ip51,3,1,9999,kids screaming,0,0,N/A
khh6glbn0ip51_processed_1,khh6glbn0ip51,3,1,9999,"kids screaming, giggling",0,0,N/A
khh6glbn0ip51_processed_2,khh6glbn0ip51,3,1,9999,"kids screaming, giggling",0,0,N/A
kimd39lc5cv61_processed_0,kimd39lc5cv61,5,0,2,N/A,0,0,N/A
kimd39lc5cv61_processed_1,kimd39lc5cv61,5,0,3,N/A,0,0,N/A
kimd39lc5cv61_processed_2,kimd39lc5cv61,5,0,2,N/A,0,0,N/A
kimd39lc5cv61_processed_3,kimd39lc5cv61,5,0,3,N/A,0,0,N/A
kimd39lc5cv61_processed_4,kimd39lc5cv61,5,0,2,N/A,0,0,N/A
krrvkof915n51_processed_0,krrvkof915n51,4,0,2,N/A,1,1,N/A
krrvkof915n51_processed_1,krrvkof915n51,4,0,2,N/A,1,1,N/A
krrvkof915n51_processed_2,krrvkof915n51,4,0,2,N/A,1,1,N/A
krrvkof915n51_processed_3,krrvkof915n51,4,0,2,N/A,1,1,N/A
ksw2le2s91371_processed_0,ksw2le2s91371,2,0,1,N/A,0,0,N/A
ksw2le2s91371_processed_1,ksw2le2s91371,2,0,1,crowd surprised,0,0,N/A
kw5vwyfcfq461_processed_0,kw5vwyfcfq461,5,0,1,gun shots,0,0,N/A
kw5vwyfcfq461_processed_1,kw5vwyfcfq461,5,0,2,glass shattering,0,0,N/A
kw5vwyfcfq461_processed_2,kw5vwyfcfq461,5,0,3,glass shattering,0,0,N/A
kw5vwyfcfq461_processed_3,kw5vwyfcfq461,5,0,2,"crowd, lauging",0,0,N/A
kw5vwyfcfq461_processed_4,kw5vwyfcfq461,5,0,2,"crowd, ",0,0,N/A
kyf5hxmsapc61_processed_0,kyf5hxmsapc61,8,0,1,N/A,0,0,N/A
kyf5hxmsapc61_processed_1,kyf5hxmsapc61,8,0,2,N/A,0,0,N/A
kyf5hxmsapc61_processed_2,kyf5hxmsapc61,8,0,1,N/A,0,0,N/A
kyf5hxmsapc61_processed_3,kyf5hxmsapc61,8,0,2,N/A,0,0,N/A
kyf5hxmsapc61_processed_4,kyf5hxmsapc61,8,0,2,N/A,0,0,N/A
kyf5hxmsapc61_processed_5,kyf5hxmsapc61,8,0,1,N/A,0,0,N/A
kyf5hxmsapc61_processed_6,kyf5hxmsapc61,8,0,2,N/A,0,0,N/A
kyf5hxmsapc61_processed_7,kyf5hxmsapc61,8,0,2,N/A,0,0,N/A
kzdlrn9qzj161_processed_0,kzdlrn9qzj161,5,0,1,N/A,0,0,N/A
kzdlrn9qzj161_processed_1,kzdlrn9qzj161,5,0,1,N/A,0,0,N/A
kzdlrn9qzj161_processed_2,kzdlrn9qzj161,5,0,1,N/A,0,0,N/A
kzdlrn9qzj161_processed_3,kzdlrn9qzj161,5,0,1,N/A,0,0,N/A
kzdlrn9qzj161_processed_4,kzdlrn9qzj161,5,0,1,N/A,0,0,N/A
kzdw1tdt7zk51_processed_0,kzdw1tdt7zk51,3,0,2,"laughing, giggling",0,0,N/A
kzdw1tdt7zk51_processed_1,kzdw1tdt7zk51,3,0,2,"laughing, giggling",0,0,N/A
kzdw1tdt7zk51_processed_2,kzdw1tdt7zk51,3,0,2,"laughing, giggling",0,0,N/A
l0b28n2jmnx51_processed_0,l0b28n2jmnx51,7,1,9999,"music, crowd",0,0,N/A
l0b28n2jmnx51_processed_1,l0b28n2jmnx51,7,1,9999,"music, crowd",0,0,N/A
l0b28n2jmnx51_processed_2,l0b28n2jmnx51,7,1,9999,"music, crowd",0,0,N/A
l0b28n2jmnx51_processed_3,l0b28n2jmnx51,7,1,9999,"music, crowd",0,0,N/A
l0b28n2jmnx51_processed_4,l0b28n2jmnx51,7,1,9999,"music, crowd",0,0,N/A
l0b28n2jmnx51_processed_5,l0b28n2jmnx51,7,1,9999,"music, crowd",0,0,N/A
l0b28n2jmnx51_processed_6,l0b28n2jmnx51,7,1,9999,"music, crowd",0,0,N/A
l0no48zcg4p51_processed_0,l0no48zcg4p51,6,1,9999,crowd celebrating,0,0,N/A
l0no48zcg4p51_processed_1,l0no48zcg4p51,6,1,9999,crowd celebrating,0,0,N/A
l0no48zcg4p51_processed_2,l0no48zcg4p51,6,1,9999,crowd celebrating,0,0,N/A
l0no48zcg4p51_processed_3,l0no48zcg4p51,6,1,9999,crowd celebrating,0,0,N/A
l0no48zcg4p51_processed_4,l0no48zcg4p51,6,1,9999,crowd celebrating,0,0,N/A
l0no48zcg4p51_processed_5,l0no48zcg4p51,6,1,9999,crowd celebrating,0,0,N/A
l1497tiy0mx61_processed_0,l1497tiy0mx61,3,0,2,N/A,0,0,N/A
l1497tiy0mx61_processed_1,l1497tiy0mx61,3,0,1,N/A,0,0,N/A
l1497tiy0mx61_processed_2,l1497tiy0mx61,3,0,1,N/A,0,0,N/A
l1jhg9hs0ub61_processed_0,l1jhg9hs0ub61,5,0,1,N/A,0,0,N/A
l1jhg9hs0ub61_processed_1,l1jhg9hs0ub61,5,0,1,crowd,0,0,N/A
l1jhg9hs0ub61_processed_2,l1jhg9hs0ub61,5,0,1,crowd cheering,0,0,N/A
l1jhg9hs0ub61_processed_3,l1jhg9hs0ub61,5,0,1,crowd cheering,0,0,N/A
l1jhg9hs0ub61_processed_4,l1jhg9hs0ub61,5,0,1,"crowd cheering, music",0,0,N/A
l288lmop20361_processed_0,l288lmop20361,4,1,9999,crowd,1,1,N/A
l288lmop20361_processed_1,l288lmop20361,4,1,9999,crowd,1,1,N/A
l288lmop20361_processed_2,l288lmop20361,4,1,9999,crowd,1,1,N/A
l288lmop20361_processed_3,l288lmop20361,4,1,9999,crowd,1,1,N/A
l2mjvi42vri51_processed_0,l2mjvi42vri51,5,0,2,music,0,0,crying here is of joy
l2mjvi42vri51_processed_1,l2mjvi42vri51,5,0,1,music,0,0,N/A
l2mjvi42vri51_processed_2,l2mjvi42vri51,5,0,1,music,0,0,N/A
l2mjvi42vri51_processed_3,l2mjvi42vri51,5,0,1,music,0,0,N/A
l2mjvi42vri51_processed_4,l2mjvi42vri51,5,0,1,music,0,0,N/A
l3g91q2ua7r51_processed_0,l3g91q2ua7r51,2,1,9999,crowd,0,0,N/A
l3g91q2ua7r51_processed_1,l3g91q2ua7r51,2,1,9999,"crowd, music",0,0,N/A
l55kkjq5hme71_processed_0,l55kkjq5hme71,22,0,2,N/A,3,2,N/A
l55kkjq5hme71_processed_1,l55kkjq5hme71,22,0,2,siren,3,1,N/A
l55kkjq5hme71_processed_2,l55kkjq5hme71,22,0,2,N/A,3,1,N/A
l55kkjq5hme71_processed_3,l55kkjq5hme71,22,0,2,N/A,3,2,N/A
l55kkjq5hme71_processed_4,l55kkjq5hme71,22,0,2,beep sounds,3,2,N/A
l55kkjq5hme71_processed_5,l55kkjq5hme71,22,0,2,N/A,3,1,N/A
l55kkjq5hme71_processed_6,l55kkjq5hme71,22,0,3,beep sounds,3,2,N/A
l55kkjq5hme71_processed_7,l55kkjq5hme71,22,0,3,beep sounds,3,3,N/A
l55kkjq5hme71_processed_8,l55kkjq5hme71,22,0,3,N/A,3,3,N/A
l55kkjq5hme71_processed_9,l55kkjq5hme71,22,0,2,N/A,3,1,N/A
l55kkjq5hme71_processed_10,l55kkjq5hme71,22,0,2,siren,3,2,N/A
l55kkjq5hme71_processed_11,l55kkjq5hme71,22,0,3,N/A,3,3,N/A
l55kkjq5hme71_processed_12,l55kkjq5hme71,22,0,3,gun shots,3,3,N/A
l55kkjq5hme71_processed_13,l55kkjq5hme71,22,0,2,beep sounds,3,2,N/A
l55kkjq5hme71_processed_14,l55kkjq5hme71,22,0,3,beep sounds,3,3,N/A
l55kkjq5hme71_processed_15,l55kkjq5hme71,22,0,3,"beep sounds, siren",3,3,N/A
l55kkjq5hme71_processed_16,l55kkjq5hme71,22,0,3,"siren, gun shots",3,1,N/A
l55kkjq5hme71_processed_17,l55kkjq5hme71,22,0,3,"siren, gun shots",3,2,N/A
l55kkjq5hme71_processed_18,l55kkjq5hme71,22,0,2,N/A,3,1,N/A
l55kkjq5hme71_processed_19,l55kkjq5hme71,22,0,3,N/A,3,3,N/A
l55kkjq5hme71_processed_20,l55kkjq5hme71,22,0,3,"beep sounds, gun shots",3,3,N/A
l55kkjq5hme71_processed_21,l55kkjq5hme71,22,0,3,beep sounds,3,2,N/A
l5jxi98rqgz61_processed_0,l5jxi98rqgz61,2,0,0,crowd cheering,0,0,N/A
l5jxi98rqgz61_processed_1,l5jxi98rqgz61,2,0,0,crowd cheering,0,0,N/A
l7m9wc4jw0k61_processed_0,l7m9wc4jw0k61,1,0,3,N/A,0,0,N/A
l7yara4uy6c61_processed_0,l7yara4uy6c61,6,0,1,crowd,1,1,N/A
l7yara4uy6c61_processed_1,l7yara4uy6c61,6,0,1,crowd,1,1,N/A
l7yara4uy6c61_processed_2,l7yara4uy6c61,6,0,1,crowd,1,1,N/A
l7yara4uy6c61_processed_3,l7yara4uy6c61,6,0,1,crowd,1,1,N/A
l7yara4uy6c61_processed_4,l7yara4uy6c61,6,0,1,crowd,1,1,N/A
l7yara4uy6c61_processed_5,l7yara4uy6c61,6,0,1,crowd,1,1,N/A
l9wqkwwvmeh51_processed_0,l9wqkwwvmeh51,4,0,2,N/A,1,1,N/A
l9wqkwwvmeh51_processed_1,l9wqkwwvmeh51,4,0,2,N/A,1,1,N/A
l9wqkwwvmeh51_processed_2,l9wqkwwvmeh51,4,0,2,N/A,1,1,N/A
l9wqkwwvmeh51_processed_3,l9wqkwwvmeh51,4,0,2,music,1,1,N/A
lcon21qheeu61_processed_0,lcon21qheeu61,9,0,1,N/A,0,0,N/A
lcon21qheeu61_processed_1,lcon21qheeu61,9,0,2,crowd cheering,0,0,N/A
lcon21qheeu61_processed_2,lcon21qheeu61,9,0,1,crowd cheering,0,0,N/A
lcon21qheeu61_processed_3,lcon21qheeu61,9,0,1,crowd cheering,0,0,N/A
lcon21qheeu61_processed_4,lcon21qheeu61,9,0,1,crowd cheering,0,0,N/A
lcon21qheeu61_processed_5,lcon21qheeu61,9,0,1,crowd cheering,0,0,N/A
lcon21qheeu61_processed_6,lcon21qheeu61,9,0,0,N/A,0,0,N/A
lcon21qheeu61_processed_7,lcon21qheeu61,9,0,1,N/A,0,0,N/A
lcon21qheeu61_processed_8,lcon21qheeu61,9,0,1,N/A,0,0,N/A
lcxs657y79771_processed_0,lcxs657y79771,4,1,9999,crowd,0,0,N/A
lcxs657y79771_processed_1,lcxs657y79771,4,0,2,crowd protesting,0,0,N/A
lcxs657y79771_processed_2,lcxs657y79771,4,0,2,crowd protesting,0,0,N/A
lcxs657y79771_processed_3,lcxs657y79771,4,0,1,crowd protesting,0,0,N/A
ld05uslat3n51_processed_0,ld05uslat3n51,5,1,0,firecrackers,2,0,N/A
ld05uslat3n51_processed_1,ld05uslat3n51,5,1,0,firecrackers,2,0,N/A
ld05uslat3n51_processed_2,ld05uslat3n51,5,1,0,firecrackers,2,0,N/A
ld05uslat3n51_processed_3,ld05uslat3n52,5,1,0,firecrackers,2,0,N/A
ld05uslat3n51_processed_4,ld05uslat3n53,5,1,9999,firecrackers,2,2,N/A
lfdoom4uwse61_processed_0,lfdoom4uwse61,3,0,2,music,0,0,N/A
lfdoom4uwse61_processed_1,lfdoom4uwse61,3,0,3,music,0,0,N/A
lfdoom4uwse61_processed_2,lfdoom4uwse61,3,0,3,music,0,0,N/A
lfg4iexhiys61_processed_0,lfg4iexhiys61,9,0,0,crowd,0,0,N/A
lfg4iexhiys61_processed_1,lfg4iexhiys61,9,0,1,crowd,0,0,N/A
lfg4iexhiys61_processed_2,lfg4iexhiys61,9,0,1,crowd,0,0,N/A
lfg4iexhiys61_processed_3,lfg4iexhiys61,9,0,0,crowd,0,0,N/A
lfg4iexhiys61_processed_4,lfg4iexhiys61,9,0,0,crowd,0,0,N/A
lfg4iexhiys61_processed_5,lfg4iexhiys61,9,0,1,crowd,0,0,N/A
lfg4iexhiys61_processed_6,lfg4iexhiys61,9,0,1,crowd,0,0,N/A
lfg4iexhiys61_processed_7,lfg4iexhiys61,9,0,2,crowd,0,0,N/A
lfg4iexhiys61_processed_8,lfg4iexhiys61,9,0,2,crowd,0,0,N/A
lh3iydldr7b61_processed_0,lh3iydldr7b61,12,0,1,N/A,1,0,N/A
lh3iydldr7b61_processed_1,lh3iydldr7b61,12,0,1,N/A,1,0,N/A
lh3iydldr7b61_processed_2,lh3iydldr7b61,12,0,2,N/A,1,0,N/A
lh3iydldr7b61_processed_3,lh3iydldr7b61,12,0,2,N/A,1,1,N/A
lh3iydldr7b61_processed_4,lh3iydldr7b61,12,0,3,N/A,1,1,N/A
lh3iydldr7b61_processed_5,lh3iydldr7b61,12,0,2,N/A,1,0,N/A
lh3iydldr7b61_processed_6,lh3iydldr7b61,12,0,2,N/A,1,0,N/A
lh3iydldr7b61_processed_7,lh3iydldr7b61,12,0,2,N/A,1,0,N/A
lh3iydldr7b61_processed_8,lh3iydldr7b61,12,0,2,N/A,1,0,N/A
lh3iydldr7b61_processed_9,lh3iydldr7b61,12,0,2,N/A,1,0,N/A
lh3iydldr7b61_processed_10,lh3iydldr7b61,12,0,2,N/A,1,0,N/A
lh3iydldr7b61_processed_11,lh3iydldr7b61,12,0,2,N/A,1,0,N/A
lirb4nup0oy51_processed_0,lirb4nup0oy51,5,0,2,N/A,0,0,N/A
lirb4nup0oy51_processed_1,lirb4nup0oy52,5,0,3,N/A,0,0,N/A
lirb4nup0oy51_processed_2,lirb4nup0oy53,5,0,2,N/A,0,0,N/A
lirb4nup0oy51_processed_3,lirb4nup0oy54,5,0,2,N/A,0,0,N/A
lirb4nup0oy51_processed_4,lirb4nup0oy55,5,0,0,N/A,0,0,N/A
lkn93q30qvc61_processed_0,lkn93q30qvc61,3,0,2,people shouting,3,1,N/A
lkn93q30qvc61_processed_1,lkn93q30qvc61,3,0,3,people shouting,3,3,N/A
lkn93q30qvc61_processed_2,lkn93q30qvc61,3,0,3,people shouting,3,2,N/A
lmx1eh0uqn171_processed_0,lmx1eh0uqn171,20,1,9999,people talking,0,0,N/A
lmx1eh0uqn171_processed_1,lmx1eh0uqn171,20,1,9999,people talking,0,0,N/A
lmx1eh0uqn171_processed_2,lmx1eh0uqn171,20,1,9999,people talking,0,0,N/A
lmx1eh0uqn171_processed_3,lmx1eh0uqn171,20,1,9999,people talking,0,0,N/A
lmx1eh0uqn171_processed_4,lmx1eh0uqn171,20,1,9999,people talking,0,0,N/A
lmx1eh0uqn171_processed_5,lmx1eh0uqn171,20,1,9999,people talking,0,0,N/A
lmx1eh0uqn171_processed_6,lmx1eh0uqn171,20,1,9999,people talking,0,0,N/A
lmx1eh0uqn171_processed_7,lmx1eh0uqn171,20,1,9999,people talking,0,0,N/A
lmx1eh0uqn171_processed_8,lmx1eh0uqn171,20,1,9999,people talking,0,0,N/A
lmx1eh0uqn171_processed_9,lmx1eh0uqn171,20,1,9999,people talking,0,0,N/A
lmx1eh0uqn171_processed_10,lmx1eh0uqn171,20,1,9999,people talking,0,0,N/A
lmx1eh0uqn171_processed_11,lmx1eh0uqn171,20,1,9999,people talking,0,0,N/A
lmx1eh0uqn171_processed_12,lmx1eh0uqn171,20,1,9999,people talking,0,0,N/A
lmx1eh0uqn171_processed_13,lmx1eh0uqn171,20,1,9999,people talking,0,0,N/A
lmx1eh0uqn171_processed_14,lmx1eh0uqn171,20,1,9999,people talking,0,0,N/A
lmx1eh0uqn171_processed_15,lmx1eh0uqn171,20,1,9999,people talking,0,0,N/A
lmx1eh0uqn171_processed_16,lmx1eh0uqn171,20,1,9999,people talking,0,0,N/A
lmx1eh0uqn171_processed_17,lmx1eh0uqn171,20,1,9999,people talking,0,0,N/A
lmx1eh0uqn171_processed_18,lmx1eh0uqn171,20,1,9999,people talking,0,0,N/A
lmx1eh0uqn171_processed_19,lmx1eh0uqn171,20,1,9999,people talking,0,0,N/A
lng2m9l4j2w61_processed_0,lng2m9l4j2w61,6,0,1,N/A,0,0,N/A
lng2m9l4j2w61_processed_1,lng2m9l4j2w61,6,0,1,N/A,0,0,N/A
lng2m9l4j2w61_processed_2,lng2m9l4j2w61,6,0,2,N/A,0,0,N/A
lng2m9l4j2w61_processed_3,lng2m9l4j2w61,6,0,2,N/A,0,0,N/A
lng2m9l4j2w61_processed_4,lng2m9l4j2w61,6,0,2,N/A,0,0,N/A
lng2m9l4j2w61_processed_5,lng2m9l4j2w61,6,0,1,N/A,0,0,N/A
loch7b5a0cz51_processed_0,loch7b5a0cz51,19,0,2,traffic,0,0,N/A
loch7b5a0cz51_processed_1,loch7b5a0cz51,19,0,1,music,0,0,N/A
loch7b5a0cz51_processed_2,loch7b5a0cz51,19,0,1,music,0,0,N/A
loch7b5a0cz51_processed_3,loch7b5a0cz51,19,0,1,crowd,0,0,N/A
loch7b5a0cz51_processed_4,loch7b5a0cz51,19,0,1,crowd,0,0,N/A
loch7b5a0cz51_processed_5,loch7b5a0cz51,19,0,2,crowd,0,0,N/A
loch7b5a0cz51_processed_6,loch7b5a0cz51,19,0,1,crowd,0,0,N/A
loch7b5a0cz51_processed_7,loch7b5a0cz51,19,0,1,crowd,0,0,N/A
loch7b5a0cz51_processed_8,loch7b5a0cz51,19,0,1,crowd,0,0,N/A
loch7b5a0cz51_processed_9,loch7b5a0cz51,19,0,1,crowd,0,0,N/A
loch7b5a0cz51_processed_10,loch7b5a0cz51,19,0,1,crowd,0,0,N/A
loch7b5a0cz51_processed_11,loch7b5a0cz51,19,0,1,crowd,0,0,N/A
loch7b5a0cz51_processed_12,loch7b5a0cz51,19,0,2,crowd,0,0,N/A
loch7b5a0cz51_processed_13,loch7b5a0cz51,19,0,2,crowd,0,0,N/A
loch7b5a0cz51_processed_14,loch7b5a0cz51,19,0,2,crowd,0,0,N/A
loch7b5a0cz51_processed_15,loch7b5a0cz51,19,0,1,crowd,0,0,N/A
loch7b5a0cz51_processed_16,loch7b5a0cz51,19,0,1,crowd,0,0,N/A
loch7b5a0cz51_processed_17,loch7b5a0cz51,19,0,1,crowd,0,0,N/A
loch7b5a0cz51_processed_18,loch7b5a0cz51,19,0,1,crowd,0,0,N/A
