parent_file,file_name,number_of_segments,number_of_voices_parent,segment_label,parent_label,noisy,extra_sounds,Notes
00g8dfgpqpt61,00g8dfgpqpt61_processed_0,3,,0,0,1,NULL,NULL
00g8dfgpqpt61,00g8dfgpqpt61_processed_1,3,,0,0,1,NULL,NULL
00g8dfgpqpt61,00g8dfgpqpt61_processed_2,3,,0,0,1,NULL,NULL
0ailv3uq2lw61,0ailv3uq2lw61_processed_0,4,,0,2,0,Something being struck,NULL
0ailv3uq2lw61,0ailv3uq2lw61_processed_1,4,,2,2,1,Growl,NULL
0ailv3uq2lw61,0ailv3uq2lw61_processed_2,4,,0,2,1,NULL,NULL
0ailv3uq2lw61,0ailv3uq2lw61_processed_3,4,,0,2,0,NULL,NULL
0c7qgddd16l51,0c7qgddd16l51_processed_0,19,,0,1,0,NULL,NULL
0c7qgddd16l51,0c7qgddd16l51_processed_1,19,,0,1,0,NULL,NULL
0c7qgddd16l51,0c7qgddd16l51_processed_2,19,,0,1,0,NULL,NULL
0c7qgddd16l51,0c7qgddd16l51_processed_3,19,,0,1,0,NULL,NULL
0c7qgddd16l51,0c7qgddd16l51_processed_4,19,,0,1,0,NULL,NULL
0c7qgddd16l51,0c7qgddd16l51_processed_5,19,,0,1,0,NULL,NULL
0c7qgddd16l51,0c7qgddd16l51_processed_6,19,,1,1,0,NULL,NULL
0c7qgddd16l51,0c7qgddd16l51_processed_7,19,,0,1,0,NULL,NULL
0c7qgddd16l51,0c7qgddd16l51_processed_8,19,,0,1,0,NULL,NULL
0c7qgddd16l51,0c7qgddd16l51_processed_9,19,,0,1,0,NULL,NULL
0c7qgddd16l51,0c7qgddd16l51_processed_10,19,,1,1,0,NULL,NULL
0c7qgddd16l51,0c7qgddd16l51_processed_11,19,,1,1,0,NULL,NULL
0c7qgddd16l51,0c7qgddd16l51_processed_12,19,,0,1,0,NULL,NULL
0c7qgddd16l51,0c7qgddd16l51_processed_13,19,,1,1,0,NULL,NULL
0c7qgddd16l51,0c7qgddd16l51_processed_14,19,,1,1,0,NULL,NULL
0c7qgddd16l51,0c7qgddd16l51_processed_15,19,,0,1,0,NULL,NULL
0c7qgddd16l51,0c7qgddd16l51_processed_16,19,,1,1,0,NULL,NULL
0c7qgddd16l51,0c7qgddd16l51_processed_17,19,,0,1,0,NULL,NULL
0c7qgddd16l51,0c7qgddd16l51_processed_18,19,,0,1,0,NULL,NULL
0cho11mt05y51,0cho11mt05y51_processed_0,2,,0,0,1,NULL,NULL
0cho11mt05y51,0cho11mt05y51_processed_1,2,,0,0,1,NULL,NULL
0cmcfw7ucae71,0cmcfw7ucae71_processed_0,3,,0,0,0,Animal noise,NULL
0cmcfw7ucae71,0cmcfw7ucae71_processed_1,3,,0,0,0,Animal noise,NULL
0cmcfw7ucae71,0cmcfw7ucae71_processed_2,3,,0,0,0,Animal noise,NULL
0d9lcxq7sxf61,0d9lcxq7sxf61_processed_0,3,,0,0,1,Cheering,NULL
0d9lcxq7sxf61,0d9lcxq7sxf61_processed_1,3,,0,0,1,Cheering,NULL
0d9lcxq7sxf61,0d9lcxq7sxf61_processed_2,3,,0,0,1,Cheering,NULL
0f8jowocy1j51,0f8jowocy1j51_processed_0,6,,1,3,0,NULL,NULL
0f8jowocy1j51,0f8jowocy1j51_processed_1,6,,3,3,0,NULL,NULL
0f8jowocy1j51,0f8jowocy1j51_processed_2,6,,2,3,0,NULL,NULL
0f8jowocy1j51,0f8jowocy1j51_processed_3,6,,1,3,0,NULL,NULL
0f8jowocy1j51,0f8jowocy1j51_processed_4,6,,1,3,0,NULL,NULL
0f8jowocy1j51,0f8jowocy1j51_processed_5,6,,0,3,0,NULL,NULL
0f520cf07s571,0f520cf07s571_processed_0,2,,1,1,1,NULL,NULL
0f520cf07s571,0f520cf07s571_processed_1,2,,0,1,1,NULL,NULL
0fi5aogp5bg51,0fi5aogp5bg51_processed_0,3,,2,2,1,Bang,NULL
0fi5aogp5bg51,0fi5aogp5bg51_processed_1,3,,2,2,1,NULL,NULL
0fi5aogp5bg51,0fi5aogp5bg51_processed_2,3,,2,2,1,Sirens,NULL
0fkhnhiw6ii61,0fkhnhiw6ii61_processed_0,4,,0,1,0,NULL,NULL
0fkhnhiw6ii61,0fkhnhiw6ii61_processed_1,4,,0,1,0,NULL,NULL
0fkhnhiw6ii61,0fkhnhiw6ii61_processed_2,4,,1,1,0,NULL,NULL
0fkhnhiw6ii61,0fkhnhiw6ii61_processed_3,4,,1,1,0,NULL,NULL
0h3jkge4hj761,0h3jkge4hj761_processed_0,29,,NULL,NULL,NULL,NULL,NULL
0h3jkge4hj761,0h3jkge4hj761_processed_1,29,,1,1,1,NULL,NULL
0h3jkge4hj761,0h3jkge4hj761_processed_2,29,,1,1,1,NULL,NULL
0h3jkge4hj761,0h3jkge4hj761_processed_3,29,,1,1,1,NULL,NULL
0h3jkge4hj761,0h3jkge4hj761_processed_4,29,,1,1,1,NULL,NULL
0h3jkge4hj761,0h3jkge4hj761_processed_5,29,,1,1,1,NULL,NULL
0h3jkge4hj761,0h3jkge4hj761_processed_6,29,,1,1,1,NULL,NULL
0h3jkge4hj761,0h3jkge4hj761_processed_7,29,,1,1,1,NULL,NULL
0h3jkge4hj761,0h3jkge4hj761_processed_8,29,,1,1,1,NULL,NULL
0h3jkge4hj761,0h3jkge4hj761_processed_9,29,,1,1,1,NULL,NULL
0h3jkge4hj761,0h3jkge4hj761_processed_10,29,,1,1,1,NULL,NULL
0h3jkge4hj761,0h3jkge4hj761_processed_11,29,,1,1,1,NULL,NULL
0h3jkge4hj761,0h3jkge4hj761_processed_12,29,,1,1,1,NULL,NULL
0h3jkge4hj761,0h3jkge4hj761_processed_13,29,,1,1,1,Clapping,NULL
0h3jkge4hj761,0h3jkge4hj761_processed_14,29,,1,1,1,NULL,NULL
0h3jkge4hj761,0h3jkge4hj761_processed_15,29,,1,1,1,NULL,NULL
0h3jkge4hj761,0h3jkge4hj761_processed_16,29,,1,1,1,Clapping,NULL
0h3jkge4hj761,0h3jkge4hj761_processed_17,29,,1,1,1,NULL,NULL
0h3jkge4hj761,0h3jkge4hj761_processed_18,29,,1,1,1,NULL,NULL
0h3jkge4hj761,0h3jkge4hj761_processed_19,29,,1,1,1,Clapping,NULL
0h3jkge4hj761,0h3jkge4hj761_processed_20,29,,1,1,1,NULL,NULL
0h3jkge4hj761,0h3jkge4hj761_processed_21,29,,0,1,1,NULL,NULL
0h3jkge4hj761,0h3jkge4hj761_processed_22,29,,1,1,1,NULL,NULL
0h3jkge4hj761,0h3jkge4hj761_processed_23,29,,1,1,1,NULL,NULL
0h3jkge4hj761,0h3jkge4hj761_processed_24,29,,1,1,1,NULL,NULL
0h3jkge4hj761,0h3jkge4hj761_processed_25,29,,1,1,1,NULL,NULL
0h3jkge4hj761,0h3jkge4hj761_processed_26,29,,1,1,1,NULL,NULL
0h3jkge4hj761,0h3jkge4hj761_processed_27,29,,1,1,1,NULL,NULL
0h3jkge4hj761,0h3jkge4hj761_processed_28,29,,0,1,1,NULL,NULL
0hvd1wmkahp61,0hvd1wmkahp61_processed_0,4,,0,0,0,NULL,NULL
0hvd1wmkahp61,0hvd1wmkahp61_processed_1,4,,0,0,0,NULL,NULL
0hvd1wmkahp61,0hvd1wmkahp61_processed_2,4,,0,0,0,NULL,NULL
0hvd1wmkahp61,0hvd1wmkahp61_processed_3,4,,0,0,0,NULL,NULL
0j1dmdrfkb061,0j1dmdrfkb061_processed_0,2,,3,3,0,NULL,NULL
0j1dmdrfkb061,0j1dmdrfkb061_processed_1,2,,3,3,0,NULL,NULL
0ldl8z0w7kv51,0ldl8z0w7kv51_processed_0,5,,2,3,1,NULL,NULL
0ldl8z0w7kv51,0ldl8z0w7kv51_processed_1,5,,2,3,1,CAR HOOTING,NULL
0ldl8z0w7kv51,0ldl8z0w7kv51_processed_2,5,,2,3,1,NULL,NULL
0ldl8z0w7kv51,0ldl8z0w7kv51_processed_3,5,,2,3,1,NULL,NULL
0ldl8z0w7kv51,0ldl8z0w7kv51_processed_4,5,,3,3,1,NULL,NULL
0lkuzk8aqp371,0lkuzk8aqp371_processed_0,14,,0,1,1,NULL,NULL
0lkuzk8aqp371,0lkuzk8aqp371_processed_1,14,,1,1,1,NULL,NULL
0lkuzk8aqp371,0lkuzk8aqp371_processed_2,14,,1,1,1,NULL,NULL
0lkuzk8aqp371,0lkuzk8aqp371_processed_3,14,,1,1,1,NULL,NULL
0lkuzk8aqp371,0lkuzk8aqp371_processed_4,14,,1,1,1,NULL,NULL
0lkuzk8aqp371,0lkuzk8aqp371_processed_5,14,,1,1,1,NULL,NULL
0lkuzk8aqp371,0lkuzk8aqp371_processed_6,14,,1,1,1,NULL,NULL
0lkuzk8aqp371,0lkuzk8aqp371_processed_7,14,,1,1,1,NULL,NULL
0lkuzk8aqp371,0lkuzk8aqp371_processed_8,14,,1,1,1,NULL,NULL
0lkuzk8aqp371,0lkuzk8aqp371_processed_9,14,,1,1,1,NULL,NULL
0lkuzk8aqp371,0lkuzk8aqp371_processed_10,14,,1,1,1,NULL,NULL
0lkuzk8aqp371,0lkuzk8aqp371_processed_11,14,,1,1,1,NULL,NULL
0lkuzk8aqp371,0lkuzk8aqp371_processed_12,14,,1,1,1,NULL,NULL
0lkuzk8aqp371,0lkuzk8aqp371_processed_13,14,,1,1,1,NULL,NULL
0lw3uak945u61,0lw3uak945u61_processed_0,14,,0,0,0,NULL,NULL
0lw3uak945u61,0lw3uak945u61_processed_1,14,,0,0,0,NULL,NULL
0lw3uak945u61,0lw3uak945u61_processed_2,14,,1,0,0,NULL,NULL
0lw3uak945u61,0lw3uak945u61_processed_3,14,,1,0,0,NULL,NULL
0lw3uak945u61,0lw3uak945u61_processed_4,14,,0,0,0,NULL,NULL
0lw3uak945u61,0lw3uak945u61_processed_5,14,,0,0,0,NULL,NULL
0lw3uak945u61,0lw3uak945u61_processed_6,14,,0,0,0,NULL,NULL
0lw3uak945u61,0lw3uak945u61_processed_7,14,,0,0,0,NULL,NULL
0lw3uak945u61,0lw3uak945u61_processed_8,14,,0,0,0,NULL,NULL
0lw3uak945u61,0lw3uak945u61_processed_9,14,,0,0,0,NULL,NULL
0lw3uak945u61,0lw3uak945u61_processed_10,14,,0,0,0,NULL,NULL
0lw3uak945u61,0lw3uak945u61_processed_11,14,,1,0,0,NULL,NULL
0lw3uak945u61,0lw3uak945u61_processed_12,14,,1,0,0,NULL,NULL
0lw3uak945u61,0lw3uak945u61_processed_13,14,,0,0,0,NULL,NULL
0p2cktb33qm61,0p2cktb33qm61_processed_0,6,,0,0,0,NULL,NULL
0p2cktb33qm61,0p2cktb33qm61_processed_1,6,,0,0,0,Bang,NULL
0p2cktb33qm61,0p2cktb33qm61_processed_2,6,,0,0,0,NULL,NULL
0p2cktb33qm61,0p2cktb33qm61_processed_3,6,,0,0,1,NULL,NULL
0p2cktb33qm61,0p2cktb33qm61_processed_4,6,,0,0,1,Whistles,NULL
0p2cktb33qm61,0p2cktb33qm61_processed_5,6,,0,0,1,NULL,NULL
0s1wt1zhkkh51,0s1wt1zhkkh51_processed_0,2,,0,0,1,NULL,NULL
0s1wt1zhkkh51,0s1wt1zhkkh51_processed_1,2,,0,0,1,NULL,NULL
0s3rodrbpfu61,0s3rodrbpfu61_processed_0,6,,1,2,0,NULL,NULL
0s3rodrbpfu61,0s3rodrbpfu61_processed_1,6,,2,2,0,NULL,NULL
0s3rodrbpfu61,0s3rodrbpfu61_processed_2,6,,2,2,0,NULL,NULL
0s3rodrbpfu61,0s3rodrbpfu61_processed_3,6,,2,2,0,NULL,NULL
0s3rodrbpfu61,0s3rodrbpfu61_processed_4,6,,0,2,0,NULL,NULL
0s3rodrbpfu61,0s3rodrbpfu61_processed_5,6,,0,2,0,NULL,NULL
0sqg8sfl6lw51,0sqg8sfl6lw51_processed_0,3,,3,3,0,NULL,NULL
0sqg8sfl6lw51,0sqg8sfl6lw51_processed_1,3,,3,3,0,NULL,NULL
0sqg8sfl6lw51,0sqg8sfl6lw51_processed_2,3,,3,3,0,NULL,NULL
0tey3h48hha61,0tey3h48hha61_processed_0,16,,3,3,1,NULL,NULL
0tey3h48hha61,0tey3h48hha61_processed_1,16,,3,3,1,NULL,NULL
0tey3h48hha61,0tey3h48hha61_processed_2,16,,3,3,1,NULL,NULL
0tey3h48hha61,0tey3h48hha61_processed_3,16,,3,3,1,NULL,NULL
0tey3h48hha61,0tey3h48hha61_processed_4,16,,3,3,1,NULL,NULL
0tey3h48hha61,0tey3h48hha61_processed_5,16,,3,3,1,NULL,NULL
0tey3h48hha61,0tey3h48hha61_processed_6,16,,3,3,1,NULL,NULL
0tey3h48hha61,0tey3h48hha61_processed_7,16,,3,3,1,NULL,NULL
0tey3h48hha61,0tey3h48hha61_processed_8,16,,3,3,1,NULL,NULL
0tey3h48hha61,0tey3h48hha61_processed_9,16,,3,3,1,NULL,NULL
0tey3h48hha61,0tey3h48hha61_processed_10,16,,3,3,1,NULL,NULL
0tey3h48hha61,0tey3h48hha61_processed_11,16,,3,3,1,NULL,NULL
0tey3h48hha61,0tey3h48hha61_processed_12,16,,3,3,1,NULL,NULL
0tey3h48hha61,0tey3h48hha61_processed_13,16,,3,3,1,NULL,NULL
0tey3h48hha61,0tey3h48hha61_processed_14,16,,3,3,1,NULL,NULL
0tey3h48hha61,0tey3h48hha61_processed_15,16,,3,3,1,NULL,NULL
0thgy8s2ovg51,0thgy8s2ovg51_processed_0,1,,2,2,1,NULL,NULL
0ui2hon0+88:92i9z51,0ui2hon0i9z51_processed_0,6,,0,2,0,NULL,NULL
0ui2hon0i9z51,0ui2hon0i9z51_processed_1,6,,0,2,0,Car hooting,NULL
0ui2hon0i9z51,0ui2hon0i9z51_processed_2,6,,0,2,0,NULL,NULL
0ui2hon0i9z51,0ui2hon0i9z51_processed_3,6,,2,2,0,NULL,NULL
0ui2hon0i9z51,0ui2hon0i9z51_processed_4,6,,2,2,0,NULL,NULL
0ui2hon0i9z51,0ui2hon0i9z51_processed_5,6,,1,2,0,Dog bark,NULL
0xtsru74ihq61,0xtsru74ihq61_processed_0,4,,0,0,0,Flag Silence,NULL
0xtsru74ihq61,0xtsru74ihq61_processed_1,4,,0,0,0,Flag Silence,NULL
0xtsru74ihq61,0xtsru74ihq61_processed_2,4,,0,0,0,Flag Silence,NULL
0xtsru74ihq61,0xtsru74ihq61_processed_3,4,,0,0,0,Flag Silence,NULL
0y9831he72u61,0y9831he72u61_processed_0,6,,2,2,0,NULL,NULL
0y9831he72u61,0y9831he72u61_processed_1,6,,2,2,1,NULL,NULL
0y9831he72u61,0y9831he72u61_processed_2,6,,2,2,1,NULL,NULL
0y9831he72u61,0y9831he72u61_processed_3,6,,1,2,0,NULL,NULL
0y9831he72u61,0y9831he72u61_processed_4,6,,2,2,0,NULL,NULL
0y9831he72u61,0y9831he72u61_processed_5,6,,0,2,0,NULL,NULL
0ziwjvz4lqf71,0ziwjvz4lqf71_processed_0,3,,0,1,0,NULL,NULL
0ziwjvz4lqf71,0ziwjvz4lqf71_processed_1,3,,1,1,0,NULL,NULL
0ziwjvz4lqf71,0ziwjvz4lqf71_processed_2,3,,1,1,0,NULL,NULL
01avx2fm1t961,01avx2fm1t961_processed_0,5,,3,3,1,NULL,NULL
01avx2fm1t961,01avx2fm1t961_processed_1,5,,3,3,1,NULL,NULL
01avx2fm1t961,01avx2fm1t961_processed_2,5,,3,3,1,NULL,NULL
01avx2fm1t961,01avx2fm1t961_processed_3,5,,2,3,1,NULL,NULL
01avx2fm1t961,01avx2fm1t961_processed_4,5,,2,3,1,NULL,NULL
1a8lksziefs61,1a8lksziefs61_processed_0,18,,2,2,0,NULL,NULL
1a8lksziefs61,1a8lksziefs61_processed_1,18,,1,2,0,NULL,NULL
1a8lksziefs61,1a8lksziefs61_processed_2,18,,1,2,0,NULL,NULL
1a8lksziefs61,1a8lksziefs61_processed_3,18,,1,2,0,NULL,NULL
1a8lksziefs61,1a8lksziefs61_processed_4,18,,2,2,0,NULL,NULL
1a8lksziefs61,1a8lksziefs61_processed_5,18,,1,2,0,NULL,NULL
1a8lksziefs61,1a8lksziefs61_processed_6,18,,2,2,0,NULL,NULL
1a8lksziefs61,1a8lksziefs61_processed_7,18,,2,2,0,NULL,NULL
1a8lksziefs61,1a8lksziefs61_processed_8,18,,1,2,0,NULL,NULL
1a8lksziefs61,1a8lksziefs61_processed_9,18,,1,2,0,NULL,NULL
1a8lksziefs61,1a8lksziefs61_processed_10,18,,1,2,0,NULL,NULL
1a8lksziefs61,1a8lksziefs61_processed_11,18,,1,2,0,NULL,NULL
1a8lksziefs61,1a8lksziefs61_processed_12,18,,1,2,0,NULL,NULL
1a8lksziefs61,1a8lksziefs61_processed_13,18,,2,2,0,NULL,NULL
1a8lksziefs61,1a8lksziefs61_processed_14,18,,2,2,0,NULL,NULL
1a8lksziefs61,1a8lksziefs61_processed_15,18,,1,2,0,NULL,NULL
1a8lksziefs61,1a8lksziefs61_processed_16,18,,1,2,0,NULL,NULL
1a8lksziefs61,1a8lksziefs61_processed_17,18,,1,2,0,NULL,NULL
1b229datdzf61,1b229datdzf61_processed_0,10,,0,1,0,NULL,NULL
1b229datdzf61,1b229datdzf61_processed_1,10,,1,1,0,NULL,NULL
1b229datdzf61,1b229datdzf61_processed_2,10,,0,1,0,NULL,NULL
1b229datdzf61,1b229datdzf61_processed_3,10,,0,1,0,NULL,NULL
1b229datdzf61,1b229datdzf61_processed_4,10,,0,1,0,NULL,NULL
1b229datdzf61,1b229datdzf61_processed_5,10,,0,1,0,NULL,NULL
1b229datdzf61,1b229datdzf61_processed_6,10,,0,1,0,NULL,NULL
1b229datdzf61,1b229datdzf61_processed_7,10,,0,1,0,NULL,NULL
1b229datdzf61,1b229datdzf61_processed_8,10,,0,1,0,NULL,NULL
1b229datdzf61,1b229datdzf61_processed_9,10,,0,1,0,NULL,NULL
1bt8ztm58ew51,1bt8ztm58ew51_processed_0,3,,2,2,0,NULL,NULL
1bt8ztm58ew51,1bt8ztm58ew51_processed_1,3,,2,2,0,NULL,NULL
1bt8ztm58ew51,1bt8ztm58ew51_processed_2,3,,2,2,1,NULL,NULL
1bt81rmsfl771,1bt81rmsfl771_processed_0,8,,0,3,0,NULL,NULL
1bt81rmsfl771,1bt81rmsfl771_processed_1,8,,3,3,0,Tazer,NULL
1bt81rmsfl771,1bt81rmsfl771_processed_2,8,,3,3,0,NULL,NULL
1bt81rmsfl771,1bt81rmsfl771_processed_3,8,,2,3,0,NULL,NULL
1bt81rmsfl771,1bt81rmsfl771_processed_4,8,,2,3,1,NULL,NULL
1bt81rmsfl771,1bt81rmsfl771_processed_5,8,,2,3,0,NULL,NULL
1bt81rmsfl771,1bt81rmsfl771_processed_6,8,,2,3,0,NULL,NULL
1bt81rmsfl771,1bt81rmsfl771_processed_7,8,,0,3,0,NULL,NULL
1e0zpjat2wc71,1e0zpjat2wc71_processed_0,2,,0,0,1,NULL,NULL
1e0zpjat2wc71,1e0zpjat2wc71_processed_1,2,,0,0,1,NULL,NULL
1fhp1vuk9h461,1fhp1vuk9h461_processed_0,11,,0,0,1,NULL,NULL
1fhp1vuk9h461,1fhp1vuk9h461_processed_1,11,,0,0,1,NULL,NULL
1fhp1vuk9h461,1fhp1vuk9h461_processed_2,11,,0,0,1,NULL,NULL
1fhp1vuk9h461,1fhp1vuk9h461_processed_3,11,,0,0,1,NULL,NULL
1fhp1vuk9h461,1fhp1vuk9h461_processed_4,11,,0,0,1,NULL,NULL
1fhp1vuk9h461,1fhp1vuk9h461_processed_5,11,,0,0,1,NULL,NULL
1fhp1vuk9h461,1fhp1vuk9h461_processed_6,11,,0,0,1,NULL,NULL
1fhp1vuk9h461,1fhp1vuk9h461_processed_7,11,,0,0,1,NULL,NULL
1fhp1vuk9h461,1fhp1vuk9h461_processed_8,11,,0,0,1,NULL,NULL
1fhp1vuk9h461,1fhp1vuk9h461_processed_9,11,,0,0,1,NULL,NULL
1fhp1vuk9h461,1fhp1vuk9h461_processed_10,11,,0,0,1,NULL,NULL
1gllz957axi51,1gllz957axi51_processed_0,18,,0,2,0,NULL,NULL
1gllz957axi51,1gllz957axi51_processed_1,18,,0,2,0,NULL,NULL
1gllz957axi51,1gllz957axi51_processed_2,18,,0,2,0,NULL,NULL
1gllz957axi51,1gllz957axi51_processed_3,18,,0,2,0,NULL,NULL
1gllz957axi51,1gllz957axi51_processed_4,18,,1,2,0,NULL,NULL
1gllz957axi51,1gllz957axi51_processed_5,18,,1,2,0,NULL,NULL
1gllz957axi51,1gllz957axi51_processed_6,18,,1,2,0,NULL,NULL
1gllz957axi51,1gllz957axi51_processed_7,18,,2,2,0,NULL,NULL
1gllz957axi51,1gllz957axi51_processed_8,18,,1,2,0,NULL,NULL
1gllz957axi51,1gllz957axi51_processed_9,18,,0,2,0,NULL,NULL
1gllz957axi51,1gllz957axi51_processed_10,18,,1,2,0,NULL,NULL
1gllz957axi51,1gllz957axi51_processed_11,18,,1,2,0,NULL,NULL
1gllz957axi51,1gllz957axi51_processed_12,18,,1,2,0,NULL,NULL
1gllz957axi51,1gllz957axi51_processed_13,18,,1,2,0,NULL,NULL
1gllz957axi51,1gllz957axi51_processed_14,18,,0,2,0,NULL,NULL
1gllz957axi51,1gllz957axi51_processed_15,18,,1,2,0,NULL,NULL
1gllz957axi51,1gllz957axi51_processed_16,18,,0,2,0,NULL,NULL
1gllz957axi51,1gllz957axi51_processed_17,18,,0,2,0,NULL,NULL
1heuq337bax51,1heuq337bax51_processed_0,2,,1,1,1,NULL,NULL
1heuq337bax51,1heuq337bax51_processed_1,2,,1,1,1,NULL,NULL
1i7dlddqqa661,1i7dlddqqa661_processed_0,8,,0,2,0,NULL,NULL
1i7dlddqqa661,1i7dlddqqa661_processed_1,8,,0,2,0,NULL,NULL
1i7dlddqqa661,1i7dlddqqa661_processed_2,8,,2,2,0,NULL,NULL
1i7dlddqqa661,1i7dlddqqa661_processed_3,8,,1,2,0,NULL,NULL
1i7dlddqqa661,1i7dlddqqa661_processed_4,8,,0,2,0,NULL,NULL
1i7dlddqqa661,1i7dlddqqa661_processed_5,8,,0,2,0,NULL,NULL
1i7dlddqqa661,1i7dlddqqa661_processed_6,8,,1,2,0,NULL,NULL
1i7dlddqqa661,1i7dlddqqa661_processed_7,8,,0,2,0,NULL,NULL
1jgyop26ua271+1158:186,1jgyop26ua271_processed_0,9,,0,0,0,NULL,NULL
1jgyop26ua271,1jgyop26ua271_processed_1,9,,0,0,0,NULL,NULL
1jgyop26ua271,1jgyop26ua271_processed_2,9,,0,0,0,NULL,NULL
1jgyop26ua271,1jgyop26ua271_processed_3,9,,0,0,0,NULL,NULL
1jgyop26ua271,1jgyop26ua271_processed_4,9,,0,0,0,NULL,NULL
1jgyop26ua271,1jgyop26ua271_processed_5,9,,0,0,0,NULL,NULL
1jgyop26ua271,1jgyop26ua271_processed_6,9,,0,0,0,NULL,NULL
1jgyop26ua271,1jgyop26ua271_processed_7,9,,0,0,0,Police Chatter,NULL
1jgyop26ua271,1jgyop26ua271_processed_8,9,,0,0,0,NULL,NULL
1kh22bpjyyq61,1kh22bpjyyq61_processed_0,90,,0,3,0,NULL,NULL
1kh22bpjyyq61,1kh22bpjyyq61_processed_1,90,,1,3,0,NULL,NULL
1kh22bpjyyq61,1kh22bpjyyq61_processed_2,90,,1,3,0,NULL,NULL
1kh22bpjyyq61,1kh22bpjyyq61_processed_3,90,,1,3,0,NULL,NULL
1kh22bpjyyq61,1kh22bpjyyq61_processed_4,90,,1,3,0,NULL,NULL
1kh22bpjyyq61,1kh22bpjyyq61_processed_5,90,,1,3,0,NULL,NULL
1kh22bpjyyq61,1kh22bpjyyq61_processed_6,90,,1,3,0,NULL,NULL
1kh22bpjyyq61,1kh22bpjyyq61_processed_7,90,,1,3,0,NULL,NULL
1kh22bpjyyq61,1kh22bpjyyq61_processed_8,90,,0,3,0,NULL,NULL
1kh22bpjyyq61,1kh22bpjyyq61_processed_9,90,,0,3,0,NULL,NULL
1kh22bpjyyq61,1kh22bpjyyq61_processed_10,90,,0,3,0,NULL,NULL
1kh22bpjyyq61,1kh22bpjyyq61_processed_11,90,,1,3,0,NULL,NULL
1kh22bpjyyq61,1kh22bpjyyq61_processed_12,90,,0,3,0,NULL,NULL
1kh22bpjyyq61,1kh22bpjyyq61_processed_13,90,,0,3,0,NULL,NULL
1kh22bpjyyq61,1kh22bpjyyq61_processed_14,90,,0,3,0,NULL,NULL
1kh22bpjyyq61,1kh22bpjyyq61_processed_15,90,,0,3,0,NULL,NULL
1kh22bpjyyq61,1kh22bpjyyq61_processed_16,90,,0,3,0,NULL,NULL
1kh22bpjyyq61,1kh22bpjyyq61_processed_17,90,,0,3,0,NULL,NULL
1kh22bpjyyq61,1kh22bpjyyq61_processed_18,90,,0,3,0,NULL,NULL
1kh22bpjyyq61,1kh22bpjyyq61_processed_19,90,,0,3,0,NULL,NULL
1kh22bpjyyq61,1kh22bpjyyq61_processed_20,90,,0,3,0,NULL,NULL
1kh22bpjyyq61,1kh22bpjyyq61_processed_21,90,,0,3,0,NULL,NULL
1kh22bpjyyq61,1kh22bpjyyq61_processed_22,90,,0,3,0,NULL,NULL
1kh22bpjyyq61,1kh22bpjyyq61_processed_23,90,,0,3,0,NULL,NULL
1kh22bpjyyq61,1kh22bpjyyq61_processed_24,90,,0,3,0,NULL,NULL
1kh22bpjyyq61,1kh22bpjyyq61_processed_25,90,,0,3,0,NULL,NULL
1kh22bpjyyq61,1kh22bpjyyq61_processed_26,90,,0,3,0,NULL,NULL
1kh22bpjyyq61,1kh22bpjyyq61_processed_27,90,,0,3,0,NULL,NULL
1kh22bpjyyq61,1kh22bpjyyq61_processed_28,90,,0,3,0,NULL,NULL
1kh22bpjyyq61,1kh22bpjyyq61_processed_29,90,,0,3,0,NULL,NULL
1kh22bpjyyq61,1kh22bpjyyq61_processed_30,90,,0,3,0,NULL,NULL
1kh22bpjyyq61,1kh22bpjyyq61_processed_31,90,,0,3,0,NULL,NULL
1kh22bpjyyq61,1kh22bpjyyq61_processed_32,90,,0,3,0,NULL,NULL
1kh22bpjyyq61,1kh22bpjyyq61_processed_33,90,,0,3,0,NULL,NULL
1kh22bpjyyq61,1kh22bpjyyq61_processed_34,90,,1,3,0,NULL,NULL
1kh22bpjyyq61,1kh22bpjyyq61_processed_35,90,,1,3,0,NULL,NULL
1kh22bpjyyq61,1kh22bpjyyq61_processed_36,90,,1,3,0,NULL,NULL
1kh22bpjyyq61,1kh22bpjyyq61_processed_37,90,,1,3,0,NULL,NULL
1kh22bpjyyq61,1kh22bpjyyq61_processed_38,90,,1,3,0,NULL,NULL
1kh22bpjyyq61,1kh22bpjyyq61_processed_39,90,,2,3,0,NULL,NULL
1kh22bpjyyq61,1kh22bpjyyq61_processed_40,90,,2,3,0,NULL,NULL
1kh22bpjyyq61,1kh22bpjyyq61_processed_41,90,,2,3,0,NULL,NULL
1kh22bpjyyq61,1kh22bpjyyq61_processed_42,90,,2,3,0,NULL,NULL
1kh22bpjyyq61,1kh22bpjyyq61_processed_43,90,,2,3,0,NULL,NULL
1kh22bpjyyq61,1kh22bpjyyq61_processed_44,90,,2,3,0,NULL,NULL
1kh22bpjyyq61,1kh22bpjyyq61_processed_45,90,,0,3,0,NULL,NULL
1kh22bpjyyq61,1kh22bpjyyq61_processed_46,90,,0,3,0,NULL,NULL
1kh22bpjyyq61,1kh22bpjyyq61_processed_47,90,,0,3,0,NULL,NULL
1kh22bpjyyq61,1kh22bpjyyq61_processed_48,90,,0,3,0,NULL,NULL
1kh22bpjyyq61,1kh22bpjyyq61_processed_49,90,,0,3,0,NULL,NULL
1kh22bpjyyq61,1kh22bpjyyq61_processed_50,90,,1,3,0,NULL,NULL
1kh22bpjyyq61,1kh22bpjyyq61_processed_51,90,,1,3,0,NULL,NULL
1kh22bpjyyq61,1kh22bpjyyq61_processed_52,90,,1,3,0,NULL,NULL
1kh22bpjyyq61,1kh22bpjyyq61_processed_53,90,,2,3,0,NULL,NULL
1kh22bpjyyq61,1kh22bpjyyq61_processed_54,90,,1,3,0,NULL,NULL
1kh22bpjyyq61,1kh22bpjyyq61_processed_55,90,,1,3,0,NULL,NULL
1kh22bpjyyq61,1kh22bpjyyq61_processed_56,90,,1,3,0,NULL,NULL
1kh22bpjyyq61,1kh22bpjyyq61_processed_57,90,,1,3,0,NULL,NULL
1kh22bpjyyq61,1kh22bpjyyq61_processed_58,90,,1,3,0,NULL,NULL
1kh22bpjyyq61,1kh22bpjyyq61_processed_59,90,,1,3,0,NULL,NULL
1kh22bpjyyq61,1kh22bpjyyq61_processed_60,90,,2,3,0,NULL,NULL
1kh22bpjyyq61,1kh22bpjyyq61_processed_61,90,,3,3,0,NULL,NULL
1kh22bpjyyq61,1kh22bpjyyq61_processed_62,90,,3,3,0,NULL,NULL
1kh22bpjyyq61,1kh22bpjyyq61_processed_63,90,,3,3,0,NULL,NULL
1kh22bpjyyq61,1kh22bpjyyq61_processed_64,90,,3,3,0,NULL,NULL
1kh22bpjyyq61,1kh22bpjyyq61_processed_65,90,,3,3,0,NULL,NULL
1kh22bpjyyq61,1kh22bpjyyq61_processed_66,90,,3,3,0,NULL,NULL
1kh22bpjyyq61,1kh22bpjyyq61_processed_67,90,,3,3,0,NULL,NULL
1kh22bpjyyq61,1kh22bpjyyq61_processed_68,90,,3,3,0,NULL,NULL
1kh22bpjyyq61,1kh22bpjyyq61_processed_69,90,,3,3,0,NULL,NULL
1kh22bpjyyq61,1kh22bpjyyq61_processed_70,90,,3,3,0,NULL,NULL
1kh22bpjyyq61,1kh22bpjyyq61_processed_71,90,,3,3,0,NULL,NULL
1kh22bpjyyq61,1kh22bpjyyq61_processed_72,90,,1,3,0,NULL,NULL
1kh22bpjyyq61,1kh22bpjyyq61_processed_73,90,,0,3,0,NULL,NULL
1kh22bpjyyq61,1kh22bpjyyq61_processed_74,90,,3,3,0,NULL,NULL
1kh22bpjyyq61,1kh22bpjyyq61_processed_75,90,,3,3,0,NULL,NULL
1kh22bpjyyq61,1kh22bpjyyq61_processed_76,90,,3,3,0,NULL,NULL
1kh22bpjyyq61,1kh22bpjyyq61_processed_77,90,,3,3,0,NULL,NULL
1kh22bpjyyq61,1kh22bpjyyq61_processed_78,90,,3,3,0,NULL,NULL
1kh22bpjyyq61,1kh22bpjyyq61_processed_79,90,,3,3,0,NULL,NULL
1kh22bpjyyq61,1kh22bpjyyq61_processed_80,90,,3,3,0,NULL,NULL
1kh22bpjyyq61,1kh22bpjyyq61_processed_81,90,,3,3,0,NULL,NULL
1kh22bpjyyq61,1kh22bpjyyq61_processed_82,90,,3,3,0,NULL,NULL
1kh22bpjyyq61,1kh22bpjyyq61_processed_83,90,,3,3,0,NULL,NULL
1kh22bpjyyq61,1kh22bpjyyq61_processed_84,90,,0,3,0,NULL,NULL
1kh22bpjyyq61,1kh22bpjyyq61_processed_85,90,,0,3,0,NULL,NULL
1kh22bpjyyq61,1kh22bpjyyq61_processed_86,90,,0,3,0,NULL,NULL
1kh22bpjyyq61,1kh22bpjyyq61_processed_87,90,,0,3,0,NULL,NULL
1kh22bpjyyq61,1kh22bpjyyq61_processed_88,90,,0,3,0,NULL,NULL
1kh22bpjyyq61,1kh22bpjyyq61_processed_89,90,,0,3,0,NULL,NULL
1mgi6q333gz51,1mgi6q333gz51_processed_0,4,,2,2,0,NULL,NULL
1mgi6q333gz51,1mgi6q333gz51_processed_1,4,,2,2,0,NULL,NULL
1mgi6q333gz51,1mgi6q333gz51_processed_2,4,,1,2,0,NULL,NULL
1mgi6q333gz51,1mgi6q333gz51_processed_3,4,,0,2,0,NULL,NULL
1n8mu144+172:179gu961,1n8mu144gu961_processed_0,8,,0,0,0,NULL,NULL
1n8mu144gu961,1n8mu144gu961_processed_1,8,,0,0,0,NULL,NULL
1n8mu144gu961,1n8mu144gu961_processed_2,8,,0,0,0,NULL,NULL
1n8mu144gu961,1n8mu144gu961_processed_3,8,,0,0,0,NULL,NULL
1n8mu144gu961,1n8mu144gu961_processed_4,8,,0,0,0,NULL,NULL
1n8mu144gu961,1n8mu144gu961_processed_5,8,,0,0,0,Clapping,NULL
1n8mu144gu961,1n8mu144gu961_processed_6,8,,0,0,0,NULL,NULL
1n8mu144gu961,1n8mu144gu961_processed_7,8,,0,0,0,NULL,NULL
1n46zdfwjje71,1n46zdfwjje71_processed_0,14,,2,2,0,NULL,NULL
1n46zdfwjje71,1n46zdfwjje71_processed_1,14,,2,2,0,NULL,NULL
1n46zdfwjje71,1n46zdfwjje71_processed_2,14,,2,2,0,NULL,NULL
1n46zdfwjje71,1n46zdfwjje71_processed_3,14,,2,2,0,NULL,NULL
1n46zdfwjje71,1n46zdfwjje71_processed_4,14,,2,2,0,NULL,NULL
1n46zdfwjje71,1n46zdfwjje71_processed_5,14,,2,2,0,NULL,NULL
1n46zdfwjje71,1n46zdfwjje71_processed_6,14,,2,2,0,NULL,NULL
1n46zdfwjje71,1n46zdfwjje71_processed_7,14,,2,2,0,NULL,NULL
1n46zdfwjje71,1n46zdfwjje71_processed_8,14,,2,2,0,NULL,NULL
1n46zdfwjje71,1n46zdfwjje71_processed_9,14,,2,2,0,NULL,NULL
1n46zdfwjje71,1n46zdfwjje71_processed_10,14,,2,2,0,NULL,NULL
1n46zdfwjje71,1n46zdfwjje71_processed_11,14,,2,2,0,NULL,NULL
1n46zdfwjje71,1n46zdfwjje71_processed_12,14,,2,2,0,NULL,NULL
1n46zdfwjje71,1n46zdfwjje71_processed_13,14,,1,2,0,NULL,NULL
1nzrwkv997271,1nzrwkv997271_processed_0,8,,2,3,0,NULL,NULL
1nzrwkv997271,1nzrwkv997271_processed_1,8,,2,3,0,NULL,NULL
1nzrwkv997271,1nzrwkv997271_processed_2,8,,2,3,0,NULL,NULL
1nzrwkv997271,1nzrwkv997271_processed_3,8,,3,3,1,NULL,NULL
1nzrwkv997271,1nzrwkv997271_processed_4,8,,3,3,0,NULL,NULL
1nzrwkv997271,1nzrwkv997271_processed_5,8,,3,3,0,NULL,NULL
1nzrwkv997271,1nzrwkv997271_processed_6,8,,3,3,0,NULL,NULL
1nzrwkv997271,1nzrwkv997271_processed_7,8,,2,3,0,NULL,NULL
1qbs0u6n9nh51,1qbs0u6n9nh51_processed_0,4,,1,3,0,NULL,NULL
1qbs0u6n9nh51,1qbs0u6n9nh51_processed_1,4,,3,3,0,NULL,NULL
1qbs0u6n9nh51,1qbs0u6n9nh51_processed_2,4,,0,3,0,NULL,NULL
1qbs0u6n9nh51,1qbs0u6n9nh51_processed_3,4,,2,3,0,NULL,NULL
1qny69p3irs61,1qny69p3irs61_processed_0,5,,2,3,0,NULL,NULL
1qny69p3irs61,1qny69p3irs61_processed_1,5,,1,3,0,NULL,NULL
1qny69p3irs61,1qny69p3irs61_processed_2,5,,0,3,0,NULL,NULL
1qny69p3irs61,1qny69p3irs61_processed_3,5,,3,3,0,NULL,NULL
1qny69p3irs61,1qny69p3irs61_processed_4,5,,2,3,0,NULL,NULL
1r4mid8y7p861,1r4mid8y7p861_processed_0,6,,0,0,0,NULL,NULL
1r4mid8y7p861,1r4mid8y7p861_processed_1,6,,0,0,0,NULL,NULL
1r4mid8y7p861,1r4mid8y7p861_processed_2,6,,0,0,0,NULL,NULL
1r4mid8y7p861,1r4mid8y7p861_processed_3,6,,0,0,0,NULL,NULL
1r4mid8y7p861,1r4mid8y7p861_processed_4,6,,0,0,0,NULL,NULL
1r4mid8y7p861,1r4mid8y7p861_processed_5,6,,0,0,0,NULL,NULL
1rtj6ofmgm871,1rtj6ofmgm871_processed_0,3,,0,0,0,NULL,NULL
1rtj6ofmgm871,1rtj6ofmgm871_processed_1,3,,0,0,0,Birds chirping,NULL
1rtj6ofmgm871,1rtj6ofmgm871_processed_2,3,,0,0,0,NULL,NULL
1run9c58vyq51,1run9c58vyq51_processed_0,12,,0,1,0,NULL,NULL
1run9c58vyq51,1run9c58vyq51_processed_1,12,,1,1,0,NULL,NULL
1run9c58vyq51,1run9c58vyq51_processed_2,12,,0,1,0,NULL,NULL
1run9c58vyq51,1run9c58vyq51_processed_3,12,,1,1,0,NULL,NULL
1run9c58vyq51,1run9c58vyq51_processed_4,12,,1,1,0,NULL,NULL
1run9c58vyq51,1run9c58vyq51_processed_5,12,,1,1,0,NULL,NULL
1run9c58vyq51,1run9c58vyq51_processed_6,12,,1,1,0,NULL,NULL
1run9c58vyq51,1run9c58vyq51_processed_7,12,,1,1,0,NULL,NULL
1run9c58vyq51,1run9c58vyq51_processed_8,12,,1,1,0,NULL,NULL
1run9c58vyq51,1run9c58vyq51_processed_9,12,,1,1,0,NULL,NULL
1run9c58vyq51,1run9c58vyq51_processed_10,12,,1,1,0,NULL,NULL
1run9c58vyq51,1run9c58vyq51_processed_11,12,,0,1,0,NULL,NULL
1ryahp4bdkn51,1ryahp4bdkn51_processed_0,21,,2,2,0,NULL,NULL
1ryahp4bdkn51,1ryahp4bdkn51_processed_1,21,,0,2,0,NULL,NULL
1ryahp4bdkn51,1ryahp4bdkn51_processed_2,21,,0,2,0,NULL,NULL
1ryahp4bdkn51,1ryahp4bdkn51_processed_3,21,,1,2,0,NULL,NULL
1ryahp4bdkn51,1ryahp4bdkn51_processed_4,21,,1,2,0,NULL,NULL
1ryahp4bdkn51,1ryahp4bdkn51_processed_5,21,,1,2,0,NULL,NULL
1ryahp4bdkn51,1ryahp4bdkn51_processed_6,21,,0,2,0,NULL,NULL
1ryahp4bdkn51,1ryahp4bdkn51_processed_7,21,,1,2,0,NULL,NULL
1ryahp4bdkn51,1ryahp4bdkn51_processed_8,21,,0,2,0,NULL,NULL
1ryahp4bdkn51,1ryahp4bdkn51_processed_9,21,,2,2,0,NULL,NULL
1ryahp4bdkn51,1ryahp4bdkn51_processed_10,21,,1,2,0,NULL,NULL
1ryahp4bdkn51,1ryahp4bdkn51_processed_11,21,,1,2,0,NULL,NULL
1ryahp4bdkn51,1ryahp4bdkn51_processed_12,21,,1,2,0,NULL,NULL
1ryahp4bdkn51,1ryahp4bdkn51_processed_13,21,,1,2,0,NULL,NULL
1ryahp4bdkn51,1ryahp4bdkn51_processed_14,21,,1,2,0,NULL,NULL
1ryahp4bdkn51,1ryahp4bdkn51_processed_15,21,,1,2,0,NULL,NULL
1ryahp4bdkn51,1ryahp4bdkn51_processed_16,21,,1,2,0,NULL,NULL
1ryahp4bdkn51,1ryahp4bdkn51_processed_17,21,,1,2,0,NULL,NULL
1ryahp4bdkn51,1ryahp4bdkn51_processed_18,21,,1,2,0,NULL,NULL
1ryahp4bdkn51,1ryahp4bdkn51_processed_19,21,,1,2,0,NULL,NULL
1ryahp4bdkn51,1ryahp4bdkn51_processed_20,21,,0,2,0,NULL,NULL
1sm6gyfaqyb71,1sm6gyfaqyb71_processed_0,14,,3,3,1,NULL,NULL
1sm6gyfaqyb71,1sm6gyfaqyb71_processed_1,14,,3,3,1,NULL,NULL
1sm6gyfaqyb71,1sm6gyfaqyb71_processed_2,14,,3,3,1,NULL,NULL
1sm6gyfaqyb71,1sm6gyfaqyb71_processed_3,14,,3,3,1,NULL,NULL
1sm6gyfaqyb71,1sm6gyfaqyb71_processed_4,14,,3,3,1,NULL,NULL
1sm6gyfaqyb71,1sm6gyfaqyb71_processed_5,14,,3,3,1,NULL,NULL
1sm6gyfaqyb71,1sm6gyfaqyb71_processed_6,14,,3,3,1,NULL,NULL
1sm6gyfaqyb71,1sm6gyfaqyb71_processed_7,14,,3,3,1,NULL,NULL
1sm6gyfaqyb71,1sm6gyfaqyb71_processed_8,14,,3,3,1,NULL,NULL
1sm6gyfaqyb71,1sm6gyfaqyb71_processed_9,14,,3,3,1,NULL,NULL
1sm6gyfaqyb71,1sm6gyfaqyb71_processed_10,14,,3,3,1,NULL,NULL
1sm6gyfaqyb71,1sm6gyfaqyb71_processed_11,14,,3,3,1,NULL,NULL
1sm6gyfaqyb71,1sm6gyfaqyb71_processed_12,14,,3,3,1,NULL,NULL
1sm6gyfaqyb71,1sm6gyfaqyb71_processed_13,14,,2,3,1,NULL,NULL
1u7v7z5bs0w51,1u7v7z5bs0w51_processed_0,30,,3,3,0,NULL,NULL
1u7v7z5bs0w51,1u7v7z5bs0w51_processed_1,30,,3,3,0,NULL,NULL
1u7v7z5bs0w51,1u7v7z5bs0w51_processed_2,30,,3,3,0,NULL,NULL
1u7v7z5bs0w51,1u7v7z5bs0w51_processed_3,30,,3,3,0,NULL,NULL
1u7v7z5bs0w51,1u7v7z5bs0w51_processed_4,30,,3,3,0,NULL,NULL
1u7v7z5bs0w51,1u7v7z5bs0w51_processed_5,30,,3,3,0,NULL,NULL
1u7v7z5bs0w51,1u7v7z5bs0w51_processed_6,30,,3,3,0,NULL,NULL
1u7v7z5bs0w51,1u7v7z5bs0w51_processed_7,30,,3,3,0,NULL,NULL
1u7v7z5bs0w51,1u7v7z5bs0w51_processed_8,30,,3,3,0,NULL,NULL
1u7v7z5bs0w51,1u7v7z5bs0w51_processed_9,30,,3,3,0,NULL,NULL
1u7v7z5bs0w51,1u7v7z5bs0w51_processed_10,30,,3,3,0,NULL,NULL
1u7v7z5bs0w51,1u7v7z5bs0w51_processed_11,30,,3,3,0,NULL,NULL
1u7v7z5bs0w51,1u7v7z5bs0w51_processed_12,30,,3,3,0,NULL,NULL
1u7v7z5bs0w51,1u7v7z5bs0w51_processed_13,30,,3,3,0,NULL,NULL
1u7v7z5bs0w51,1u7v7z5bs0w51_processed_14,30,,3,3,0,NULL,NULL
1u7v7z5bs0w51,1u7v7z5bs0w51_processed_15,30,,3,3,0,NULL,NULL
1u7v7z5bs0w51,1u7v7z5bs0w51_processed_16,30,,3,3,0,NULL,NULL
1u7v7z5bs0w51,1u7v7z5bs0w51_processed_17,30,,3,3,0,NULL,NULL
1u7v7z5bs0w51,1u7v7z5bs0w51_processed_18,30,,3,3,0,NULL,NULL
1u7v7z5bs0w51,1u7v7z5bs0w51_processed_19,30,,3,3,0,NULL,NULL
1u7v7z5bs0w51,1u7v7z5bs0w51_processed_20,30,,3,3,0,NULL,NULL
1u7v7z5bs0w51,1u7v7z5bs0w51_processed_21,30,,3,3,0,NULL,NULL
1u7v7z5bs0w51,1u7v7z5bs0w51_processed_22,30,,3,3,0,NULL,NULL
1u7v7z5bs0w51,1u7v7z5bs0w51_processed_23,30,,3,3,0,NULL,NULL
1u7v7z5bs0w51,1u7v7z5bs0w51_processed_24,30,,3,3,0,NULL,NULL
1u7v7z5bs0w51,1u7v7z5bs0w51_processed_25,30,,3,3,0,NULL,NULL
1u7v7z5bs0w51,1u7v7z5bs0w51_processed_26,30,,3,3,0,NULL,NULL
1u7v7z5bs0w51,1u7v7z5bs0w51_processed_27,30,,3,3,0,NULL,NULL
1u7v7z5bs0w51,1u7v7z5bs0w51_processed_28,30,,3,3,0,NULL,NULL
1u7v7z5bs0w51,1u7v7z5bs0w51_processed_29,30,,3,3,0,NULL,NULL
1yo4jumj6j661,1yo4jumj6j661_processed_0,2,,1,1,0,Sirens,NULL
1yo4jumj6j661,1yo4jumj6j661_processed_1,2,,1,1,0,NULL,NULL
1zi7ll3mt4571,1zi7ll3mt4571_processed_0,3,,2,3,1,NULL,NULL
1zi7ll3mt4571,1zi7ll3mt4571_processed_1,3,,3,3,0,NULL,NULL
1zi7ll3mt4571,1zi7ll3mt4571_processed_2,3,,2,3,0,NULL,NULL
2f8jximgg9371,2f8jximgg9371_processed_0,3,,0,0,0,NULL,NULL
2f8jximgg9371,2f8jximgg9371_processed_1,3,,0,0,0,NULL,NULL
2f8jximgg9371,2f8jximgg9371_processed_2,3,,0,0,0,NULL,NULL
2hi5az6emer51,2hi5az6emer51_processed_0,2,,2,2,0,NULL,NULL
2hi5az6emer51,2hi5az6emer51_processed_1,2,,1,2,0,NULL,NULL
2holi4ang1l61,2holi4ang1l61_processed_0,7,,0,1,1,NULL,NULL
2holi4ang1l61,2holi4ang1l61_processed_1,7,,0,1,1,NULL,NULL
2holi4ang1l61,2holi4ang1l61_processed_2,7,,0,1,1,NULL,NULL
2holi4ang1l61,2holi4ang1l61_processed_3,7,,0,1,0,NULL,NULL
2holi4ang1l61,2holi4ang1l61_processed_4,7,,1,1,0,NULL,NULL
2holi4ang1l61,2holi4ang1l61_processed_5,7,,1,1,0,NULL,NULL
2holi4ang1l61,2holi4ang1l61_processed_6,7,,0,1,0,Police Chatter,NULL
2jceljldavz51,2jceljldavz51_processed_0,2,,0,0,0,NULL,NULL
2jceljldavz51,2jceljldavz51_processed_1,2,,0,0,0,NULL,NULL
2jg021dtzue71,2jg021dtzue71_processed_0,5,,0,0,0,Hooting,NULL
2jg021dtzue71,2jg021dtzue71_processed_1,5,,0,0,0,Sirens,NULL
2jg021dtzue71,2jg021dtzue71_processed_2,5,,0,0,0,NULL,NULL
2jg021dtzue71,2jg021dtzue71_processed_3,5,,0,0,0,NULL,NULL
2jg021dtzue71,2jg021dtzue71_processed_4,5,,0,0,0,NULL,NULL
2jt2pcfwre461,2jt2pcfwre461_processed_0,36,,0,2,0,NULL,NULL
2jt2pcfwre461,2jt2pcfwre461_processed_1,36,,0,2,0,NULL,NULL
2jt2pcfwre461,2jt2pcfwre461_processed_2,36,,0,2,0,NULL,NULL
2jt2pcfwre461,2jt2pcfwre461_processed_3,36,,0,2,0,NULL,NULL
2jt2pcfwre461,2jt2pcfwre461_processed_4,36,,0,2,0,NULL,NULL
2jt2pcfwre461,2jt2pcfwre461_processed_5,36,,0,2,0,NULL,NULL
2jt2pcfwre461,2jt2pcfwre461_processed_6,36,,0,2,0,NULL,NULL
2jt2pcfwre461,2jt2pcfwre461_processed_7,36,,0,2,0,NULL,NULL
2jt2pcfwre461,2jt2pcfwre461_processed_8,36,,0,2,0,NULL,NULL
2jt2pcfwre461,2jt2pcfwre461_processed_9,36,,1,2,0,NULL,NULL
2jt2pcfwre461,2jt2pcfwre461_processed_10,36,,1,2,0,NULL,NULL
2jt2pcfwre461,2jt2pcfwre461_processed_11,36,,1,2,0,NULL,NULL
2jt2pcfwre461,2jt2pcfwre461_processed_12,36,,1,2,0,NULL,NULL
2jt2pcfwre461,2jt2pcfwre461_processed_13,36,,1,2,0,NULL,NULL
2jt2pcfwre461,2jt2pcfwre461_processed_14,36,,1,2,0,NULL,NULL
2jt2pcfwre461,2jt2pcfwre461_processed_15,36,,1,2,0,NULL,NULL
2jt2pcfwre461,2jt2pcfwre461_processed_16,36,,0,2,0,NULL,NULL
2jt2pcfwre461,2jt2pcfwre461_processed_17,36,,0,2,0,NULL,NULL
2jt2pcfwre461,2jt2pcfwre461_processed_18,36,,1,2,0,NULL,NULL
2jt2pcfwre461,2jt2pcfwre461_processed_19,36,,1,2,0,NULL,NULL
2jt2pcfwre461,2jt2pcfwre461_processed_20,36,,1,2,0,NULL,NULL
2jt2pcfwre461,2jt2pcfwre461_processed_21,36,,2,2,0,NULL,NULL
2jt2pcfwre461,2jt2pcfwre461_processed_22,36,,2,2,0,NULL,NULL
2jt2pcfwre461,2jt2pcfwre461_processed_23,36,,2,2,0,NULL,NULL
2jt2pcfwre461,2jt2pcfwre461_processed_24,36,,2,2,0,NULL,NULL
2jt2pcfwre461,2jt2pcfwre461_processed_25,36,,2,2,0,NULL,NULL
2jt2pcfwre461,2jt2pcfwre461_processed_26,36,,2,2,0,NULL,NULL
2jt2pcfwre461,2jt2pcfwre461_processed_27,36,,1,2,0,NULL,NULL
2jt2pcfwre461,2jt2pcfwre461_processed_28,36,,1,2,0,NULL,NULL
2jt2pcfwre461,2jt2pcfwre461_processed_29,36,,1,2,0,NULL,NULL
2jt2pcfwre461,2jt2pcfwre461_processed_30,36,,1,2,0,NULL,NULL
2jt2pcfwre461,2jt2pcfwre461_processed_31,36,,1,2,0,NULL,NULL
2jt2pcfwre461,2jt2pcfwre461_processed_32,36,,1,2,0,NULL,NULL
2jt2pcfwre461,2jt2pcfwre461_processed_33,36,,0,2,0,NULL,NULL
2jt2pcfwre461,2jt2pcfwre461_processed_34,36,,0,2,0,NULL,NULL
2jt2pcfwre461,2jt2pcfwre461_processed_35,36,,0,2,0,NULL,NULL
2mocdcmj90b71,2mocdcmj90b71_processed_0,9,,0,0,0,NULL,NULL
2mocdcmj90b71,2mocdcmj90b71_processed_1,9,,0,0,0,NULL,NULL
2mocdcmj90b71,2mocdcmj90b71_processed_2,9,,0,0,0,NULL,NULL
2mocdcmj90b71,2mocdcmj90b71_processed_3,9,,0,0,0,NULL,NULL
2mocdcmj90b71,2mocdcmj90b71_processed_4,9,,0,0,0,NULL,NULL
2mocdcmj90b71,2mocdcmj90b71_processed_5,9,,0,0,0,NULL,NULL
2mocdcmj90b71,2mocdcmj90b71_processed_6,9,,0,0,0,NULL,NULL
2mocdcmj90b71,2mocdcmj90b71_processed_7,9,,0,0,0,NULL,NULL
2mocdcmj90b71,2mocdcmj90b71_processed_8,9,,0,0,0,NULL,NULL
2mrfsimxhwm61,2mrfsimxhwm61_processed_0,11,,0,1,0,NULL,NULL
2mrfsimxhwm61,2mrfsimxhwm61_processed_1,11,,0,1,0,NULL,NULL
2mrfsimxhwm61,2mrfsimxhwm61_processed_2,11,,0,1,0,NULL,NULL
2mrfsimxhwm61,2mrfsimxhwm61_processed_3,11,,0,1,0,NULL,NULL
2mrfsimxhwm61,2mrfsimxhwm61_processed_4,11,,0,1,0,NULL,NULL
2mrfsimxhwm61,2mrfsimxhwm61_processed_5,11,,0,1,0,NULL,NULL
2mrfsimxhwm61,2mrfsimxhwm61_processed_6,11,,0,1,0,NULL,NULL
2mrfsimxhwm61,2mrfsimxhwm61_processed_7,11,,0,1,0,Clapping,NULL
2mrfsimxhwm61,2mrfsimxhwm61_processed_8,11,,1,1,0,NULL,NULL
2mrfsimxhwm61,2mrfsimxhwm61_processed_9,11,,1,1,0,NULL,NULL
2mrfsimxhwm61,2mrfsimxhwm61_processed_10,11,,0,1,0,NULL,NULL
2n6odjoqo9561,2n6odjoqo9561_processed_0,8,,0,2,0,NULL,NULL
2n6odjoqo9561,2n6odjoqo9561_processed_1,8,,0,2,0,NULL,NULL
2n6odjoqo9561,2n6odjoqo9561_processed_2,8,,2,2,0,NULL,NULL
2n6odjoqo9561,2n6odjoqo9561_processed_3,8,,1,2,0,NULL,NULL
2n6odjoqo9561,2n6odjoqo9561_processed_4,8,,0,2,0,NULL,NULL
2n6odjoqo9561,2n6odjoqo9561_processed_5,8,,0,2,0,NULL,NULL
2n6odjoqo9561,2n6odjoqo9561_processed_6,8,,1,2,0,NULL,NULL
2n6odjoqo9561,2n6odjoqo9561_processed_7,8,,0,2,0,NULL,NULL
2tasdqio0l871,2tasdqio0l871_processed_0,5,,0,2,0,NULL,NULL
2tasdqio0l871,2tasdqio0l871_processed_1,5,,1,2,0,NULL,NULL
2tasdqio0l871,2tasdqio0l871_processed_2,5,,2,2,0,NULL,NULL
2tasdqio0l871,2tasdqio0l871_processed_3,5,,2,2,0,NULL,NULL
2tasdqio0l871,2tasdqio0l871_processed_4,5,,0,2,0,NULL,NULL
2uw2ps4l9dm51,2uw2ps4l9dm51_processed_0,5,,0,0,1,NULL,NULL
2uw2ps4l9dm51,2uw2ps4l9dm51_processed_1,5,,0,0,1,NULL,NULL
2uw2ps4l9dm51,2uw2ps4l9dm51_processed_2,5,,0,0,1,NULL,NULL
2uw2ps4l9dm51,2uw2ps4l9dm51_processed_3,5,,0,0,1,NULL,NULL
2uw2ps4l9dm51,2uw2ps4l9dm51_processed_4,5,,0,0,1,NULL,NULL
2wcunlh6zll51,2wcunlh6zll51_processed_0,3,,1,1,0,NULL,NULL
2wcunlh6zll52,2wcunlh6zll51_processed_1,3,,1,1,0,NULL,NULL
2wcunlh6zll53,2wcunlh6zll51_processed_2,3,,1,1,0,NULL,NULL
2zxxmq8g1n961,2zxxmq8g1n961_processed_0,6,,1,2,0,NULL,NULL
2zxxmq8g1n961,2zxxmq8g1n961_processed_1,6,,2,2,0,NULL,NULL
2zxxmq8g1n961,2zxxmq8g1n961_processed_2,6,,2,2,0,NULL,NULL
2zxxmq8g1n961,2zxxmq8g1n961_processed_3,6,,2,2,0,NULL,NULL
2zxxmq8g1n961,2zxxmq8g1n961_processed_4,6,,2,2,0,NULL,NULL
2zxxmq8g1n961,2zxxmq8g1n961_processed_5,6,,2,2,0,NULL,NULL
03mglec8fez51,03mglec8fez51_processed_0,26,,1,1,0,NULL,NULL
03mglec8fez51,03mglec8fez51_processed_1,26,,0,1,0,NULL,NULL
03mglec8fez51,03mglec8fez51_processed_2,26,,0,1,0,NULL,NULL
03mglec8fez51,03mglec8fez51_processed_3,26,,0,1,0,NULL,NULL
03mglec8fez51,03mglec8fez51_processed_4,26,,0,1,0,NULL,NULL
03mglec8fez51,03mglec8fez51_processed_5,26,,0,1,0,NULL,NULL
03mglec8fez51,03mglec8fez51_processed_6,26,,1,1,0,NULL,NULL
03mglec8fez51,03mglec8fez51_processed_7,26,,0,1,0,NULL,NULL
03mglec8fez51,03mglec8fez51_processed_8,26,,0,1,0,NULL,NULL
03mglec8fez51,03mglec8fez51_processed_9,26,,0,1,0,NULL,NULL
03mglec8fez51,03mglec8fez51_processed_10,26,,0,1,0,NULL,NULL
03mglec8fez51,03mglec8fez51_processed_11,26,,0,1,0,NULL,NULL
03mglec8fez51,03mglec8fez51_processed_12,26,,0,1,0,NULL,NULL
03mglec8fez51,03mglec8fez51_processed_13,26,,0,1,0,NULL,NULL
03mglec8fez51,03mglec8fez51_processed_14,26,,0,1,0,NULL,NULL
03mglec8fez51,03mglec8fez51_processed_15,26,,0,1,0,NULL,NULL
03mglec8fez51,03mglec8fez51_processed_16,26,,0,1,0,NULL,NULL
03mglec8fez51,03mglec8fez51_processed_17,26,,0,1,0,NULL,NULL
03mglec8fez51,03mglec8fez51_processed_18,26,,1,1,0,NULL,NULL
03mglec8fez51,03mglec8fez51_processed_19,26,,1,1,0,NULL,NULL
03mglec8fez51,03mglec8fez51_processed_20,26,,1,1,0,Cheering,NULL
03mglec8fez51,03mglec8fez51_processed_21,26,,0,1,0,NULL,NULL
03mglec8fez51,03mglec8fez51_processed_22,26,,0,1,0,NULL,NULL
03mglec8fez51,03mglec8fez51_processed_23,26,,0,1,0,NULL,NULL
03mglec8fez51,03mglec8fez51_processed_24,26,,0,1,0,NULL,NULL
03mglec8fez51,03mglec8fez51_processed_25,26,,0,1,0,NULL,NULL
3ad1o2hax5s61,3ad1o2hax5s61_processed_0,2,,0,0,0,NULL,NULL
3ad1o2hax5s61,3ad1o2hax5s61_processed_1,2,,0,0,0,NULL,NULL
3bajivkljw071,3bajivkljw071_processed_0,10,,1,1,0,NULL,NULL
3bajivkljw071,3bajivkljw071_processed_1,10,,0,1,0,NULL,NULL
3bajivkljw071,3bajivkljw071_processed_2,10,,1,1,0,NULL,NULL
3bajivkljw071,3bajivkljw071_processed_3,10,,1,1,0,NULL,NULL
3bajivkljw071,3bajivkljw071_processed_4,10,,1,1,0,NULL,NULL
3bajivkljw071,3bajivkljw071_processed_5,10,,0,1,0,NULL,NULL
3bajivkljw071,3bajivkljw071_processed_6,10,,1,1,0,NULL,NULL
3bajivkljw071,3bajivkljw071_processed_7,10,,0,1,0,NULL,NULL
3bajivkljw071,3bajivkljw071_processed_8,10,,0,1,0,NULL,NULL
3bajivkljw071,3bajivkljw071_processed_9,10,,0,1,0,NULL,NULL
3bddn03cfyo51,3bddn03cfyo51_processed_0,2,,0,0,1,NULL,NULL
3bddn03cfyo51,3bddn03cfyo51_processed_1,2,,0,0,1,NULL,NULL
3cdhvfnd5sc61,3cdhvfnd5sc61_processed_0,6,,0,1,0,NULL,NULL
3cdhvfnd5sc61,3cdhvfnd5sc61_processed_1,6,,1,1,0,NULL,NULL
3cdhvfnd5sc61,3cdhvfnd5sc61_processed_2,6,,0,1,0,NULL,NULL
3cdhvfnd5sc61,3cdhvfnd5sc61_processed_3,6,,1,1,0,NULL,NULL
3cdhvfnd5sc61,3cdhvfnd5sc61_processed_4,6,,1,1,0,NULL,NULL
3cdhvfnd5sc61,3cdhvfnd5sc61_processed_5,6,,1,1,0,NULL,NULL
3cmfhzmkmpr51,3cmfhzmkmpr51_processed_0,2,,0,0,1,NULL,NULL
3cmfhzmkmpr51,3cmfhzmkmpr51_processed_1,2,,0,0,1,NULL,NULL
3duf3yestck51,3duf3yestck51_processed_0,4,,3,3,1,NULL,NULL
3duf3yestck51,3duf3yestck51_processed_1,4,,3,3,1,NULL,NULL
3duf3yestck51,3duf3yestck51_processed_2,4,,3,3,1,NULL,NULL
3duf3yestck51,3duf3yestck51_processed_3,4,,3,3,1,NULL,NULL
3fidd5jaqm171,3fidd5jaqm171_processed_0,2,,0,0,0,Hooting,NULL
3fidd5jaqm171,3fidd5jaqm171_processed_1,2,,0,0,0,NULL,NULL
3g74orbanac71,3g74orbanac71_processed_0,9,,0,1,0,NULL,NULL
3g74orbanac71,3g74orbanac71_processed_1,9,,1,1,0,NULL,NULL
3g74orbanac71,3g74orbanac71_processed_2,9,,1,1,0,NULL,NULL
3g74orbanac71,3g74orbanac71_processed_3,9,,1,1,0,NULL,NULL
3g74orbanac71,3g74orbanac71_processed_4,9,,1,1,0,NULL,NULL
3g74orbanac71,3g74orbanac71_processed_5,9,,1,1,0,NULL,NULL
3g74orbanac71,3g74orbanac71_processed_6,9,,1,1,0,NULL,NULL
3g74orbanac71,3g74orbanac71_processed_7,9,,0,1,0,NULL,NULL
3g74orbanac71,3g74orbanac71_processed_8,9,,0,1,0,NULL,NULL
3gc2e42uf1d71,3gc2e42uf1d71_processed_0,2,,0,1,0,NULL,NULL
3gc2e42uf1d71,3gc2e42uf1d71_processed_1,2,,1,1,0,NULL,NULL
3jr9jst7am971,3jr9jst7am971_processed_0,4,,2,2,0,NULL,NULL
3jr9jst7am971,3jr9jst7am971_processed_1,4,,2,2,0,NULL,NULL
3jr9jst7am971,3jr9jst7am971_processed_2,4,,2,2,0,NULL,NULL
3jr9jst7am971,3jr9jst7am971_processed_3,4,,2,2,0,NULL,NULL
3kmu5y6fvu171,3kmu5y6fvu171_processed_0,8,,0,2,0,NULL,NULL
3kmu5y6fvu171,3kmu5y6fvu171_processed_1,8,,2,2,0,NULL,NULL
3kmu5y6fvu171,3kmu5y6fvu171_processed_2,8,,0,2,0,NULL,NULL
3kmu5y6fvu171,3kmu5y6fvu171_processed_3,8,,1,2,1,NULL,NULL
3kmu5y6fvu171,3kmu5y6fvu171_processed_4,8,,1,2,1,NULL,NULL
3kmu5y6fvu171,3kmu5y6fvu171_processed_5,8,,1,2,1,NULL,NULL
3kmu5y6fvu171,3kmu5y6fvu171_processed_6,8,,1,2,1,NULL,NULL
3kmu5y6fvu171,3kmu5y6fvu171_processed_7,8,,1,2,1,NULL,NULL
3+335:341l0uj82l03n61,3l0uj82l03n61_processed_0,7,,0,3,0,NULL,NULL
3l0uj82l03n61,3l0uj82l03n61_processed_1,7,,0,3,0,NULL,NULL
3l0uj82l03n61,3l0uj82l03n61_processed_2,7,,0,3,0,NULL,NULL
3l0uj82l03n61,3l0uj82l03n61_processed_3,7,,0,3,0,NULL,NULL
3l0uj82l03n61,3l0uj82l03n61_processed_4,7,,0,3,0,NULL,NULL
3l0uj82l03n61,3l0uj82l03n61_processed_5,7,,3,3,0,NULL,NULL
3l0uj82l03n61,3l0uj82l03n61_processed_6,7,,0,3,0,NULL,NULL
3na9vvi4e5r51,3na9vvi4e5r51_processed_0,4,,1,2,0,NULL,NULL
3na9vvi4e5r51,3na9vvi4e5r51_processed_1,4,,2,2,0,NULL,NULL
3na9vvi4e5r51,3na9vvi4e5r51_processed_2,4,,1,2,0,NULL,NULL
3na9vvi4e5r51,3na9vvi4e5r51_processed_3,4,,2,2,0,NULL,NULL
3nhmtwf53sr51,3nhmtwf53sr51_processed_0,5,,1,1,0,NULL,NULL
3nhmtwf53sr51,3nhmtwf53sr51_processed_1,5,,1,1,0,NULL,NULL
3nhmtwf53sr51,3nhmtwf53sr51_processed_2,5,,1,1,0,NULL,NULL
3nhmtwf53sr51,3nhmtwf53sr51_processed_3,5,,1,1,0,NULL,NULL
3nhmtwf53sr51,3nhmtwf53sr51_processed_4,5,,1,1,0,NULL,NULL
3nj3vuhaskf71,3nj3vuhaskf71_processed_0,4,,0,1,0,NULL,NULL
3nj3vuhaskf71,3nj3vuhaskf71_processed_1,4,,0,1,0,NULL,NULL
3nj3vuhaskf71,3nj3vuhaskf71_processed_2,4,,1,1,0,NULL,NULL
3nj3vuhaskf71,3nj3vuhaskf71_processed_3,4,,1,1,0,NULL,NULL
3nr00989hhp51,3nr00989hhp51_processed_0,5,,0,3,0,NULL,NULL
3nr00989hhp51,3nr00989hhp51_processed_1,5,,0,3,0,NULL,NULL
3nr00989hhp51,3nr00989hhp51_processed_2,5,,3,3,0,NULL,NULL
3nr00989hhp51,3nr00989hhp51_processed_3,5,,3,3,0,NULL,NULL
3nr00989hhp51,3nr00989hhp51_processed_4,5,,3,3,0,NULL,NULL
3nvn1lwacgg61,3nvn1lwacgg61_processed_0,14,,0,0,0,NULL,NULL
3nvn1lwacgg61,3nvn1lwacgg61_processed_1,14,,0,0,0,NULL,NULL
3nvn1lwacgg61,3nvn1lwacgg61_processed_2,14,,0,0,0,NULL,NULL
3nvn1lwacgg61,3nvn1lwacgg61_processed_3,14,,0,0,0,NULL,NULL
3nvn1lwacgg61,3nvn1lwacgg61_processed_4,14,,0,0,0,NULL,NULL
3nvn1lwacgg61,3nvn1lwacgg61_processed_5,14,,0,0,0,NULL,NULL
3nvn1lwacgg61,3nvn1lwacgg61_processed_6,14,,0,0,0,NULL,NULL
3nvn1lwacgg61,3nvn1lwacgg61_processed_7,14,,0,0,0,NULL,NULL
3nvn1lwacgg61,3nvn1lwacgg61_processed_8,14,,0,0,0,NULL,NULL
3nvn1lwacgg61,3nvn1lwacgg61_processed_9,14,,0,0,0,cheering,NULL
3nvn1lwacgg61,3nvn1lwacgg61_processed_10,14,,0,0,0,NULL,NULL
3nvn1lwacgg61,3nvn1lwacgg61_processed_11,14,,0,0,0,NULL,NULL
3nvn1lwacgg61,3nvn1lwacgg61_processed_12,14,,0,0,0,cheering,NULL
3nvn1lwacgg61,3nvn1lwacgg61_processed_13,14,,0,0,0,NULL,NULL
3qj111llw2e71,3qj111llw2e71_processed_0,3,,3,3,1,NULL,NULL
3qj111llw2e71,3qj111llw2e71_processed_1,3,,3,3,1,NULL,NULL
3qj111llw2e71,3qj111llw2e71_processed_2,3,,2,3,1,NULL,NULL
3rmzq4godzr51,3rmzq4godzr51_processed_0,1,,1,1,0,NULL,NULL
3sfnd1s919r61,3sfnd1s919r61_processed_0,8,,2,2,0,NULL,NULL
3sfnd1s919r61,3sfnd1s919r61_processed_1,8,,1,2,0,NULL,NULL
3sfnd1s919r61,3sfnd1s919r61_processed_2,8,,2,2,0,NULL,NULL
3sfnd1s919r61,3sfnd1s919r61_processed_3,8,,2,2,0,NULL,NULL
3sfnd1s919r61,3sfnd1s919r61_processed_4,8,,2,2,0,NULL,NULL
3sfnd1s919r61,3sfnd1s919r61_processed_5,8,,2,2,0,NULL,NULL
3sfnd1s919r61,3sfnd1s919r61_processed_6,8,,1,2,0,NULL,NULL
3sfnd1s919r61,3sfnd1s919r61_processed_7,8,,1,2,0,NULL,NULL
3sx0ah753fk61,3sx0ah753fk61_processed_0,26,,2,3,0,NULL,NULL
3sx0ah753fk61,3sx0ah753fk61_processed_1,26,,1,3,0,NULL,NULL
3sx0ah753fk61,3sx0ah753fk61_processed_2,26,,2,3,0,NULL,NULL
3sx0ah753fk61,3sx0ah753fk61_processed_3,26,,1,3,0,NULL,NULL
3sx0ah753fk61,3sx0ah753fk61_processed_4,26,,2,3,0,NULL,NULL
3sx0ah753fk61,3sx0ah753fk61_processed_5,26,,1,3,0,NULL,NULL
3sx0ah753fk61,3sx0ah753fk61_processed_6,26,,1,3,0,NULL,NULL
3sx0ah753fk61,3sx0ah753fk61_processed_7,26,,1,3,0,NULL,NULL
3sx0ah753fk61,3sx0ah753fk61_processed_8,26,,1,3,0,NULL,NULL
3sx0ah753fk61,3sx0ah753fk61_processed_9,26,,2,3,0,NULL,NULL
3sx0ah753fk61,3sx0ah753fk61_processed_10,26,,1,3,0,NULL,NULL
3sx0ah753fk61,3sx0ah753fk61_processed_11,26,,2,3,0,NULL,NULL
3sx0ah753fk61,3sx0ah753fk61_processed_12,26,,0,3,0,NULL,NULL
3sx0ah753fk61,3sx0ah753fk61_processed_13,26,,0,3,0,NULL,NULL
3sx0ah753fk61,3sx0ah753fk61_processed_14,26,,1,3,0,NULL,NULL
3sx0ah753fk61,3sx0ah753fk61_processed_15,26,,3,3,0,NULL,NULL
3sx0ah753fk61,3sx0ah753fk61_processed_16,26,,1,3,0,NULL,NULL
3sx0ah753fk61,3sx0ah753fk61_processed_17,26,,1,3,0,NULL,NULL
3sx0ah753fk61,3sx0ah753fk61_processed_18,26,,0,3,0,NULL,NULL
3sx0ah753fk61,3sx0ah753fk61_processed_19,26,,0,3,0,NULL,NULL
3sx0ah753fk61,3sx0ah753fk61_processed_20,26,,1,3,0,NULL,NULL
3sx0ah753fk61,3sx0ah753fk61_processed_21,26,,1,3,0,NULL,NULL
3sx0ah753fk61,3sx0ah753fk61_processed_22,26,,1,3,0,NULL,NULL
3sx0ah753fk61,3sx0ah753fk61_processed_23,26,,1,3,0,NULL,NULL
3sx0ah753fk61,3sx0ah753fk61_processed_24,26,,1,3,0,NULL,NULL
3sx0ah753fk61,3sx0ah753fk61_processed_25,26,,0,3,0,NULL,NULL
06pgvhil4fz61,06pgvhil4fz61_processed_0,2,,0,3,0,NULL,NULL
06pgvhil4fz62,06pgvhil4fz61_processed_1,2,,3,3,0,NULL,NULL
08ss0a3zs0061,08ss0a3zs0061_processed_0,1,,3,3,0,Explosion,NULL
09etqbnf0uc61,09etqbnf0uc61_processed_0,3,,0,1,0,NULL,NULL
09etqbnf0uc61,09etqbnf0uc61_processed_1,3,,1,1,0,NULL,NULL
09etqbnf0uc61,09etqbnf0uc61_processed_2,3,,0,1,1,NULL,NULL
10hlpt9o0wd61,10hlpt9o0wd61_processed_0,14,,1,1,0,NULL,NULL
10hlpt9o0wd61,10hlpt9o0wd61_processed_1,14,,1,1,0,NULL,NULL
10hlpt9o0wd61,10hlpt9o0wd61_processed_2,14,,1,1,0,NULL,NULL
10hlpt9o0wd61,10hlpt9o0wd61_processed_3,14,,1,1,0,NULL,NULL
10hlpt9o0wd61,10hlpt9o0wd61_processed_4,14,,1,1,0,NULL,NULL
10hlpt9o0wd61,10hlpt9o0wd61_processed_5,14,,1,1,0,NULL,NULL
10hlpt9o0wd61,10hlpt9o0wd61_processed_6,14,,1,1,0,NULL,NULL
10hlpt9o0wd61,10hlpt9o0wd61_processed_7,14,,1,1,0,NULL,NULL
10hlpt9o0wd61,10hlpt9o0wd61_processed_8,14,,1,1,0,NULL,NULL
10hlpt9o0wd61,10hlpt9o0wd61_processed_9,14,,1,1,0,NULL,NULL
10hlpt9o0wd61,10hlpt9o0wd61_processed_10,14,,1,1,0,NULL,NULL
10hlpt9o0wd61,10hlpt9o0wd61_processed_11,14,,1,1,0,NULL,NULL
10hlpt9o0wd61,10hlpt9o0wd61_processed_12,14,,1,1,0,NULL,NULL
10hlpt9o0wd61,10hlpt9o0wd61_processed_13,14,,1,1,0,NULL,NULL
11fnzs4vvcq51,11fnzs4vvcq51_processed_0,3,,0,0,0,NULL,NULL
11fnzs4vvcq51,11fnzs4vvcq51_processed_1,3,,0,0,0,NULL,NULL
11fnzs4vvcq51,11fnzs4vvcq51_processed_2,3,,0,0,0,NULL,NULL
11pnt0c205g61,11pnt0c205g61_processed_0,6,,1,2,1,NULL,NULL
11pnt0c205g61,11pnt0c205g61_processed_1,6,,2,2,1,NULL,NULL
11pnt0c205g61,11pnt0c205g61_processed_2,6,,2,2,1,NULL,NULL
11pnt0c205g61,11pnt0c205g61_processed_3,6,,2,2,1,NULL,NULL
11pnt0c205g61,11pnt0c205g61_processed_4,6,,2,2,1,NULL,NULL
11pnt0c205g61,11pnt0c205g61_processed_5,6,,2,2,1,NULL,NULL
11xpj2du98d71,11xpj2du98d71_processed_0,2,,0,1,0,NULL,NULL
11xpj2du98d71,11xpj2du98d71_processed_1,2,,1,1,0,NULL,NULL
11ycvilqcre71,11ycvilqcre71_processed_0,2,,3,3,0,NULL,NULL
11ycvilqcre71,11ycvilqcre71_processed_1,2,,3,3,0,NULL,NULL
15j1ap1ep9j51,15j1ap1ep9j51_processed_0,10,,0,0,1,NULL,NULL
15j1ap1ep9j51,15j1ap1ep9j51_processed_1,10,,0,0,1,NULL,NULL
15j1ap1ep9j51,15j1ap1ep9j51_processed_2,10,,0,0,1,NULL,NULL
15j1ap1ep9j51,15j1ap1ep9j51_processed_3,10,,0,0,1,NULL,NULL
15j1ap1ep9j51,15j1ap1ep9j51_processed_4,10,,0,0,1,NULL,NULL
15j1ap1ep9j51,15j1ap1ep9j51_processed_5,10,,0,0,1,NULL,NULL
15j1ap1ep9j51,15j1ap1ep9j51_processed_6,10,,0,0,1,NULL,NULL
15j1ap1ep9j51,15j1ap1ep9j51_processed_7,10,,0,0,1,NULL,NULL
15j1ap1ep9j51,15j1ap1ep9j51_processed_8,10,,0,0,1,NULL,NULL
15j1ap1ep9j51,15j1ap1ep9j51_processed_9,10,,0,0,1,NULL,NULL
16dnw24q0jo51,16dnw24q0jo51_processed_0,4,,0,0,1,NULL,NULL
16dnw24q0jo51,16dnw24q0jo51_processed_1,4,,0,0,1,NULL,NULL
16dnw24q0jo51,16dnw24q0jo51_processed_2,4,,0,0,1,NULL,NULL
16dnw24q0jo51,16dnw24q0jo51_processed_3,4,,0,0,1,NULL,NULL
1+408:4147hzkgqtssb61,17hzkgqtssb61_processed_0,12,,0,1,0,NULL,NULL
17hzkgqtssb61,17hzkgqtssb61_processed_1,12,,1,1,0,NULL,NULL
17hzkgqtssb61,17hzkgqtssb61_processed_2,12,,1,1,0,NULL,NULL
17hzkgqtssb61,17hzkgqtssb61_processed_3,12,,0,1,0,NULL,NULL
17hzkgqtssb61,17hzkgqtssb61_processed_4,12,,0,1,0,NULL,NULL
17hzkgqtssb61,17hzkgqtssb61_processed_5,12,,0,1,0,NULL,NULL
17hzkgqtssb61,17hzkgqtssb61_processed_6,12,,0,1,0,NULL,NULL
17hzkgqtssb61,17hzkgqtssb61_processed_7,12,,0,1,0,NULL,NULL
17hzkgqtssb61,17hzkgqtssb61_processed_8,12,,0,1,0,NULL,NULL
17hzkgqtssb61,17hzkgqtssb61_processed_9,12,,0,1,0,NULL,NULL
17hzkgqtssb61,17hzkgqtssb61_processed_10,12,,0,1,0,NULL,NULL
17hzkgqtssb61,17hzkgqtssb61_processed_11,12,,0,1,0,NULL,NULL
18a9f97q4kd61,18a9f97q4kd61_processed_0,8,,3,3,0,NULL,NULL
18a9f97q4kd61,18a9f97q4kd61_processed_1,8,,3,3,0,NULL,NULL
18a9f97q4kd61,18a9f97q4kd61_processed_2,8,,0,3,0,NULL,NULL
18a9f97q4kd61,18a9f97q4kd61_processed_3,8,,0,3,0,NULL,NULL
18a9f97q4kd61,18a9f97q4kd61_processed_4,8,,3,3,0,NULL,NULL
18a9f97q4kd61,18a9f97q4kd61_processed_5,8,,3,3,0,NULL,NULL
18a9f97q4kd61,18a9f97q4kd61_processed_6,8,,3,3,0,NULL,NULL
18a9f97q4kd61,18a9f97q4kd61_processed_7,8,,3,3,0,NULL,NULL
21lehnzb96d61,21lehnzb96d61_processed_0,6,,1,1,0,NULL,NULL
21lehnzb96d61,21lehnzb96d61_processed_1,6,,1,1,0,NULL,NULL
21lehnzb96d61,21lehnzb96d61_processed_2,6,,1,1,0,NULL,NULL
21lehnzb96d61,21lehnzb96d61_processed_3,6,,1,1,0,NULL,NULL
21lehnzb96d61,21lehnzb96d61_processed_4,6,,1,1,0,NULL,NULL
21lehnzb96d61,21lehnzb96d61_processed_5,6,,0,1,0,NULL,NULL
2+434:4386qgcxvnjiu61,26qgcxvnjiu61_processed_0,4,,2,2,0,NULL,NULL
26qgcxvnjiu61,26qgcxvnjiu61_processed_1,4,,2,2,0,NULL,NULL
26qgcxvnjiu61,26qgcxvnjiu61_processed_2,4,,2,2,0,NULL,NULL
26qgcxvnjiu61,26qgcxvnjiu61_processed_3,4,,2,2,0,NULL,NULL
26qgcxvnjiu61,26qgcxvnjiu61_processed_4,4,,1,2,0,NULL,NULL
32tcfjnefkk51,32tcfjnefkk51_processed_0,5,,0,0,1,NULL,NULL
32tcfjnefkk51,32tcfjnefkk51_processed_1,5,,0,0,1,NULL,NULL
32tcfjnefkk51,32tcfjnefkk51_processed_2,5,,0,0,1,NULL,NULL
32tcfjnefkk51,32tcfjnefkk51_processed_3,5,,0,0,1,NULL,NULL
32tcfjnefkk51,32tcfjnefkk51_processed_4,5,,0,0,1,NULL,NULL
32tcfjnefkk51,32tcfjnefkk51_processed_5,5,,0,0,1,NULL,NULL
34aohjogtza61,34aohjogtza61_processed_0,14,,0,0,1,NULL,NULL
34aohjogtza61,34aohjogtza61_processed_1,14,,0,0,1,NULL,NULL
34aohjogtza61,34aohjogtza61_processed_2,14,,0,0,1,NULL,NULL
34aohjogtza61,34aohjogtza61_processed_3,14,,0,0,1,NULL,NULL
34aohjogtza61,34aohjogtza61_processed_4,14,,0,0,1,NULL,NULL
34aohjogtza61,34aohjogtza61_processed_5,14,,0,0,1,NULL,NULL
34aohjogtza61,34aohjogtza61_processed_6,14,,0,0,1,NULL,NULL
34aohjogtza61,34aohjogtza61_processed_7,14,,0,0,1,NULL,NULL
34aohjogtza61,34aohjogtza61_processed_8,14,,0,0,1,NULL,NULL
34aohjogtza61,34aohjogtza61_processed_9,14,,0,0,1,NULL,NULL
34aohjogtza61,34aohjogtza61_processed_10,14,,0,0,1,NULL,NULL
34aohjogtza61,34aohjogtza61_processed_11,14,,0,0,1,NULL,NULL
34aohjogtza61,34aohjogtza61_processed_12,14,,0,0,1,NULL,NULL
34aohjogtza61,34aohjogtza61_processed_13,14,,0,0,1,NULL,NULL
34lkvmojqct51,34lkvmojqct51_processed_0,3,,0,0,0,NULL,NULL
34lkvmojqct51,34lkvmojqct51_processed_1,3,,0,0,0,NULL,NULL
34lkvmojqct51,34lkvmojqct51_processed_2,3,,0,0,0,NULL,NULL
34rswao9xeq61,34rswao9xeq61_processed_0,2,,0,0,0,NULL,NULL
34rswao9xeq61,34rswao9xeq61_processed_1,2,,0,0,0,NULL,NULL
36bjsl3iujm51,36bjsl3iujm51_processed_0,1,,0,0,1,Piano,NULL
37gpiutnlqj51,37gpiutnlqj51_processed_0,6,,0,0,1,NULL,NULL
37gpiutnlqj51,37gpiutnlqj51_processed_1,6,,0,0,1,NULL,NULL
37gpiutnlqj51,37gpiutnlqj51_processed_2,6,,0,0,1,NULL,NULL
37gpiutnlqj51,37gpiutnlqj51_processed_3,6,,0,0,1,NULL,NULL
37gpiutnlqj51,37gpiutnlqj51_processed_4,6,,0,0,1,NULL,NULL
37gpiutnlqj51,37gpiutnlqj51_processed_5,6,,0,0,1,NULL,NULL
37hw28703lg51,37hw28703lg51_processed_0,4,,0,0,0,NULL,NULL
37hw28703lg51,37hw28703lg51_processed_1,4,,0,0,0,NULL,NULL
37hw28703lg51,37hw28703lg51_processed_2,4,,0,0,0,NULL,NULL
37hw28703lg51,37hw28703lg51_processed_3,4,,0,0,0,NULL,NULL
37i5m1uaecb61,37i5m1uaecb61_processed_0,2,,0,0,0,NULL,NULL
37i5m1uaecb61,37i5m1uaecb61_processed_1,2,,0,0,0,NULL,NULL
065hfyuu0ya61,065hfyuu0ya61_processed_0,3,,0,0,0,NULL,NULL
065hfyuu0ya61,065hfyuu0ya61_processed_1,3,,0,0,0,NULL,NULL
065hfyuu0ya61,065hfyuu0ya61_processed_2,3,,0,0,0,NULL,NULL
095x9borh0z61,095x9borh0z61_processed_0,19,,0,2,1,NULL,NULL
095x9borh0z61,095x9borh0z61_processed_1,19,,0,2,1,NULL,NULL
095x9borh0z61,095x9borh0z61_processed_2,19,,0,2,1,NULL,NULL
095x9borh0z61,095x9borh0z61_processed_3,19,,0,2,1,NULL,NULL
095x9borh0z61,095x9borh0z61_processed_4,19,,0,2,1,NULL,NULL
095x9borh0z61,095x9borh0z61_processed_5,19,,0,2,1,NULL,NULL
095x9borh0z61,095x9borh0z61_processed_6,19,,1,2,1,NULL,NULL
095x9borh0z61,095x9borh0z61_processed_7,19,,0,2,1,NULL,NULL
095x9borh0z61,095x9borh0z61_processed_8,19,,1,2,1,NULL,NULL
095x9borh0z61,095x9borh0z61_processed_9,19,,1,2,1,NULL,NULL
095x9borh0z61,095x9borh0z61_processed_10,19,,1,2,1,NULL,NULL
095x9borh0z61,095x9borh0z61_processed_11,19,,1,2,1,NULL,NULL
095x9borh0z61,095x9borh0z61_processed_12,19,,2,2,1,NULL,NULL
095x9borh0z61,095x9borh0z61_processed_13,19,,2,2,1,NULL,NULL
095x9borh0z61,095x9borh0z61_processed_14,19,,2,2,1,NULL,NULL
095x9borh0z61,095x9borh0z61_processed_15,19,,2,2,1,NULL,NULL
095x9borh0z61,095x9borh0z61_processed_16,19,,2,2,1,NULL,NULL
095x9borh0z61,095x9borh0z61_processed_17,19,,2,2,1,NULL,NULL
095x9borh0z61,095x9borh0z61_processed_18,19,,2,2,1,NULL,NULL
121vblm56ym61,121vblm56ym61_processed_0,4,,0,0,0,NULL,NULL
121vblm56ym61,121vblm56ym61_processed_1,4,,0,0,1,NULL,NULL
121vblm56ym61,121vblm56ym61_processed_2,4,,0,0,1,NULL,NULL
121vblm56ym61,121vblm56ym61_processed_3,4,,0,0,0,NULL,NULL
140f26okazh51,140f26okazh51_processed_0,1,,0,0,1,Music,NULL
143mdsnmvu461,143mdsnmvu461_processed_0,11,,1,3,1,NULL,NULL
143mdsnmvu461,143mdsnmvu461_processed_1,11,,3,3,1,NULL,NULL
143mdsnmvu461,143mdsnmvu461_processed_2,11,,3,3,1,NULL,NULL
143mdsnmvu461,143mdsnmvu461_processed_3,11,,3,3,1,NULL,NULL
143mdsnmvu461,143mdsnmvu461_processed_4,11,,3,3,1,NULL,NULL
143mdsnmvu461,143mdsnmvu461_processed_5,11,,3,3,1,NULL,NULL
143mdsnmvu461,143mdsnmvu461_processed_6,11,,3,3,1,NULL,NULL
143mdsnmvu461,143mdsnmvu461_processed_7,11,,3,3,1,NULL,NULL
143mdsnmvu461,143mdsnmvu461_processed_8,11,,3,3,1,NULL,NULL
143mdsnmvu461,143mdsnmvu461_processed_9,11,,3,3,1,NULL,NULL
143mdsnmvu461,143mdsnmvu461_processed_10,11,,3,3,1,NULL,NULL
154n8n5g97i51,154n8n5g97i51_processed_0,1,,0,0,0,loud smack,NULL
0202on89vhz61,0202on89vhz61_processed_0,3,,0,0,1,NULL,NULL
0202on89vhz61,0202on89vhz61_processed_1,3,,0,0,1,NULL,NULL
0202on89vhz61,0202on89vhz61_processed_2,3,,0,0,1,NULL,NULL
2+C489+488:492+4+488:492,202evujgunk61_processed_0,8,,1,2,0,NULL,NULL
202evujgunk61,202evujgunk61_processed_1,8,,1,2,0,NULL,NULL
202evujgunk61,202evujgunk61_processed_2,8,,2,2,0,NULL,NULL
202evujgunk61,202evujgunk61_processed_3,8,,2,2,0,NULL,NULL
202evujgunk61,202evujgunk61_processed_4,8,,2,2,0,NULL,NULL
202evujgunk61,202evujgunk61_processed_5,8,,2,2,0,NULL,NULL
202evujgunk61,202evujgunk61_processed_6,8,,2,2,0,NULL,NULL
202evujgunk61,202evujgunk61_processed_7,8,,2,2,0,NULL,NULL
0653ipqy7vd71,0653ipqy7vd71_processed_0,7,,1,1,0,NULL,NULL
0653ipqy7vd71,0653ipqy7vd71_processed_1,7,,1,1,0,NULL,NULL
0653ipqy7vd71,0653ipqy7vd71_processed_2,7,,1,1,0,NULL,NULL
0653ipqy7vd71,0653ipqy7vd71_processed_3,7,,1,1,0,NULL,NULL
0653ipqy7vd71,0653ipqy7vd71_processed_4,7,,1,1,0,NULL,NULL
0653ipqy7vd71,0653ipqy7vd71_processed_5,7,,1,1,0,NULL,NULL
0653ipqy7vd71,0653ipqy7vd71_processed_6,7,,1,1,0,NULL,NULL
1067bauoiy661,1067bauoiy661_processed_0,6,,3,3,0,NULL,NULL
1067bauoiy661,1067bauoiy661_processed_1,6,,3,3,0,NULL,NULL
1067bauoiy661,1067bauoiy661_processed_2,6,,3,3,0,NULL,NULL
1067bauoiy661,1067bauoiy661_processed_3,6,,1,3,0,NULL,NULL
1067bauoiy661,1067bauoiy661_processed_4,6,,2,3,0,NULL,NULL
1067bauoiy661,1067bauoiy661_processed_5,6,,3,3,0,NULL,NULL
1859n94d2aw51,1859n94d2aw51_processed_0,2,,2,2,0,NULL,NULL
1859n94d2aw51,1859n94d2aw51_processed_1,2,,0,2,0,NULL,NULL
zvkhxd3vp3o51,zvkhxd3vp3o51_processed_0,9,,0,3,1,NULL,NULL
zvkhxd3vp3o51,zvkhxd3vp3o51_processed_1,9,,3,3,1,NULL,NULL
zvkhxd3vp3o51,zvkhxd3vp3o51_processed_2,9,,3,3,1,NULL,NULL
zvkhxd3vp3o51,zvkhxd3vp3o51_processed_3,9,,3,3,1,NULL,NULL
zvkhxd3vp3o51,zvkhxd3vp3o51_processed_4,9,,3,3,1,NULL,NULL
zvkhxd3vp3o51,zvkhxd3vp3o51_processed_5,9,,2,3,1,NULL,NULL
zvkhxd3vp3o51,zvkhxd3vp3o51_processed_6,9,,3,3,1,NULL,NULL
zvkhxd3vp3o51,zvkhxd3vp3o51_processed_7,9,,3,3,1,NULL,NULL
zvkhxd3vp3o51,zvkhxd3vp3o51_processed_8,9,,0,3,1,NULL,NULL
