file_name,parent_file,number_of_segments,number_of_voices_parent,noisy,extra_sounds,parent_label,segment_label,notes
uortapdfw0x51_processed_0,uortapdfw0x51,8,2,,,2,2,
uortapdfw0x51_processed_1,uortapdfw0x51,8,2,,,2,1,
uortapdfw0x51_processed_2,uortapdfw0x51,8,2,,,2,0,
uortapdfw0x51_processed_3,uortapdfw0x51,8,2,,,2,0,
uortapdfw0x51_processed_4,uortapdfw0x51,8,2,,,2,2,
uortapdfw0x51_processed_5,uortapdfw0x51,8,2,,,2,2,
uortapdfw0x51_processed_6,uortapdfw0x51,8,2,,,2,1,
uortapdfw0x51_processed_7,uortapdfw0x51,8,2,,Wind blowing,2,1,
upw3o9xs71p61_processed_0,upw3o9xs71p61,27,2,,,2,2,
upw3o9xs71p61_processed_1,upw3o9xs71p61,27,2,,,2,2,
upw3o9xs71p61_processed_2,upw3o9xs71p61,27,2,,,2,2,
upw3o9xs71p61_processed_3,upw3o9xs71p61,27,2,,,2,2,
upw3o9xs71p61_processed_4,upw3o9xs71p61,27,2,,,2,2,
upw3o9xs71p61_processed_5,upw3o9xs71p61,27,2,,,2,2,
upw3o9xs71p61_processed_6,upw3o9xs71p61,27,2,,,2,2,
upw3o9xs71p61_processed_7,upw3o9xs71p61,27,2,,,2,2,
upw3o9xs71p61_processed_8,upw3o9xs71p61,27,2,,,2,2,
upw3o9xs71p61_processed_9,upw3o9xs71p61,27,2,,,2,2,
upw3o9xs71p61_processed_10,upw3o9xs71p61,27,2,,,2,2,
upw3o9xs71p61_processed_11,upw3o9xs71p61,27,2,,,2,2,
upw3o9xs71p61_processed_12,upw3o9xs71p61,27,2,,,2,2,
upw3o9xs71p61_processed_13,upw3o9xs71p61,27,2,,,2,2,
upw3o9xs71p61_processed_14,upw3o9xs71p61,27,2,,,2,2,
upw3o9xs71p61_processed_15,upw3o9xs71p61,27,2,,,2,2,
upw3o9xs71p61_processed_16,upw3o9xs71p61,27,2,,,2,2,
upw3o9xs71p61_processed_17,upw3o9xs71p61,27,2,,,2,0,
upw3o9xs71p61_processed_18,upw3o9xs71p61,27,2,,,2,2,
upw3o9xs71p61_processed_19,upw3o9xs71p61,27,2,,,2,2,
upw3o9xs71p61_processed_20,upw3o9xs71p61,27,2,,,2,2,
upw3o9xs71p61_processed_21,upw3o9xs71p61,27,2,,,2,2,
upw3o9xs71p61_processed_22,upw3o9xs71p61,27,2,,,2,2,
upw3o9xs71p61_processed_23,upw3o9xs71p61,27,2,,BGM,2,2,
upw3o9xs71p61_processed_24,upw3o9xs71p61,27,2,,BGM,2,2,
upw3o9xs71p61_processed_25,upw3o9xs71p61,27,2,,BGM,2,2,
upw3o9xs71p61_processed_26,upw3o9xs71p61,27,2,,BGM,2,1,
uqufqavw1sy61_processed_0,uqufqavw1sy61,5,2,,,2,1,
uqufqavw1sy61_processed_1,uqufqavw1sy61,5,2,,,2,2,
uqufqavw1sy61_processed_2,uqufqavw1sy61,5,2,,,2,2,
uqufqavw1sy61_processed_3,uqufqavw1sy61,5,2,,,2,1,
uqufqavw1sy61_processed_4,uqufqavw1sy61,5,2,,,2,1,
ut49qgxtzka71_processed_0,ut49qgxtzka71,4,3,,,3,2,
ut49qgxtzka71_processed_1,ut49qgxtzka71,4,3,,,3,3,
ut49qgxtzka71_processed_2,ut49qgxtzka71,4,3,,,3,2,
ut49qgxtzka71_processed_3,ut49qgxtzka71,4,3,,,3,2,
utkpnmjf64t51_processed_0,utkpnmjf64t51,5,2,,,2,2,
utkpnmjf64t51_processed_1,utkpnmjf64t51,5,2,,,2,2,
utkpnmjf64t51_processed_2,utkpnmjf64t51,5,2,,,2,2,
utkpnmjf64t51_processed_3,utkpnmjf64t51,5,2,,,2,1,
utkpnmjf64t51_processed_4,utkpnmjf64t51,5,2,,,2,1,
uvknf21t4gf61_processed_0,uvknf21t4gf61,2,3,,,3,2,
uvknf21t4gf61_processed_1,uvknf21t4gf61,2,3,,,3,3,
uy1pvvhw4fy51_processed_0,uy1pvvhw4fy51,2,2,,,2,2,
uy1pvvhw4fy51_processed_1,uy1pvvhw4fy51,2,2,,,2,1,
uyh2fvtr6lb71_processed_0,uyh2fvtr6lb71,6,1,,,1,1,
uyh2fvtr6lb71_processed_1,uyh2fvtr6lb71,6,1,,,1,1,
uyh2fvtr6lb71_processed_2,uyh2fvtr6lb71,6,1,,,1,1,
uyh2fvtr6lb71_processed_3,uyh2fvtr6lb71,6,1,,,1,1,
uyh2fvtr6lb71_processed_4,uyh2fvtr6lb71,6,1,,,1,1,
uyh2fvtr6lb71_processed_5,uyh2fvtr6lb71,6,1,,,1,1,
uypv850e04s61_processed_0,uypv850e04s61,9,1,,,1,1,
uypv850e04s61_processed_1,uypv850e04s61,9,1,,,1,1,
uypv850e04s61_processed_2,uypv850e04s61,9,1,,,1,1,
uypv850e04s61_processed_3,uypv850e04s61,9,1,,,1,1,
uypv850e04s61_processed_4,uypv850e04s61,9,1,,,1,1,
uypv850e04s61_processed_5,uypv850e04s61,9,1,,,1,1,
uypv850e04s61_processed_6,uypv850e04s61,9,1,,,1,1,
uypv850e04s61_processed_7,uypv850e04s61,9,1,,,1,1,
uypv850e04s61_processed_8,uypv850e04s61,9,1,,,1,1,
uzullewafjj51_processed_0,uzullewafjj51,12,1,,,1,1,
uzullewafjj51_processed_1,uzullewafjj51,12,1,,,1,1,
uzullewafjj51_processed_2,uzullewafjj51,12,1,,,1,1,
uzullewafjj51_processed_3,uzullewafjj51,12,1,,,1,1,
uzullewafjj51_processed_4,uzullewafjj51,12,1,,,1,1,
uzullewafjj51_processed_5,uzullewafjj51,12,1,,,1,1,
uzullewafjj51_processed_6,uzullewafjj51,12,1,,,1,1,
uzullewafjj51_processed_7,uzullewafjj51,12,1,,,1,1,
uzullewafjj51_processed_8,uzullewafjj51,12,1,,,1,1,
uzullewafjj51_processed_9,uzullewafjj51,12,1,,,1,1,
uzullewafjj51_processed_10,uzullewafjj51,12,1,,,1,1,
uzullewafjj51_processed_11,uzullewafjj51,12,1,,,1,1,
v1jki6msfys51_processed_0,v1jki6msfys51,4,2,,,2,1,
v1jki6msfys51_processed_1,v1jki6msfys51,4,2,,,2,1,
v1jki6msfys51_processed_2,v1jki6msfys51,4,2,,,2,2,
v1jki6msfys51_processed_3,v1jki6msfys51,4,2,,,2,1,
v3mna3qbpik51_processed_0,v3mna3qbpik51,10,2,,,2,2,
v3mna3qbpik51_processed_1,v3mna3qbpik51,10,2,,,2,1,
v3mna3qbpik51_processed_2,v3mna3qbpik51,10,2,,,2,1,
v3mna3qbpik51_processed_3,v3mna3qbpik51,10,2,,,2,2,
v3mna3qbpik51_processed_4,v3mna3qbpik51,10,2,,,2,2,
v3mna3qbpik51_processed_5,v3mna3qbpik51,10,2,,,2,2,
v3mna3qbpik51_processed_6,v3mna3qbpik51,10,2,,,2,2,
v3mna3qbpik51_processed_7,v3mna3qbpik51,10,2,,,2,1,
v3mna3qbpik51_processed_8,v3mna3qbpik51,10,2,,,2,0,
v3mna3qbpik51_processed_9,v3mna3qbpik51,10,2,,,2,0,
v8qi9j66hoc61_processed_0,v8qi9j66hoc61,6,3,,,3,2,
v8qi9j66hoc61_processed_1,v8qi9j66hoc61,6,3,,,3,2,
v8qi9j66hoc61_processed_2,v8qi9j66hoc61,6,3,,,3,2,
v8qi9j66hoc61_processed_3,v8qi9j66hoc61,6,3,,,3,2,
v8qi9j66hoc61_processed_4,v8qi9j66hoc61,6,3,,,3,2,
v8qi9j66hoc61_processed_5,v8qi9j66hoc61,6,3,,,3,0,
v9wt25xozoa71_processed_0,v9wt25xozoa71,4,2,,,2,2,
v9wt25xozoa71_processed_1,v9wt25xozoa71,4,2,,,2,1,
v9wt25xozoa71_processed_2,v9wt25xozoa71,4,2,,,2,2,
v9wt25xozoa71_processed_3,v9wt25xozoa71,4,2,,,2,2,
vax1ehhhpv661_processed_0,vax1ehhhpv661,3,2,,,2,2,
vax1ehhhpv661_processed_1,vax1ehhhpv661,3,2,,,2,2,
vax1ehhhpv661_processed_2,vax1ehhhpv661,3,2,,,2,1,
vbf40hc5l7571_processed_0,vbf40hc5l7571,15,3,,,3,2,
vbf40hc5l7571_processed_1,vbf40hc5l7571,15,3,,,3,2,
vbf40hc5l7571_processed_2,vbf40hc5l7571,15,3,,,3,3,
vbf40hc5l7571_processed_3,vbf40hc5l7571,15,3,,,3,3,
vbf40hc5l7571_processed_4,vbf40hc5l7571,15,3,,,3,2,
vbf40hc5l7571_processed_5,vbf40hc5l7571,15,3,,,3,2,
vbf40hc5l7571_processed_6,vbf40hc5l7571,15,3,,,3,2,
vbf40hc5l7571_processed_7,vbf40hc5l7571,15,3,,,3,2,
vbf40hc5l7571_processed_8,vbf40hc5l7571,15,3,,,3,2,
vbf40hc5l7571_processed_9,vbf40hc5l7571,15,3,,,3,1,
vbf40hc5l7571_processed_10,vbf40hc5l7571,15,3,,,3,3,
vbf40hc5l7571_processed_11,vbf40hc5l7571,15,3,,,3,3,
vbf40hc5l7571_processed_12,vbf40hc5l7571,15,3,,,3,3,
vbf40hc5l7571_processed_13,vbf40hc5l7571,15,3,,,3,2,
vbf40hc5l7571_processed_14,vbf40hc5l7571,15,3,,,3,1,
vcuqc9cmpyv51_processed_0,vcuqc9cmpyv51,6,2,,,2,2,
vcuqc9cmpyv51_processed_1,vcuqc9cmpyv51,6,2,,,2,1,
vcuqc9cmpyv51_processed_2,vcuqc9cmpyv51,6,2,,,2,2,
vcuqc9cmpyv51_processed_3,vcuqc9cmpyv51,6,2,,,2,2,
vcuqc9cmpyv51_processed_4,vcuqc9cmpyv51,6,2,,,2,2,
vcuqc9cmpyv51_processed_5,vcuqc9cmpyv51,6,2,,,2,2,
vdjq1vb93ky51_processed_0,vdjq1vb93ky51,6,2,,,2,1,
vdjq1vb93ky51_processed_1,vdjq1vb93ky51,6,2,,,2,2,
vdjq1vb93ky51_processed_2,vdjq1vb93ky51,6,2,,,2,2,
vdjq1vb93ky51_processed_3,vdjq1vb93ky51,6,2,,,2,2,
vdjq1vb93ky51_processed_4,vdjq1vb93ky51,6,2,,,2,2,
vdjq1vb93ky51_processed_5,vdjq1vb93ky51,6,2,,,2,2,
vdmtsuj4xqa61_processed_0,vdmtsuj4xqa61,3,2,,,2,2,
vdmtsuj4xqa61_processed_1,vdmtsuj4xqa61,3,2,,,2,2,
vdmtsuj4xqa61_processed_2,vdmtsuj4xqa61,3,2,,,2,0,
vhxb8ug61sa71_processed_0,vhxb8ug61sa71,3,1,,Car honking,1,0,
vhxb8ug61sa71_processed_1,vhxb8ug61sa71,3,1,,Car honking,1,1,
vhxb8ug61sa71_processed_2,vhxb8ug61sa71,3,1,,Car honking,1,0,
voljnwtov4c61_processed_0,voljnwtov4c61,6,0,,Wind blowing,0,0,
voljnwtov4c61_processed_1,voljnwtov4c61,6,0,,Wind blowing,0,0,
voljnwtov4c61_processed_2,voljnwtov4c61,6,0,,Wind blowing,0,0,
voljnwtov4c61_processed_3,voljnwtov4c61,6,0,,Wind blowing,0,0,
voljnwtov4c61_processed_4,voljnwtov4c61,6,0,,Wind blowing,0,0,
voljnwtov4c61_processed_5,voljnwtov4c61,6,0,,Wind blowing,0,0,
vonzj86fvof61_processed_0,vonzj86fvof61,1,2,,,2,2,
vott23x9fwm51_processed_0,vott23x9fwm51,2,4,,,4,4,
vott23x9fwm51_processed_1,vott23x9fwm51,2,4,,,4,2,
vpt0o111u0c61_processed_0,vpt0o111u0c61,5,2,,,2,2,
vpt0o111u0c61_processed_1,vpt0o111u0c61,5,2,,,2,1,
vpt0o111u0c61_processed_2,vpt0o111u0c61,5,2,,,2,1,
vpt0o111u0c61_processed_3,vpt0o111u0c61,5,2,,,2,1,
vpt0o111u0c61_processed_4,vpt0o111u0c61,5,2,,,2,0,
vqamufx4vmg51_processed_0,vqamufx4vmg51,25,3,,,3,2,
vqamufx4vmg51_processed_1,vqamufx4vmg51,25,3,,,3,2,
vqamufx4vmg51_processed_2,vqamufx4vmg51,25,3,,,3,1,
vqamufx4vmg51_processed_3,vqamufx4vmg51,25,3,,,3,2,
vqamufx4vmg51_processed_4,vqamufx4vmg51,25,3,,,3,2,
vqamufx4vmg51_processed_5,vqamufx4vmg51,25,3,,,3,1,
vqamufx4vmg51_processed_6,vqamufx4vmg51,25,3,,,3,1,
vqamufx4vmg51_processed_7,vqamufx4vmg51,25,3,,,3,1,
vqamufx4vmg51_processed_8,vqamufx4vmg51,25,3,,,3,2,
vqamufx4vmg51_processed_9,vqamufx4vmg51,25,3,,,3,2,
vqamufx4vmg51_processed_10,vqamufx4vmg51,25,3,,,3,1,
vqamufx4vmg51_processed_11,vqamufx4vmg51,25,3,,,3,2,
vqamufx4vmg51_processed_12,vqamufx4vmg51,25,3,,,3,2,
vqamufx4vmg51_processed_13,vqamufx4vmg51,25,3,,,3,2,
vqamufx4vmg51_processed_14,vqamufx4vmg51,25,3,,,3,1,
vqamufx4vmg51_processed_15,vqamufx4vmg51,25,3,,,3,2,
vqamufx4vmg51_processed_16,vqamufx4vmg51,25,3,,,3,2,
vqamufx4vmg51_processed_17,vqamufx4vmg51,25,3,,,3,2,
vqamufx4vmg51_processed_18,vqamufx4vmg51,25,3,,,3,2,
vqamufx4vmg51_processed_19,vqamufx4vmg51,25,3,,,3,2,
vqamufx4vmg51_processed_20,vqamufx4vmg51,25,3,,,3,2,
vqamufx4vmg51_processed_21,vqamufx4vmg51,25,3,,,3,2,
vqamufx4vmg51_processed_22,vqamufx4vmg51,25,3,,,3,2,
vqamufx4vmg51_processed_23,vqamufx4vmg51,25,3,,,3,1,
vqamufx4vmg51_processed_24,vqamufx4vmg51,25,3,,,3,1,
vscib8n8huj61_processed_0,vscib8n8huj61,8,2,,,2,2,
vscib8n8huj61_processed_1,vscib8n8huj62,8,2,,,2,2,
vscib8n8huj61_processed_2,vscib8n8huj63,8,2,,,2,2,
vscib8n8huj61_processed_3,vscib8n8huj64,8,2,,,2,2,
vscib8n8huj61_processed_4,vscib8n8huj65,8,2,,,2,2,
vscib8n8huj61_processed_5,vscib8n8huj66,8,2,,,2,2,
vscib8n8huj61_processed_6,vscib8n8huj67,8,2,,,2,2,
vscib8n8huj61_processed_7,vscib8n8huj68,8,2,,,2,2,
vsrmdvtogzj51_processed_0,vsrmdvtogzj51,8,3,,,3,2,
vsrmdvtogzj51_processed_1,vsrmdvtogzj51,8,3,,,3,3,
vsrmdvtogzj51_processed_2,vsrmdvtogzj51,8,3,,,3,3,
vsrmdvtogzj51_processed_3,vsrmdvtogzj51,8,3,,,3,2,
vsrmdvtogzj51_processed_4,vsrmdvtogzj51,8,3,,,3,2,
vsrmdvtogzj51_processed_5,vsrmdvtogzj51,8,3,,,3,2,
vsrmdvtogzj51_processed_6,vsrmdvtogzj51,8,3,,,3,2,
vsrmdvtogzj51_processed_7,vsrmdvtogzj51,8,3,,,3,2,
vv6vetoibk971_processed_0,vv6vetoibk971,4,3,,Crowad yelling,0,0,
vv6vetoibk971_processed_1,vv6vetoibk971,4,3,,Crowad yelling,0,0,
vv6vetoibk971_processed_2,vv6vetoibk971,4,3,,Crowad yelling,0,0,
vv6vetoibk971_processed_3,vv6vetoibk971,4,3,,Crowad yelling,0,0,
vy20oxtwltz51_processed_0,vy20oxtwltz51,13,4,,,4,2,
vy20oxtwltz51_processed_1,vy20oxtwltz51,13,4,,,4,2,
vy20oxtwltz51_processed_2,vy20oxtwltz51,13,4,,,4,2,
vy20oxtwltz51_processed_3,vy20oxtwltz51,13,4,,,4,2,
vy20oxtwltz51_processed_4,vy20oxtwltz51,13,4,,,4,3,
vy20oxtwltz51_processed_5,vy20oxtwltz51,13,4,,,4,1,
vy20oxtwltz51_processed_6,vy20oxtwltz51,13,4,,,4,3,
vy20oxtwltz51_processed_7,vy20oxtwltz51,13,4,,,4,1,
vy20oxtwltz51_processed_8,vy20oxtwltz51,13,4,,,4,2,
vy20oxtwltz51_processed_9,vy20oxtwltz51,13,4,,,4,0,
vy20oxtwltz51_processed_10,vy20oxtwltz51,13,4,,,4,0,
vy20oxtwltz51_processed_11,vy20oxtwltz51,13,4,,,4,2,
vy20oxtwltz51_processed_12,vy20oxtwltz51,13,4,,,4,1,
vzzx1nl2jmn61_processed_0,vzzx1nl2jmn61,9,4,,,4,1,
vzzx1nl2jmn61_processed_1,vzzx1nl2jmn61,9,4,,,4,2,
vzzx1nl2jmn61_processed_2,vzzx1nl2jmn61,9,4,,,4,2,
vzzx1nl2jmn61_processed_3,vzzx1nl2jmn61,9,4,,,4,2,
vzzx1nl2jmn61_processed_4,vzzx1nl2jmn61,9,4,,,4,1,
vzzx1nl2jmn61_processed_5,vzzx1nl2jmn61,9,4,,,4,1,
vzzx1nl2jmn61_processed_6,vzzx1nl2jmn61,9,4,,,4,2,
vzzx1nl2jmn61_processed_7,vzzx1nl2jmn61,9,4,,,4,2,
vzzx1nl2jmn61_processed_8,vzzx1nl2jmn61,9,4,,,4,1,
w9e9hk5ihzp61_processed_0,w9e9hk5ihzp61,4,3,,,0,0,
w9e9hk5ihzp61_processed_1,w9e9hk5ihzp61,4,3,,,0,0,
w9e9hk5ihzp61_processed_2,w9e9hk5ihzp61,4,3,,,0,0,
w9e9hk5ihzp61_processed_3,w9e9hk5ihzp61,4,3,,,0,0,
waf4r22g3i071_processed_0,waf4r22g3i071,4,2,,,2,1,
waf4r22g3i071_processed_1,waf4r22g3i071,4,2,,,2,1,
waf4r22g3i071_processed_2,waf4r22g3i071,4,2,,,2,2,
waf4r22g3i071_processed_3,waf4r22g3i071,4,2,,,2,1,
wck9hdbo1on61_processed_0,wck9hdbo1on61,4,0,,crowd noise,0,0,
wck9hdbo1on61_processed_1,wck9hdbo1on61,4,0,,crowd noise,0,0,
wck9hdbo1on61_processed_2,wck9hdbo1on61,4,0,,crowd noise,0,0,
wck9hdbo1on61_processed_3,wck9hdbo1on61,4,0,,woman crying,0,0,
wffsnbbriw871_processed_0,wffsnbbriw871,13,,,Kid crying,1,1,
wffsnbbriw871_processed_1,wffsnbbriw871,13,,,Kid crying,1,1,
wffsnbbriw871_processed_2,wffsnbbriw871,13,,,Kid crying,1,0,
wffsnbbriw871_processed_3,wffsnbbriw871,13,,,Kid crying,1,0,
wffsnbbriw871_processed_4,wffsnbbriw871,13,,,Kid crying,1,0,
wffsnbbriw871_processed_5,wffsnbbriw871,13,,,Kid crying,1,1,
wffsnbbriw871_processed_6,wffsnbbriw871,13,,,Kid crying,1,1,
wffsnbbriw871_processed_7,wffsnbbriw871,13,,,Kid crying,1,0,
wffsnbbriw871_processed_8,wffsnbbriw871,13,,,Kid crying,1,0,
wffsnbbriw871_processed_9,wffsnbbriw871,13,,,Kid crying,1,0,
wffsnbbriw871_processed_10,wffsnbbriw871,13,,,Kid crying,1,0,
wffsnbbriw871_processed_11,wffsnbbriw871,13,,,Kid crying,1,0,
wffsnbbriw871_processed_12,wffsnbbriw871,13,,,Kid crying,1,0,
wh0gap71w1461_processed_0,wh0gap71w1461,7,2,,,2,2,
wh0gap71w1461_processed_1,wh0gap71w1461,7,2,,,2,2,
wh0gap71w1461_processed_2,wh0gap71w1461,7,2,,,2,2,
wh0gap71w1461_processed_3,wh0gap71w1461,7,2,,,2,2,
wh0gap71w1461_processed_4,wh0gap71w1461,7,2,,,2,2,
wh0gap71w1461_processed_5,wh0gap71w1461,7,2,,,2,2,
wh0gap71w1461_processed_6,wh0gap71w1461,7,2,,,2,2,
wjha1sf516b71_processed_0,wjha1sf516b71,5,0,,BGM,0,0,
wjha1sf516b71_processed_1,wjha1sf516b71,5,0,,BGM,0,0,
wjha1sf516b71_processed_2,wjha1sf516b71,5,0,,BGM,0,0,
wjha1sf516b71_processed_3,wjha1sf516b71,5,0,,Crowd noise,0,0,Unknown language
wjha1sf516b71_processed_4,wjha1sf516b71,5,0,,,0,0,
wkgibcp6fro51_processed_0,wkgibcp6fro51,5,0,,,0,0,
wkgibcp6fro51_processed_1,wkgibcp6fro51,5,0,,,0,0,
wkgibcp6fro51_processed_2,wkgibcp6fro51,5,0,,,0,0,
wkgibcp6fro51_processed_3,wkgibcp6fro51,5,0,,,0,0,
wkgibcp6fro51_processed_4,wkgibcp6fro51,5,0,,,0,0,
wocoyi48sgs51_processed_0,wocoyi48sgs51,7,2,,,2,1,
wocoyi48sgs51_processed_1,wocoyi48sgs51,7,2,,,2,2,
wocoyi48sgs51_processed_2,wocoyi48sgs51,7,2,,,2,2,
wocoyi48sgs51_processed_3,wocoyi48sgs51,7,2,,,2,2,
wocoyi48sgs51_processed_4,wocoyi48sgs51,7,2,,,2,1,
wocoyi48sgs51_processed_5,wocoyi48sgs51,7,2,,,2,1,
wocoyi48sgs51_processed_6,wocoyi48sgs51,7,2,,,2,0,
wohiijk7cs061_processed_0,wohiijk7cs061,9,2,,,2,1,
wohiijk7cs061_processed_1,wohiijk7cs061,9,2,,,2,1,
wohiijk7cs061_processed_2,wohiijk7cs061,9,2,,,2,1,
wohiijk7cs061_processed_3,wohiijk7cs061,9,2,,,2,1,
wohiijk7cs061_processed_4,wohiijk7cs061,9,2,,,2,0,
wohiijk7cs061_processed_5,wohiijk7cs061,9,2,,,2,1,
wohiijk7cs061_processed_6,wohiijk7cs061,9,2,,,2,1,
wohiijk7cs061_processed_7,wohiijk7cs061,9,2,,,2,1,
wohiijk7cs061_processed_8,wohiijk7cs061,9,2,,,2,0,
wqbjs7jll1s61_processed_0,wqbjs7jll1s61,3,3,,,3,2,
wqbjs7jll1s61_processed_1,wqbjs7jll1s61,3,3,,,3,3,
wqbjs7jll1s61_processed_2,wqbjs7jll1s61,3,3,,,3,3,
wr2p305312561_processed_0,wr2p305312561,2,,,,,,
wr2p305312561_processed_1,wr2p305312561,2,,,Celebrating,,,
wspxs1zbhm671_processed_0,wspxs1zbhm671,3,2,,,2,2,
wspxs1zbhm671_processed_1,wspxs1zbhm671,3,2,,,2,2,
wspxs1zbhm671_processed_2,wspxs1zbhm671,3,2,,,2,0,Unkown language
wtuawlagfia61_processed_0,wtuawlagfia61,6,3,,,3,2,
wtuawlagfia61_processed_1,wtuawlagfia61,6,3,,,3,2,
wtuawlagfia61_processed_2,wtuawlagfia61,6,3,,,3,2,
wtuawlagfia61_processed_3,wtuawlagfia61,6,3,,,3,2,
wtuawlagfia61_processed_4,wtuawlagfia61,6,3,,,3,3,
wtuawlagfia61_processed_5,wtuawlagfia61,6,3,,,3,2,
wunn1jjbpu961_processed_0,wunn1jjbpu961,16,1,,,1,1,
wunn1jjbpu961_processed_1,wunn1jjbpu961,16,1,,,1,1,
wunn1jjbpu961_processed_2,wunn1jjbpu961,16,1,,,1,1,
wunn1jjbpu961_processed_3,wunn1jjbpu961,16,1,,,1,1,
wunn1jjbpu961_processed_4,wunn1jjbpu961,16,1,,,1,1,
wunn1jjbpu961_processed_5,wunn1jjbpu961,16,1,,,1,1,
wunn1jjbpu961_processed_6,wunn1jjbpu961,16,1,,,1,1,
wunn1jjbpu961_processed_7,wunn1jjbpu961,16,1,,,1,1,
wunn1jjbpu961_processed_8,wunn1jjbpu961,16,1,,,1,1,
wunn1jjbpu961_processed_9,wunn1jjbpu961,16,1,,,1,1,
wunn1jjbpu961_processed_10,wunn1jjbpu961,16,1,,,1,1,
wunn1jjbpu961_processed_11,wunn1jjbpu961,16,1,,,1,1,
wunn1jjbpu961_processed_12,wunn1jjbpu961,16,1,,,1,1,
wunn1jjbpu961_processed_13,wunn1jjbpu961,16,1,,,1,1,
wunn1jjbpu961_processed_14,wunn1jjbpu961,16,1,,,1,1,
wunn1jjbpu961_processed_15,wunn1jjbpu961,16,1,,,1,1,
wunqa6kfsvx51_processed_0,wunqa6kfsvx51,4,1,,,1,1,
wunqa6kfsvx51_processed_1,wunqa6kfsvx51,4,1,,Phone ringing,1,1,
wunqa6kfsvx51_processed_2,wunqa6kfsvx51,4,1,,,1,1,
wunqa6kfsvx51_processed_3,wunqa6kfsvx51,4,1,,,1,1,
x3h15u912wx51_processed_0,x3h15u912wx51,2,2,,,2,2,
x3h15u912wx51_processed_1,x3h15u912wx51,2,2,,,2,0,
x5fd9nizjp061_processed_0,x5fd9nizjp061,4,,,,,,
x5fd9nizjp061_processed_1,x5fd9nizjp062,4,,,,,,
x5fd9nizjp061_processed_2,x5fd9nizjp063,4,,,,,,
x5fd9nizjp061_processed_3,x5fd9nizjp064,4,,,,,,
x9i397iuxh971_processed_0,x9i397iuxh971,2,3,,,3,2,
x9i397iuxh971_processed_1,x9i397iuxh971,2,3,,,3,2,
x705shsub7m61_processed_0,x705shsub7m61,6,1,,,1,1,
x705shsub7m61_processed_1,x705shsub7m61,6,1,,,1,1,
x705shsub7m61_processed_2,x705shsub7m61,6,1,,,1,1,
x705shsub7m61_processed_3,x705shsub7m61,6,1,,,1,1,
x705shsub7m61_processed_4,x705shsub7m61,6,1,,,1,1,
x705shsub7m61_processed_5,x705shsub7m61,6,1,,,1,1,
xan1gwbxrwc61_processed_0,xan1gwbxrwc61,5,1,,,1,1,
xan1gwbxrwc61_processed_1,xan1gwbxrwc61,5,1,,Woman Crying,1,1,
xan1gwbxrwc61_processed_2,xan1gwbxrwc61,5,1,,,1,1,
xan1gwbxrwc61_processed_3,xan1gwbxrwc61,5,1,,,1,1,
xan1gwbxrwc61_processed_4,xan1gwbxrwc61,5,1,,,1,1,
xbw64yf04th51_processed_0,xbw64yf04th51,9,2,,,2,2,
xbw64yf04th51_processed_1,xbw64yf04th51,9,2,,,2,2,
xbw64yf04th51_processed_2,xbw64yf04th51,9,2,,,2,2,
xbw64yf04th51_processed_3,xbw64yf04th51,9,2,,,2,2,
xbw64yf04th51_processed_4,xbw64yf04th51,9,2,,BGM,2,,
xbw64yf04th51_processed_5,xbw64yf04th51,9,2,,BGM,2,0,
xbw64yf04th51_processed_6,xbw64yf04th51,9,2,,BGM,2,0,
xbw64yf04th51_processed_7,xbw64yf04th51,9,2,,BGM,2,1,
xbw64yf04th51_processed_8,xbw64yf04th51,9,2,,BGM,2,0,
xc76oggvh2471_processed_0,xc76oggvh2471,7,2,,,2,2,
xc76oggvh2471_processed_1,xc76oggvh2471,7,2,,,2,2,
xc76oggvh2471_processed_2,xc76oggvh2471,7,2,,,2,2,
xc76oggvh2471_processed_3,xc76oggvh2471,7,2,,,2,2,
xc76oggvh2471_processed_4,xc76oggvh2471,7,2,,,2,2,
xc76oggvh2471_processed_5,xc76oggvh2471,7,2,,,2,2,
xc76oggvh2471_processed_6,xc76oggvh2471,7,2,,,2,2,
xcfoajr0u7p51_processed_0,xcfoajr0u7p51,1,2,,,2,2,
xcr4dw4lkqi51_processed_0,xcr4dw4lkqi51,11,2,,Man singing,2,2,
xcr4dw4lkqi51_processed_1,xcr4dw4lkqi52,11,2,,,2,2,
xcr4dw4lkqi51_processed_2,xcr4dw4lkqi53,11,2,,,2,2,
xcr4dw4lkqi51_processed_3,xcr4dw4lkqi54,11,2,,,2,2,
xcr4dw4lkqi51_processed_4,xcr4dw4lkqi55,11,2,,,2,2,
xcr4dw4lkqi51_processed_5,xcr4dw4lkqi56,11,2,,,2,2,
xcr4dw4lkqi51_processed_6,xcr4dw4lkqi57,11,2,,,2,2,
xcr4dw4lkqi51_processed_7,xcr4dw4lkqi58,11,2,,,2,2,don't know what happened
xcr4dw4lkqi51_processed_8,xcr4dw4lkqi59,11,2,,,2,2,don't know what happened
xcr4dw4lkqi51_processed_9,xcr4dw4lkqi60,11,2,,,2,2,
xcr4dw4lkqi51_processed_10,xcr4dw4lkqi61,11,2,,,2,2,
xda96lajcd871_processed_0,xda96lajcd871,3,0,,BGM,0,0,
xda96lajcd871_processed_1,xda96lajcd871,3,0,,BGM,0,0,
xda96lajcd871_processed_2,xda96lajcd871,3,0,,BGM,0,0,
xduavnlrxxf71_processed_0,xduavnlrxxf71,2,2,,,2,2,
xduavnlrxxf71_processed_1,xduavnlrxxf71,2,2,,,2,2,
xdz15thrnem51_processed_0,xdz15thrnem51,14,3,,,3,2,
xdz15thrnem51_processed_1,xdz15thrnem51,14,3,,,3,2,
xdz15thrnem51_processed_2,xdz15thrnem51,14,3,,,3,2,
xdz15thrnem51_processed_3,xdz15thrnem51,14,3,,,3,2,
xdz15thrnem51_processed_4,xdz15thrnem51,14,3,,,3,3,
xdz15thrnem51_processed_5,xdz15thrnem51,14,3,,,3,2,
xdz15thrnem51_processed_6,xdz15thrnem51,14,3,,,3,2,
xdz15thrnem51_processed_7,xdz15thrnem51,14,3,,,3,2,unknown language
xdz15thrnem51_processed_8,xdz15thrnem51,14,3,,,3,3,unknown language
xdz15thrnem51_processed_9,xdz15thrnem51,14,3,,,3,2,unknown language
xdz15thrnem51_processed_10,xdz15thrnem51,14,3,,,3,2,unknown language
xdz15thrnem51_processed_11,xdz15thrnem51,14,3,,,3,3,
xdz15thrnem51_processed_12,xdz15thrnem51,14,3,,,3,2,
xdz15thrnem51_processed_13,xdz15thrnem51,14,3,,,3,3,
xeov6r65sjr51_processed_0,xeov6r65sjr51,4,0,,Crowd nosie,0,0,
xeov6r65sjr51_processed_1,xeov6r65sjr51,4,0,,Crowd nosie,0,0,
xeov6r65sjr51_processed_2,xeov6r65sjr51,4,0,,Crowd nosie,0,0,
xeov6r65sjr51_processed_3,xeov6r65sjr51,4,0,,Crowd nosie,0,0,
xfblqku6wkq51_processed_0,xfblqku6wkq51,2,1,,,1,1,
xfblqku6wkq51_processed_1,xfblqku6wkq51,2,1,,,1,1,
xfgxi0pq4vx51_processed_0,xfgxi0pq4vx51,2,0,,TV,0,0,
xfgxi0pq4vx51_processed_1,xfgxi0pq4vx51,2,0,,Woman's voice,0,0,
xg1znppcuji61_processed_0,xg1znppcuji61,5,1,,,1,1,
xg1znppcuji61_processed_1,xg1znppcuji61,5,1,,,1,0,
xg1znppcuji61_processed_2,xg1znppcuji61,5,1,,,1,1,
xg1znppcuji61_processed_3,xg1znppcuji61,5,1,,,1,1,
xg1znppcuji61_processed_4,xg1znppcuji61,5,1,,,1,1,
xhaeut26dpa61_processed_0,xhaeut26dpa61,1,2,,,2,2,
xj6wjlq0ch171_processed_0,xj6wjlq0ch171,5,3,,,3,3,
xj6wjlq0ch171_processed_1,xj6wjlq0ch171,5,3,,,3,3,
xj6wjlq0ch171_processed_2,xj6wjlq0ch171,5,3,,,3,1,
xj6wjlq0ch171_processed_3,xj6wjlq0ch171,5,3,,,3,3,
xj6wjlq0ch171_processed_4,xj6wjlq0ch171,5,3,,,3,1,
xjwraijtv1161_processed_0,xjwraijtv1161,3,2,,,2,2,
xjwraijtv1161_processed_1,xjwraijtv1161,3,2,,,2,1,
xjwraijtv1161_processed_2,xjwraijtv1161,3,2,,,2,1,
xl9n027qxbq61_processed_0,xl9n027qxbq61,4,0,,might be TV,0,0,
xl9n027qxbq61_processed_1,xl9n027qxbq61,4,0,,,0,0,
xl9n027qxbq61_processed_2,xl9n027qxbq61,4,0,,,0,0,
xl9n027qxbq61_processed_3,xl9n027qxbq61,4,0,,,0,0,
xm1kjkqhp3861_processed_0,xm1kjkqhp3861,7,0,,singing,0,0,
xm1kjkqhp3861_processed_1,xm1kjkqhp3861,7,0,,singing,0,0,
xm1kjkqhp3861_processed_2,xm1kjkqhp3861,7,0,,singing,0,0,
xm1kjkqhp3861_processed_3,xm1kjkqhp3861,7,0,,singing,0,0,
xm1kjkqhp3861_processed_4,xm1kjkqhp3861,7,0,,singing,0,0,
xm1kjkqhp3861_processed_5,xm1kjkqhp3861,7,0,,singing,0,0,
xm1kjkqhp3861_processed_6,xm1kjkqhp3861,7,0,,singing,0,0,
xmi1cs7u4as61_processed_0,xmi1cs7u4as61,7,,,,,,
xmi1cs7u4as61_processed_1,xmi1cs7u4as61,7,2,,,2,1,
xmi1cs7u4as61_processed_2,xmi1cs7u4as61,7,2,,,2,2,
xmi1cs7u4as61_processed_3,xmi1cs7u4as61,7,2,,,2,2,
xmi1cs7u4as61_processed_4,xmi1cs7u4as61,7,2,,,2,2,
xmi1cs7u4as61_processed_5,xmi1cs7u4as61,7,2,,,2,2,
xmi1cs7u4as61_processed_6,xmi1cs7u4as61,7,2,,,2,0,
xqr8wunnfyw61_processed_0,xqr8wunnfyw61,8,2,,,2,1,
xqr8wunnfyw61_processed_1,xqr8wunnfyw61,8,2,,,2,2,
xqr8wunnfyw61_processed_2,xqr8wunnfyw61,8,2,,,2,1,
xqr8wunnfyw61_processed_3,xqr8wunnfyw61,8,2,,,2,1,
xqr8wunnfyw61_processed_4,xqr8wunnfyw61,8,2,,,2,1,
xqr8wunnfyw61_processed_5,xqr8wunnfyw61,8,2,,,2,1,
xqr8wunnfyw61_processed_6,xqr8wunnfyw61,8,2,,,2,1,
xqr8wunnfyw61_processed_7,xqr8wunnfyw61,8,2,,,2,1,
xwh3fayo5dh51_processed_0,xwh3fayo5dh51,3,,,Unknown noise,,,
xwh3fayo5dh51_processed_1,xwh3fayo5dh51,3,,,Unknown noise,,,
xwh3fayo5dh51_processed_2,xwh3fayo5dh51,3,,,BGM,,,
xwkqidz2oq271_processed_0,xwkqidz2oq271,9,3,,,3,2,
xwkqidz2oq271_processed_1,xwkqidz2oq271,9,3,,,3,3,
xwkqidz2oq271_processed_2,xwkqidz2oq271,9,3,,,3,3,
xwkqidz2oq271_processed_3,xwkqidz2oq271,9,3,,,3,3,
xwkqidz2oq271_processed_4,xwkqidz2oq271,9,3,,,3,3,
xwkqidz2oq271_processed_5,xwkqidz2oq271,9,3,,,3,3,
xwkqidz2oq271_processed_6,xwkqidz2oq271,9,3,,,3,3,
xwkqidz2oq271_processed_7,xwkqidz2oq271,9,3,,,3,3,
xwkqidz2oq271_processed_8,xwkqidz2oq271,9,3,,,3,1,
y0fwib8g8u271_processed_0,y0fwib8g8u271,3,2,,,2,1,
y0fwib8g8u271_processed_1,y0fwib8g8u271,3,2,,,2,0,
y0fwib8g8u271_processed_2,y0fwib8g8u271,3,2,,,2,2,
y5mxgz3nc9x51_processed_0,y5mxgz3nc9x51,6,2,,,2,1,
y5mxgz3nc9x51_processed_1,y5mxgz3nc9x51,6,2,,,2,1,
y5mxgz3nc9x51_processed_2,y5mxgz3nc9x51,6,2,,,2,1,
y5mxgz3nc9x51_processed_3,y5mxgz3nc9x51,6,2,,,2,2,
y5mxgz3nc9x51_processed_4,y5mxgz3nc9x51,6,2,,,2,1,
y5mxgz3nc9x51_processed_5,y5mxgz3nc9x51,6,1,,,1,1,
y5s8ro8p1p771_processed_0,y5s8ro8p1p771,3,1,,,1,1,
y5s8ro8p1p771_processed_1,y5s8ro8p1p771,3,1,,,1,1,
y5s8ro8p1p771_processed_2,y5s8ro8p1p771,3,1,,,1,1,
y6ajy4qlqhw51_processed_0,y6ajy4qlqhw51,3,1,,,1,0,
y6ajy4qlqhw51_processed_1,y6ajy4qlqhw51,3,1,,,1,1,
y6ajy4qlqhw51_processed_2,y6ajy4qlqhw51,3,1,,,1,1,
y7azc7h5cm661_processed_0,y7azc7h5cm661,3,2,,,2,0,
y7azc7h5cm661_processed_1,y7azc7h5cm661,3,2,,,2,0,
y7azc7h5cm661_processed_2,y7azc7h5cm661,3,2,,,2,2,
y19rbgwhqsw51_processed_0,y19rbgwhqsw51,6,2,,,2,2,
y19rbgwhqsw51_processed_1,y19rbgwhqsw51,6,2,,,2,2,
y19rbgwhqsw51_processed_2,y19rbgwhqsw51,6,2,,,2,2,
y19rbgwhqsw51_processed_3,y19rbgwhqsw51,6,2,,,2,2,
y19rbgwhqsw51_processed_4,y19rbgwhqsw51,6,2,,,2,2,
y19rbgwhqsw51_processed_5,y19rbgwhqsw51,6,2,,,2,0,
yae1zw2d30p61_processed_0,yae1zw2d30p61,14,4,,,4,2,
yae1zw2d30p61_processed_1,yae1zw2d30p61,14,4,,,4,2,
yae1zw2d30p61_processed_2,yae1zw2d30p61,14,4,,,4,1,
yae1zw2d30p61_processed_3,yae1zw2d30p61,14,4,,,4,2,
yae1zw2d30p61_processed_4,yae1zw2d30p61,14,4,,,4,3,
yae1zw2d30p61_processed_5,yae1zw2d30p61,14,4,,,4,1,
yae1zw2d30p61_processed_6,yae1zw2d30p61,14,4,,,4,2,
yae1zw2d30p61_processed_7,yae1zw2d30p61,14,4,,,4,2,
yae1zw2d30p61_processed_8,yae1zw2d30p61,14,4,,,4,2,
yae1zw2d30p61_processed_9,yae1zw2d30p61,14,4,,,4,1,
yae1zw2d30p61_processed_10,yae1zw2d30p61,14,4,,,4,3,
yae1zw2d30p61_processed_11,yae1zw2d30p61,14,4,,,4,1,
yae1zw2d30p61_processed_12,yae1zw2d30p61,14,4,,,4,1,Unkown language
yae1zw2d30p61_processed_13,yae1zw2d30p61,14,4,,,4,3,Unkown language
yai6p13ua4e71_processed_0,yai6p13ua4e71,13,4,,,4,0,Unkown language
yai6p13ua4e71_processed_1,yai6p13ua4e71,13,4,,,4,3,Unkown language
yai6p13ua4e71_processed_2,yai6p13ua4e71,13,4,,,4,3,Unkown language
yai6p13ua4e71_processed_3,yai6p13ua4e71,13,4,,,4,1,
yai6p13ua4e71_processed_4,yai6p13ua4e71,13,4,,,4,3,
yai6p13ua4e71_processed_5,yai6p13ua4e71,13,4,,,4,2,
yai6p13ua4e71_processed_6,yai6p13ua4e71,13,4,,,4,1,
yai6p13ua4e71_processed_7,yai6p13ua4e71,13,4,,,4,3,
yai6p13ua4e71_processed_8,yai6p13ua4e71,13,4,,,4,1,
yai6p13ua4e71_processed_9,yai6p13ua4e71,13,4,,,4,3,
yai6p13ua4e71_processed_10,yai6p13ua4e71,13,4,,,4,2,
yai6p13ua4e71_processed_11,yai6p13ua4e71,13,4,,,4,1,
yai6p13ua4e71_processed_12,yai6p13ua4e71,13,4,,,4,2,
yf5ag2eqn8971_processed_0,yf5ag2eqn8971,8,3,,,3,2,
yf5ag2eqn8971_processed_1,yf5ag2eqn8971,8,3,,,3,1,
yf5ag2eqn8971_processed_2,yf5ag2eqn8971,8,3,,,3,2,
yf5ag2eqn8971_processed_3,yf5ag2eqn8971,8,3,,,3,1,
yf5ag2eqn8971_processed_4,yf5ag2eqn8971,8,3,,,3,3,
yf5ag2eqn8971_processed_5,yf5ag2eqn8971,8,3,,,3,2,
yf5ag2eqn8971_processed_6,yf5ag2eqn8971,8,3,,,3,2,
yf5ag2eqn8971_processed_7,yf5ag2eqn8971,8,3,,,3,1,
yfbp2fa6ixy51_processed_0,yfbp2fa6ixy51,6,2,,,2,2,Unidentififed noised
yfbp2fa6ixy51_processed_1,yfbp2fa6ixy51,6,2,,,2,2,Unidentififed noised
yfbp2fa6ixy51_processed_2,yfbp2fa6ixy51,6,2,,,2,2,Unidentififed noised
yfbp2fa6ixy51_processed_3,yfbp2fa6ixy51,6,2,,,2,2,Unidentififed noised
yfbp2fa6ixy51_processed_4,yfbp2fa6ixy51,6,2,,,2,2,
yfbp2fa6ixy51_processed_5,yfbp2fa6ixy51,6,2,,,2,1,
yisa8fql1vb71_processed_0,yisa8fql1vb71,5,2,,,2,1,
yisa8fql1vb71_processed_1,yisa8fql1vb71,5,2,,wind blowing,2,2,
yisa8fql1vb71_processed_2,yisa8fql1vb71,5,2,,,2,1,
yisa8fql1vb71_processed_3,yisa8fql1vb71,5,2,,,2,1,
yisa8fql1vb71_processed_4,yisa8fql1vb71,5,2,,,2,1,
yjjxd6b0sb171_processed_0,yjjxd6b0sb171,4,0,,TV,0,0,
yjjxd6b0sb171_processed_1,yjjxd6b0sb171,4,0,,TV,0,0,
yjjxd6b0sb171_processed_2,yjjxd6b0sb171,4,0,,TV,0,0,
yjjxd6b0sb171_processed_3,yjjxd6b0sb171,4,0,,TV,0,0,
yl7q81dqeg661_processed_0,yl7q81dqeg661,5,,,,,,
yl7q81dqeg661_processed_1,yl7q81dqeg661,5,2,,,2,2,
yl7q81dqeg661_processed_2,yl7q81dqeg661,5,2,,,2,2,
yl7q81dqeg661_processed_3,yl7q81dqeg661,5,2,,Men chocking,2,2,
yl7q81dqeg661_processed_4,yl7q81dqeg661,5,2,,,2,2,
ylwpd1g7frd71_processed_0,ylwpd1g7frd71,7,2,,,2,1,Unknown language
ylwpd1g7frd71_processed_1,ylwpd1g7frd71,7,2,,,2,2,
ylwpd1g7frd71_processed_2,ylwpd1g7frd71,7,2,,,2,2,
ylwpd1g7frd71_processed_3,ylwpd1g7frd71,7,2,,,2,2,
ylwpd1g7frd71_processed_4,ylwpd1g7frd71,7,2,,,2,1,
ylwpd1g7frd71_processed_5,ylwpd1g7frd71,7,2,,,2,1,
ylwpd1g7frd71_processed_6,ylwpd1g7frd71,7,2,,,2,0,
yn42mgkll4f61_processed_0,yn42mgkll4f61,2,2,,,2,2,
yn42mgkll4f61_processed_1,yn42mgkll4f61,2,2,,,2,0,
yp3dhp2irhs51_processed_0,yp3dhp2irhs51,4,0,,,0,0,
yp3dhp2irhs51_processed_1,yp3dhp2irhs51,4,0,,,0,0,
yp3dhp2irhs51_processed_2,yp3dhp2irhs51,4,0,,,0,0,
yp3dhp2irhs51_processed_3,yp3dhp2irhs51,4,0,,,0,0,
yty6r0eku3a61_processed_0,yty6r0eku3a61,1,1,,Crowd noise,1,1,
yuigh7kvfe971_processed_0,yuigh7kvfe971,2,3,,,3,3,
yuigh7kvfe971_processed_1,yuigh7kvfe971,2,3,,,3,1,
yvms72xlhfo61_processed_0,yvms72xlhfo61,2,1,,,1,1,
yvms72xlhfo61_processed_1,yvms72xlhfo61,2,1,,Men's laughing,1,1,
yw0dzxhzjur51_processed_0,yw0dzxhzjur51,5,1,,Unknow noise,1,0,
yw0dzxhzjur51_processed_1,yw0dzxhzjur51,5,1,,,1,0,
yw0dzxhzjur51_processed_2,yw0dzxhzjur51,5,1,,,1,0,
yw0dzxhzjur51_processed_3,yw0dzxhzjur51,5,1,,,1,1,
yw0dzxhzjur51_processed_4,yw0dzxhzjur51,5,1,,,1,0,
yxr5lam9kh061_processed_0,yxr5lam9kh061,6,2,,,2,0,
yxr5lam9kh061_processed_1,yxr5lam9kh061,6,2,,,2,2,
yxr5lam9kh061_processed_2,yxr5lam9kh061,6,2,,,2,0,
yxr5lam9kh061_processed_3,yxr5lam9kh061,6,2,,,2,0,
yxr5lam9kh061_processed_4,yxr5lam9kh061,6,2,,,2,0,
yxr5lam9kh061_processed_5,yxr5lam9kh061,6,2,,,2,0,
yxu9783dwqt51_processed_0,yxu9783dwqt51,3,2,,,2,1,
yxu9783dwqt51_processed_1,yxu9783dwqt51,3,2,,,2,2,
yxu9783dwqt51_processed_2,yxu9783dwqt51,3,2,,,2,2,
yyxc1p0bzqc71_processed_0,yyxc1p0bzqc71,6,1,,,1,1,
yyxc1p0bzqc71_processed_1,yyxc1p0bzqc71,6,1,,,1,1,
yyxc1p0bzqc71_processed_2,yyxc1p0bzqc71,6,1,,,1,1,
yyxc1p0bzqc71_processed_3,yyxc1p0bzqc71,6,1,,,1,1,
yyxc1p0bzqc71_processed_4,yyxc1p0bzqc71,6,1,,Crowd noise,1,0,
yyxc1p0bzqc71_processed_5,yyxc1p0bzqc71,6,1,,Crowd noise,1,0,
z3bw0u18sj171_processed_0,z3bw0u18sj171,4,2,,,2,1,
z3bw0u18sj171_processed_1,z3bw0u18sj171,4,2,,,2,2,
z3bw0u18sj171_processed_2,z3bw0u18sj171,4,2,,,2,2,
z3bw0u18sj171_processed_3,z3bw0u18sj171,4,2,,,2,1,
z3xxtya6zf871_processed_0,z3xxtya6zf871,4,1,,Kid screaming,1,0,
z3xxtya6zf871_processed_1,z3xxtya6zf871,4,1,,Kid screaming,1,0,
z3xxtya6zf871_processed_2,z3xxtya6zf871,4,1,,Kid screaming,1,1,
z3xxtya6zf871_processed_3,z3xxtya6zf871,4,1,,Kid screaming,1,0,
z9gczmcnme061_processed_0,z9gczmcnme061,2,1,,,1,1,
z9gczmcnme061_processed_1,z9gczmcnme061,2,1,,,1,1,
z69o5mu53cj51_processed_0,z69o5mu53cj51,2,0,,,0,0,
z69o5mu53cj51_processed_1,z69o5mu53cj51,2,0,,Kid screaming,0,0,
za36vdefiin51_processed_0,za36vdefiin51,11,1,,,1,1,
za36vdefiin51_processed_1,za36vdefiin51,11,1,,,1,1,
za36vdefiin51_processed_2,za36vdefiin51,11,1,,,1,1,
za36vdefiin51_processed_3,za36vdefiin51,11,1,,,1,1,
za36vdefiin51_processed_4,za36vdefiin51,11,1,,,1,1,
za36vdefiin51_processed_5,za36vdefiin51,11,1,,,1,1,
za36vdefiin51_processed_6,za36vdefiin51,11,1,,,1,1,
za36vdefiin51_processed_7,za36vdefiin51,11,1,,,1,1,Unknown language
za36vdefiin51_processed_8,za36vdefiin51,11,1,,,1,1,Unknown language
za36vdefiin51_processed_9,za36vdefiin51,11,1,,,1,1,Unknown language
za36vdefiin51_processed_10,za36vdefiin51,11,1,,,1,1,Unknown language
zdqfwblohmj61_processed_0,zdqfwblohmj61,20,2,,Siren,2,2,Unknown language
zdqfwblohmj61_processed_1,zdqfwblohmj61,20,2,,Siren,2,2,
zdqfwblohmj61_processed_2,zdqfwblohmj61,20,2,,Siren,2,2,
zdqfwblohmj61_processed_3,zdqfwblohmj61,20,2,,Siren,2,2,
zdqfwblohmj61_processed_4,zdqfwblohmj61,20,2,,Siren,2,2,nothing
zdqfwblohmj61_processed_5,zdqfwblohmj61,20,2,,Siren,2,2,nothing
zdqfwblohmj61_processed_6,zdqfwblohmj61,20,2,,Siren,2,1,
zdqfwblohmj61_processed_7,zdqfwblohmj61,20,2,,Siren,2,2,
zdqfwblohmj61_processed_8,zdqfwblohmj61,20,2,,Siren,2,1,
zdqfwblohmj61_processed_9,zdqfwblohmj61,20,2,,Siren,2,2,
zdqfwblohmj61_processed_10,zdqfwblohmj61,20,2,,Siren,2,2,
zdqfwblohmj61_processed_11,zdqfwblohmj61,20,2,,Siren,2,2,
zdqfwblohmj61_processed_12,zdqfwblohmj61,20,2,,Siren,2,2,
zdqfwblohmj61_processed_13,zdqfwblohmj61,20,2,,Siren,2,2,
zdqfwblohmj61_processed_14,zdqfwblohmj61,20,2,,Siren,2,2,
zdqfwblohmj61_processed_15,zdqfwblohmj61,20,2,,Siren,2,1,
zdqfwblohmj61_processed_16,zdqfwblohmj61,20,2,,Siren,2,2,
zdqfwblohmj61_processed_17,zdqfwblohmj61,20,2,,Siren,2,2,
zdqfwblohmj61_processed_18,zdqfwblohmj61,20,2,,Siren,2,2,
zdqfwblohmj61_processed_19,zdqfwblohmj61,20,2,,Siren,2,1,
zed3fo3ze3m61_processed_0,zed3fo3ze3m61,2,2,,,2,1,
zed3fo3ze3m61_processed_1,zed3fo3ze3m61,2,2,,,2,2,
zfuzj7az4pd61_processed_0,zfuzj7az4pd61,3,2,,,2,1,
zfuzj7az4pd61_processed_1,zfuzj7az4pd61,3,2,,,2,2,
zfuzj7az4pd61_processed_2,zfuzj7az4pd61,3,2,,,2,1,
zh4hepxk20t61_processed_0,zh4hepxk20t61,5,,,,,,
zh4hepxk20t61_processed_1,zh4hepxk20t61,5,,,,,,
zh4hepxk20t61_processed_2,zh4hepxk20t61,5,,,,,,
zh4hepxk20t61_processed_3,zh4hepxk20t61,5,,,,,,
zh4hepxk20t61_processed_4,zh4hepxk20t61,5,,,,,,
zk1oolgyq7671_processed_0,zk1oolgyq7671,3,1,,,1,1,
zk1oolgyq7671_processed_1,zk1oolgyq7671,3,1,,,1,1,
zk1oolgyq7671_processed_2,zk1oolgyq7671,3,1,,,1,0,
zknnugm8eb071_processed_0,zknnugm8eb071,2,0,,,0,0,
zknnugm8eb071_processed_1,zknnugm8eb071,2,0,,,0,0,
zku0t03jjl761_processed_0,zku0t03jjl761,19,1,,,1,1,
zku0t03jjl761_processed_1,zku0t03jjl761,19,1,,,1,1,
zku0t03jjl761_processed_2,zku0t03jjl761,19,1,,,1,1,
zku0t03jjl761_processed_3,zku0t03jjl761,19,1,,,1,1,
zku0t03jjl761_processed_4,zku0t03jjl761,19,1,,,1,1,
zku0t03jjl761_processed_5,zku0t03jjl761,19,1,,,1,1,
zku0t03jjl761_processed_6,zku0t03jjl761,19,1,,,1,1,
zku0t03jjl761_processed_7,zku0t03jjl761,19,1,,,1,1,
zku0t03jjl761_processed_8,zku0t03jjl761,19,1,,,1,1,
zku0t03jjl761_processed_9,zku0t03jjl761,19,1,,,1,1,
zku0t03jjl761_processed_10,zku0t03jjl761,19,1,,,1,1,
zku0t03jjl761_processed_11,zku0t03jjl761,19,1,,,1,1,
zku0t03jjl761_processed_12,zku0t03jjl761,19,1,,,1,1,
zku0t03jjl761_processed_13,zku0t03jjl761,19,1,,,1,1,
zku0t03jjl761_processed_14,zku0t03jjl761,19,1,,,1,1,
zku0t03jjl761_processed_15,zku0t03jjl761,19,1,,,1,1,
zku0t03jjl761_processed_16,zku0t03jjl761,19,1,,,1,1,
zku0t03jjl761_processed_17,zku0t03jjl761,19,1,,,1,1,
zku0t03jjl761_processed_18,zku0t03jjl761,19,1,,,1,1,
zl1fow9ffo171_processed_0,zl1fow9ffo171,17,2,,,2,2,
zl1fow9ffo171_processed_1,zl1fow9ffo171,17,2,,,2,2,
zl1fow9ffo171_processed_2,zl1fow9ffo171,17,2,,,2,1,
zl1fow9ffo171_processed_3,zl1fow9ffo171,17,2,,,2,2,
zl1fow9ffo171_processed_4,zl1fow9ffo171,17,2,,,2,1,
zl1fow9ffo171_processed_5,zl1fow9ffo171,17,2,,,2,1,
zl1fow9ffo171_processed_6,zl1fow9ffo171,17,2,,,2,1,
zl1fow9ffo171_processed_7,zl1fow9ffo171,17,2,,,2,1,
zl1fow9ffo171_processed_8,zl1fow9ffo171,17,2,,,2,2,
zl1fow9ffo171_processed_9,zl1fow9ffo171,17,2,,,2,1,
zl1fow9ffo171_processed_10,zl1fow9ffo171,17,2,,,2,1,
zl1fow9ffo171_processed_11,zl1fow9ffo171,17,2,,,2,1,
zl1fow9ffo171_processed_12,zl1fow9ffo171,17,2,,,2,1,
zl1fow9ffo171_processed_13,zl1fow9ffo171,17,2,,,2,1,
zl1fow9ffo171_processed_14,zl1fow9ffo171,17,2,,,2,1,
zl1fow9ffo171_processed_15,zl1fow9ffo171,17,2,,,2,1,
zl1fow9ffo171_processed_16,zl1fow9ffo171,17,2,,,2,1,
,,,,,,,,
,,,,,,,,
,,,,,,,,
,,,,,,,,
,,,,,,,,
,,,,,,,,
,,,,,,,,
,,,,,,,,
,,,,,,,,
,,,,,,,,
,,,,,,,,
,,,,,,,,
,,,,,,,,
,,,,,,,,
,,,,,,,,
,,,,,,,,
,,,,,,,,
,,,,,,,,
,,,,,,,,
,,,,,,,,
,,,,,,,,
,,,,,,,,
,,,,,,,,
,,,,,,,,
,,,,,,,,
,,,,,,,,
,,,,,,,,
,,,,,,,,
,,,,,,,,
,,,,,,,,
,,,,,,,,
,,,,,,,,
,,,,,,,,
,,,,,,,,
,,,,,,,,
,,,,,,,,
,,,,,,,,
,,,,,,,,
,,,,,,,,
,,,,,,,,
,,,,,,,,
,,,,,,,,
,,,,,,,,
,,,,,,,,
,,,,,,,,
,,,,,,,,
,,,,,,,,
,,,,,,,,
,,,,,,,,
,,,,,,,,
,,,,,,,,
,,,,,,,,
,,,,,,,,
,,,,,,,,
,,,,,,,,
,,,,,,,,
,,,,,,,,
,,,,,,,,
,,,,,,,,
,,,,,,,,
,,,,,,,,
,,,,,,,,
,,,,,,,,
,,,,,,,,
,,,,,,,,
,,,,,,,,
,,,,,,,,
,,,,,,,,
,,,,,,,,
,,,,,,,,
,,,,,,,,
,,,,,,,,
,,,,,,,,
,,,,,,,,
,,,,,,,,
,,,,,,,,
,,,,,,,,
,,,,,,,,
,,,,,,,,
,,,,,,,,
,,,,,,,,
,,,,,,,,
,,,,,,,,
,,,,,,,,
,,,,,,,,
,,,,,,,,
,,,,,,,,
,,,,,,,,
,,,,,,,,
,,,,,,,,
,,,,,,,,
,,,,,,,,
,,,,,,,,
,,,,,,,,
,,,,,,,,
,,,,,,,,
,,,,,,,,
,,,,,,,,
,,,,,,,,
,,,,,,,,
,,,,,,,,
,,,,,,,,
,,,,,,,,
,,,,,,,,
,,,,,,,,
,,,,,,,,
,,,,,,,,
,,,,,,,,
,,,,,,,,
,,,,,,,,
,,,,,,,,
,,,,,,,,
,,,,,,,,
,,,,,,,,
,,,,,,,,
,,,,,,,,
,,,,,,,,
,,,,,,,,
,,,,,,,,
,,,,,,,,
,,,,,,,,
,,,,,,,,
,,,,,,,,
,,,,,,,,
,,,,,,,,
,,,,,,,,
,,,,,,,,
,,,,,,,,
,,,,,,,,
,,,,,,,,
,,,,,,,,
,,,,,,,,
,,,,,,,,
,,,,,,,,
,,,,,,,,
,,,,,,,,
,,,,,,,,
,,,,,,,,
,,,,,,,,
,,,,,,,,
,,,,,,,,
,,,,,,,,
,,,,,,,,
,,,,,,,,
,,,,,,,,
,,,,,,,,
,,,,,,,,
,,,,,,,,
,,,,,,,,
,,,,,,,,
,,,,,,,,
,,,,,,,,
,,,,,,,,
,,,,,,,,
,,,,,,,,
,,,,,,,,
,,,,,,,,
,,,,,,,,
,,,,,,,,
,,,,,,,,
,,,,,,,,
,,,,,,,,
,,,,,,,,
,,,,,,,,
,,,,,,,,
,,,,,,,,
,,,,,,,,
,,,,,,,,
,,,,,,,,
,,,,,,,,
,,,,,,,,
,,,,,,,,
,,,,,,,,
,,,,,,,,
,,,,,,,,
,,,,,,,,
,,,,,,,,
,,,,,,,,
,,,,,,,,
,,,,,,,,
,,,,,,,,
,,,,,,,,
,,,,,,,,
,,,,,,,,
,,,,,,,,
,,,,,,,,
,,,,,,,,
,,,,,,,,
,,,,,,,,
,,,,,,,,
,,,,,,,,
,,,,,,,,
,,,,,,,,
,,,,,,,,
,,,,,,,,
,,,,,,,,
,,,,,,,,
,,,,,,,,
,,,,,,,,
,,,,,,,,
,,,,,,,,
,,,,,,,,
,,,,,,,,
,,,,,,,,
,,,,,,,,
,,,,,,,,
,,,,,,,,
,,,,,,,,
,,,,,,,,
,,,,,,,,
,,,,,,,,
,,,,,,,,
,,,,,,,,
,,,,,,,,
,,,,,,,,
,,,,,,,,
,,,,,,,,
,,,,,,,,
,,,,,,,,
,,,,,,,,
,,,,,,,,
,,,,,,,,
,,,,,,,,
,,,,,,,,
,,,,,,,,
,,,,,,,,
,,,,,,,,
,,,,,,,,
,,,,,,,,
,,,,,,,,
,,,,,,,,
,,,,,,,,
,,,,,,,,
,,,,,,,,
,,,,,,,,
,,,,,,,,
,,,,,,,,
,,,,,,,,
,,,,,,,,
,,,,,,,,
,,,,,,,,
,,,,,,,,
,,,,,,,,
,,,,,,,,
,,,,,,,,
,,,,,,,,
,,,,,,,,
,,,,,,,,
,,,,,,,,
,,,,,,,,
,,,,,,,,
,,,,,,,,
,,,,,,,,
,,,,,,,,
,,,,,,,,
,,,,,,,,
,,,,,,,,
,,,,,,,,
,,,,,,,,
,,,,,,,,
,,,,,,,,
,,,,,,,,
,,,,,,,,
,,,,,,,,
,,,,,,,,
,,,,,,,,
,,,,,,,,
,,,,,,,,
,,,,,,,,
,,,,,,,,
,,,,,,,,
,,,,,,,,
,,,,,,,,
,,,,,,,,
,,,,,,,,
,,,,,,,,
,,,,,,,,
,,,,,,,,
,,,,,,,,
,,,,,,,,
,,,,,,,,
,,,,,,,,
,,,,,,,,
,,,,,,,,
,,,,,,,,
,,,,,,,,
,,,,,,,,
,,,,,,,,
,,,,,,,,
,,,,,,,,
,,,,,,,,
,,,,,,,,
,,,,,,,,
,,,,,,,,
,,,,,,,,
,,,,,,,,
,,,,,,,,
,,,,,,,,
,,,,,,,,
,,,,,,,,
,,,,,,,,
,,,,,,,,
,,,,,,,,
,,,,,,,,
,,,,,,,,
,,,,,,,,
,,,,,,,,
,,,,,,,,
,,,,,,,,
,,,,,,,,
,,,,,,,,
,,,,,,,,
,,,,,,,,
,,,,,,,,
,,,,,,,,
,,,,,,,,
,,,,,,,,
,,,,,,,,
,,,,,,,,
,,,,,,,,
,,,,,,,,
,,,,,,,,
,,,,,,,,
,,,,,,,,
,,,,,,,,
,,,,,,,,
,,,,,,,,
,,,,,,,,
,,,,,,,,
,,,,,,,,
,,,,,,,,
,,,,,,,,
,,,,,,,,
,,,,,,,,
,,,,,,,,
,,,,,,,,
,,,,,,,,
,,,,,,,,
,,,,,,,,
,,,,,,,,
,,,,,,,,
,,,,,,,,
,,,,,,,,
,,,,,,,,
,,,,,,,,
,,,,,,,,
,,,,,,,,
,,,,,,,,
,,,,,,,,
