parent_file,file_name,number_of_segments,number_of_voices_parent,segment_label,parent_label,noisy,extra sounds,Notes
lpg39tdh1bv51,lpg39tdh1bv51_processed_0,,,0,0,1,NULL,NULL
lpg39tdh1bv51,lpg39tdh1bv51_processed_1,,,0,0,1,NULL,NULL
lpg39tdh1bv51,lpg39tdh1bv51_processed_2,,,0,0,1,NULL,NULL
ltdu6anws3m61,ltdu6anws3m61_processed_0,,,1,1,0,NULL,NULL
ltdu6anws3m61,ltdu6anws3m61_processed_1,,,1,1,0,NULL,NULL
ltdu6anws3m61,ltdu6anws3m61_processed_2,,,1,1,0,NULL,NULL
ltdu6anws3m61,ltdu6anws3m61_processed_3,,,1,1,0,NULL,NULL
lucypf71qsq61,lucypf71qsq61_processed_0,,,1,1,0,NULL,NULL
lucypf71qsq61,lucypf71qsq61_processed_1,,,0,1,0,NULL,NULL
lw7oinwrkce61,lw7oinwrkce61_processed_0,,,0,0,0,NULL,NULL
lw7oinwrkce61,lw7oinwrkce61_processed_1,,,0,0,0,NULL,NULL
lw7oinwrkce61,lw7oinwrkce61_processed_2,,,0,0,0,NULL,NULL
lw7oinwrkce61,lw7oinwrkce61_processed_3,,,0,0,0,NULL,NULL
lw7oinwrkce61,lw7oinwrkce61_processed_4,,,0,0,0,NULL,NULL
lw7oinwrkce61,lw7oinwrkce61_processed_5,,,0,0,0,NULL,NULL
lw7oinwrkce61,lw7oinwrkce61_processed_6,,,0,0,0,NULL,NULL
lx077nt8fw061,lx077nt8fw061_processed_0,,,0,0,0,NULL,NULL
lx077nt8fw061,lx077nt8fw061_processed_1,,,0,0,0,NULL,NULL
lx077nt8fw061,lx077nt8fw061_processed_2,,,0,0,0,NULL,NULL
lx077nt8fw061,lx077nt8fw061_processed_3,,,0,0,0,NULL,NULL
lx077nt8fw061,lx077nt8fw061_processed_4,,,0,0,0,NULL,NULL
lx077nt8fw061,lx077nt8fw061_processed_5,,,0,0,0,NULL,NULL
ly8o58ksw8361,ly8o58ksw8361_processed_0,,,1,1,0,NULL,NULL
ly8o58ksw8361,ly8o58ksw8361_processed_1,,,1,1,0,NULL,NULL
ly8o58ksw8361,ly8o58ksw8361_processed_2,,,1,1,0,NULL,NULL
ly8o58ksw8361,ly8o58ksw8361_processed_3,,,1,1,0,NULL,NULL
ly8o58ksw8361,ly8o58ksw8361_processed_4,,,1,1,0,NULL,NULL
ly8o58ksw8361,ly8o58ksw8361_processed_5,,,0,1,0,NULL,NULL
ly8o58ksw8361,ly8o58ksw8361_processed_6,,,0,1,0,NULL,NULL
ly8o58ksw8361,ly8o58ksw8361_processed_7,,,0,1,0,NULL,NULL
ly8o58ksw8361,ly8o58ksw8361_processed_8,,,0,1,0,NULL,NULL
ly8o58ksw8361,ly8o58ksw8361_processed_9,,,0,1,0,NULL,NULL
ly8o58ksw8361,ly8o58ksw8361_processed_10,,,0,1,0,NULL,NULL
ly8o58ksw8361,ly8o58ksw8361_processed_11,,,0,1,0,NULL,NULL
ly8o58ksw8361,ly8o58ksw8361_processed_12,,,0,1,0,NULL,NULL
ly8o58ksw8361,ly8o58ksw8361_processed_13,,,0,1,0,NULL,NULL
m0c72n06yqw51,m0c72n06yqw51_processed_0,,,0,3,0,NULL,NULL
m0c72n06yqw51,m0c72n06yqw51_processed_1,,,0,3,0,NULL,NULL
m0c72n06yqw51,m0c72n06yqw51_processed_2,,,0,3,0,NULL,NULL
m0c72n06yqw51,m0c72n06yqw51_processed_3,,,0,3,0,NULL,NULL
m0c72n06yqw51,m0c72n06yqw51_processed_4,,,1,3,0,NULL,NULL
m0c72n06yqw51,m0c72n06yqw51_processed_5,,,1,3,0,NULL,NULL
m0c72n06yqw51,m0c72n06yqw51_processed_6,,,1,3,0,NULL,NULL
m0c72n06yqw51,m0c72n06yqw51_processed_7,,,2,3,1,NULL,NULL
m0c72n06yqw51,m0c72n06yqw51_processed_8,,,2,3,1,NULL,NULL
m0c72n06yqw51,m0c72n06yqw51_processed_9,,,2,3,1,NULL,NULL
m0c72n06yqw51,m0c72n06yqw51_processed_10,,,3,3,1,NULL,NULL
m0c72n06yqw51,m0c72n06yqw51_processed_11,,,3,3,1,NULL,NULL
m0c72n06yqw51,m0c72n06yqw51_processed_12,,,3,3,1,NULL,NULL
m0c72n06yqw51,m0c72n06yqw51_processed_13,,,3,3,1,NULL,NULL
m0tp9640o6561,m0tp9640o6561_processed_0,,,3,3,1,NULL,NULL
m0tp9640o6561,m0tp9640o6561_processed_1,,,3,3,1,NULL,NULL
m1vc0299apb71,m1vc0299apb71_processed_0,,,2,2,0,NULL,NULL
m1vc0299apb71,m1vc0299apb71_processed_1,,,2,2,0,NULL,NULL
m1vc0299apb71,m1vc0299apb71_processed_2,,,2,2,0,NULL,NULL
m1vc0299apb71,m1vc0299apb71_processed_3,,,2,2,0,NULL,NULL
m4xpc2rkprn61,m4xpc2rkprn61_processed_0,,,0,0,0,NULL,NULL
m4xpc2rkprn62,m4xpc2rkprn61_processed_1,,,0,0,0,NULL,NULL
m4xpc2rkprn63,m4xpc2rkprn61_processed_2,,,0,0,0,NULL,NULL
m4xpc2rkprn64,m4xpc2rkprn61_processed_3,,,0,0,0,NULL,NULL
m8webkagg7m61,m8webkagg7m61_processed_0,,,0,0,1,NULL,NULL
m8webkagg7m61,m8webkagg7m61_processed_1,,,0,0,1,NULL,NULL
mcv7ibv3vw461,mcv7ibv3vw461_processed_0,,,3,3,0,NULL,NULL
mcv7ibv3vw462,mcv7ibv3vw461_processed_1,,,3,3,0,NULL,NULL
mcv7ibv3vw463,mcv7ibv3vw461_processed_2,,,3,3,0,NULL,NULL
mcv7ibv3vw464,mcv7ibv3vw461_processed_3,,,3,3,0,NULL,NULL
mcytmm3n9fn51,mcytmm3n9fn51_processed_0,,,2,2,1,NULL,NULL
mcytmm3n9fn52,mcytmm3n9fn51_processed_1,,,2,2,1,NULL,NULL
mcytmm3n9fn53,mcytmm3n9fn51_processed_2,,,2,2,1,NULL,NULL
mec1zmiwqbp51,mec1zmiwqbp51_processed_0,,,0,0,1,NULL,NULL
mec1zmiwqbp51,mec1zmiwqbp51_processed_1,,,0,0,1,NULL,NULL
mec1zmiwqbp51,mec1zmiwqbp51_processed_2,,,0,0,1,NULL,NULL
mec1zmiwqbp51,mec1zmiwqbp51_processed_3,,,0,0,1,NULL,NULL
mec1zmiwqbp51,mec1zmiwqbp51_processed_4,,,0,0,1,NULL,NULL
mec1zmiwqbp51,mec1zmiwqbp51_processed_5,,,0,0,1,NULL,NULL
mec1zmiwqbp51,mec1zmiwqbp51_processed_6,,,0,0,1,NULL,NULL
mec1zmiwqbp51,mec1zmiwqbp51_processed_7,,,0,0,1,NULL,NULL
meztou6z1n571,meztou6z1n571_processed_0,,,1,2,0,NULL,NULL
meztou6z1n571,meztou6z1n571_processed_1,,,1,2,0,NULL,NULL
meztou6z1n571,meztou6z1n571_processed_2,,,1,2,0,NULL,NULL
meztou6z1n571,meztou6z1n571_processed_3,,,1,2,0,NULL,NULL
meztou6z1n571,meztou6z1n571_processed_4,,,2,2,0,NULL,NULL
meztou6z1n571,meztou6z1n571_processed_5,,,2,2,0,NULL,NULL
meztou6z1n571,meztou6z1n571_processed_6,,,2,2,0,NULL,NULL
meztou6z1n571,meztou6z1n571_processed_7,,,2,2,0,NULL,NULL
meztou6z1n571,meztou6z1n571_processed_8,,,2,2,0,NULL,NULL
meztou6z1n571,meztou6z1n571_processed_9,,,0,2,0,NULL,NULL
mj5978ktwup61,mj5978ktwup61_processed_0,,,0,0,1,NULL,NULL
mj5978ktwup61,mj5978ktwup61_processed_1,,,0,0,1,NULL,NULL
mj5978ktwup61,mj5978ktwup61_processed_2,,,0,0,1,NULL,NULL
mj5978ktwup61,mj5978ktwup61_processed_3,,,0,0,1,NULL,NULL
mj5978ktwup61,mj5978ktwup61_processed_4,,,0,0,1,NULL,NULL
mj5978ktwup61,mj5978ktwup61_processed_5,,,0,0,1,NULL,NULL
mj5978ktwup61,mj5978ktwup61_processed_6,,,0,0,1,NULL,NULL
mj5978ktwup61,mj5978ktwup61_processed_7,,,0,0,1,NULL,NULL
mj5978ktwup61,mj5978ktwup61_processed_8,,,0,0,1,NULL,NULL
mj5978ktwup61,mj5978ktwup61_processed_9,,,0,0,1,NULL,NULL
mj5978ktwup61,mj5978ktwup61_processed_10,,,0,0,1,NULL,NULL
mj5978ktwup61,mj5978ktwup61_processed_11,,,0,0,1,NULL,NULL
mj5978ktwup61,mj5978ktwup61_processed_12,,,0,0,1,NULL,NULL
mj5978ktwup61,mj5978ktwup61_processed_13,,,0,0,1,NULL,NULL
mj5978ktwup61,mj5978ktwup61_processed_14,,,0,0,1,NULL,NULL
mj5978ktwup61,mj5978ktwup61_processed_15,,,0,0,1,NULL,NULL
mj5978ktwup61,mj5978ktwup61_processed_16,,,0,0,1,NULL,NULL
mj5978ktwup61,mj5978ktwup61_processed_17,,,0,0,1,NULL,NULL
mj5978ktwup61,mj5978ktwup61_processed_18,,,0,0,1,NULL,NULL
mj5978ktwup61,mj5978ktwup61_processed_19,,,0,0,1,NULL,NULL
mj5978ktwup61,mj5978ktwup61_processed_20,,,0,0,1,NULL,NULL
mj5978ktwup61,mj5978ktwup61_processed_21,,,0,0,1,NULL,NULL
mj5978ktwup61,mj5978ktwup61_processed_22,,,0,0,1,NULL,NULL
mj5978ktwup61,mj5978ktwup61_processed_23,,,0,0,1,NULL,NULL
mjb2xa7mr9261,mjb2xa7mr9261_processed_0,,,2,2,0,NULL,NULL
mkbk8qpfj2y51,mkbk8qpfj2y51_processed_0,,,0,0,1,NULL,NULL
mkbk8qpfj2y51,mkbk8qpfj2y51_processed_1,,,0,0,1,NULL,NULL
mkbk8qpfj2y51,mkbk8qpfj2y51_processed_2,,,0,0,1,NULL,NULL
mkbk8qpfj2y51,mkbk8qpfj2y51_processed_3,,,0,0,1,NULL,NULL
mkqaqv2byus51,mkqaqv2byus51_processed_0,,,0,0,0,NULL,NULL
mkqaqv2byus51,mkqaqv2byus51_processed_1,,,0,0,0,NULL,NULL
mkqaqv2byus51,mkqaqv2byus51_processed_2,,,0,0,0,NULL,NULL
mldhqpjwf2q51,mldhqpjwf2q51_processed_0,,,0,3,0,NULL,NULL
mldhqpjwf2q51,mldhqpjwf2q51_processed_1,,,3,3,0,NULL,NULL
mldhqpjwf2q51,mldhqpjwf2q51_processed_2,,,3,3,0,NULL,NULL
mldhqpjwf2q51,mldhqpjwf2q51_processed_3,,,3,3,0,NULL,NULL
mldhqpjwf2q51,mldhqpjwf2q51_processed_4,,,3,3,0,NULL,NULL
mldhqpjwf2q51,mldhqpjwf2q51_processed_5,,,3,3,0,NULL,NULL
mmdsp3lm12q61,mmdsp3lm12q61_processed_0,,,0,0,0,NULL,NULL
mmdsp3lm12q61,mmdsp3lm12q61_processed_1,,,0,0,0,NULL,NULL
mmdsp3lm12q61,mmdsp3lm12q61_processed_2,,,0,0,0,NULL,NULL
mmdsp3lm12q61,mmdsp3lm12q61_processed_3,,,0,0,0,NULL,NULL
mnsrlkt6ns961,mnsrlkt6ns961_processed_0,,,2,2,0,NULL,NULL
mnsrlkt6ns961,mnsrlkt6ns961_processed_1,,,2,2,0,NULL,NULL
mnsrlkt6ns961,mnsrlkt6ns961_processed_2,,,2,2,0,NULL,NULL
mnsrlkt6ns961,mnsrlkt6ns961_processed_3,,,2,2,0,NULL,NULL
mnsrlkt6ns961,mnsrlkt6ns961_processed_4,,,2,2,0,NULL,NULL
mnzuaeug89y61,mnzuaeug89y61_processed_0,,,3,3,0,NULL,NULL
mnzuaeug89y61,mnzuaeug89y61_processed_1,,,3,3,0,NULL,NULL
mpg48m5spaq51,mpg48m5spaq51_processed_0,,,1,1,0,NULL,NULL
mpg48m5spaq51,mpg48m5spaq51_processed_1,,,1,1,0,NULL,NULL
mpg48m5spaq51,mpg48m5spaq51_processed_2,,,1,1,0,NULL,NULL
mpg48m5spaq51,mpg48m5spaq51_processed_3,,,1,1,0,NULL,NULL
mpg48m5spaq51,mpg48m5spaq51_processed_4,,,1,1,0,NULL,NULL
mpg48m5spaq51,mpg48m5spaq51_processed_5,,,1,1,0,NULL,NULL
mpg48m5spaq51,mpg48m5spaq51_processed_6,,,1,1,0,NULL,NULL
mpg48m5spaq51,mpg48m5spaq51_processed_7,,,1,1,0,NULL,NULL
mpg48m5spaq51,mpg48m5spaq51_processed_8,,,1,1,0,NULL,NULL
mpg48m5spaq51,mpg48m5spaq51_processed_9,,,1,1,0,NULL,NULL
mpg48m5spaq51,mpg48m5spaq51_processed_10,,,1,1,0,NULL,NULL
mpg48m5spaq51,mpg48m5spaq51_processed_11,,,1,1,0,NULL,NULL
mpg48m5spaq51,mpg48m5spaq51_processed_12,,,1,1,0,NULL,NULL
mpg48m5spaq51,mpg48m5spaq51_processed_13,,,1,1,0,NULL,NULL
mpg48m5spaq51,mpg48m5spaq51_processed_14,,,1,1,0,NULL,NULL
mpg48m5spaq51,mpg48m5spaq51_processed_15,,,1,1,0,NULL,NULL
mpg48m5spaq51,mpg48m5spaq51_processed_16,,,1,1,0,NULL,NULL
mpg48m5spaq51,mpg48m5spaq51_processed_17,,,1,1,0,NULL,NULL
mpg48m5spaq51,mpg48m5spaq51_processed_18,,,1,1,0,NULL,NULL
mrkrwoz7qs971,mrkrwoz7qs971_processed_0,,,0,0,0,NULL,NULL
mrkrwoz7qs971,mrkrwoz7qs971_processed_1,,,0,0,0,NULL,NULL
mrkrwoz7qs971,mrkrwoz7qs971_processed_2,,,0,0,0,NULL,NULL
mrkrwoz7qs971,mrkrwoz7qs971_processed_3,,,0,0,0,NULL,NULL
mrkrwoz7qs971,mrkrwoz7qs971_processed_4,,,0,0,0,NULL,NULL
mrkrwoz7qs971,mrkrwoz7qs971_processed_5,,,0,0,0,NULL,NULL
mta9j16sw7971,mta9j16sw7971_processed_0,,,1,2,0,NULL,NULL
mta9j16sw7971,mta9j16sw7971_processed_1,,,2,2,0,NULL,NULL
mta9j16sw7971,mta9j16sw7971_processed_2,,,2,2,0,NULL,NULL
mta9j16sw7971,mta9j16sw7971_processed_3,,,2,2,0,NULL,NULL
mta9j16sw7971,mta9j16sw7971_processed_4,,,2,2,0,NULL,NULL
mvkwg07padw61,mvkwg07padw61_processed_0,,,0,0,1,NULL,NULL
mvkwg07padw61,mvkwg07padw61_processed_1,,,0,0,1,NULL,NULL
mvkwg07padw61,mvkwg07padw61_processed_2,,,0,0,1,NULL,NULL
mvkwg07padw61,mvkwg07padw61_processed_3,,,0,0,1,NULL,NULL
mvkwg07padw61,mvkwg07padw61_processed_4,,,0,0,1,NULL,NULL
mvkwg07padw61,mvkwg07padw61_processed_5,,,0,0,1,NULL,NULL
my29g93sck271,my29g93sck271_processed_0,,,0,0,0,NULL,NULL
my29g93sck271,my29g93sck271_processed_1,,,0,0,0,NULL,NULL
my29g93sck271,my29g93sck271_processed_2,,,0,0,0,NULL,NULL
my29g93sck271,my29g93sck271_processed_3,,,0,0,0,NULL,NULL
my29g93sck271,my29g93sck271_processed_4,,,0,0,0,NULL,NULL
my29g93sck271,my29g93sck271_processed_5,,,0,0,0,NULL,NULL
mym3ighjzsa71,mym3ighjzsa71_processed_0,,,2,2,0,NULL,NULL
mym3ighjzsa71,mym3ighjzsa71_processed_1,,,2,NULL,0,NULL,NULL
mz9ghl1azoh61,mz9ghl1azoh61_processed_0,,,0,0,0,NULL,NULL
mz9ghl1azoh61,mz9ghl1azoh61_processed_1,,,0,0,0,NULL,NULL
n0ekog764gj61,n0ekog764gj61_processed_0,,,3,3,1,NULL,NULL
n0ekog764gj61,n0ekog764gj61_processed_1,,,3,3,1,NULL,NULL
n0ekog764gj61,n0ekog764gj61_processed_2,,,3,3,1,NULL,NULL
n1sb7uktynz51,n1sb7uktynz51_processed_0,,,0,0,0,NULL,NULL
n1sb7uktynz51,n1sb7uktynz51_processed_1,,,0,0,0,NULL,NULL
n4bdsdbtdo661,n4bdsdbtdo661_processed_0,,,2,2,0,NULL,NULL
n4bdsdbtdo661,n4bdsdbtdo661_processed_1,,,2,2,0,NULL,NULL
n4bdsdbtdo661,n4bdsdbtdo661_processed_2,,,2,2,0,NULL,NULL
n4bdsdbtdo661,n4bdsdbtdo661_processed_3,,,2,2,0,NULL,NULL
n4bdsdbtdo661,n4bdsdbtdo661_processed_4,,,2,2,0,NULL,NULL
n4fckc6j9vk61,n4fckc6j9vk61_processed_0,,,1,2,0,NULL,NULL
n4fckc6j9vk61,n4fckc6j9vk61_processed_1,,,1,2,0,NULL,NULL
n4fckc6j9vk61,n4fckc6j9vk61_processed_2,,,1,2,0,NULL,NULL
n4fckc6j9vk61,n4fckc6j9vk61_processed_3,,,1,2,0,NULL,NULL
n4fckc6j9vk61,n4fckc6j9vk61_processed_4,,,2,2,0,NULL,NULL
n4fckc6j9vk61,n4fckc6j9vk61_processed_5,,,2,2,0,NULL,NULL
n4fckc6j9vk61,n4fckc6j9vk61_processed_6,,,1,2,0,NULL,NULL
n4fckc6j9vk61,n4fckc6j9vk61_processed_7,,,1,2,0,NULL,NULL
n4fckc6j9vk61,n4fckc6j9vk61_processed_8,,,2,2,0,NULL,NULL
n7owqsp6oq261,n7owqsp6oq261_processed_0,,,0,0,0,NULL,NULL
n7owqsp6oq261,n7owqsp6oq261_processed_1,,,0,0,0,NULL,NULL
n54pklj4xx371,n54pklj4xx371_processed_0,,,0,0,0,NULL,NULL
n54pklj4xx371,n54pklj4xx371_processed_1,,,0,0,0,NULL,NULL
n67lcufslh371,n67lcufslh371_processed_0,,,3,3,0,NULL,NULL
n67lcufslh371,n67lcufslh371_processed_1,,,3,3,0,NULL,NULL
n67lcufslh371,n67lcufslh371_processed_2,,,3,3,0,NULL,NULL
n67lcufslh371,n67lcufslh371_processed_3,,,3,3,0,NULL,NULL
n67lcufslh371,n67lcufslh371_processed_4,,,3,3,0,NULL,NULL
n67lcufslh371,n67lcufslh371_processed_5,,,3,3,0,NULL,NULL
nc6aha1m92171,nc6aha1m92171_processed_0,,,2,2,0,NULL,NULL
nc6aha1m92171,nc6aha1m92171_processed_1,,,2,2,0,NULL,NULL
nd05z9f53yj51,nd05z9f53yj51_processed_0,,,0,0,0,NULL,NULL
nd05z9f53yj51,nd05z9f53yj51_processed_1,,,0,0,0,NULL,NULL
nd05z9f53yj51,nd05z9f53yj51_processed_2,,,0,0,0,NULL,NULL
nd05z9f53yj51,nd05z9f53yj51_processed_3,,,0,0,0,NULL,NULL
nerbo0uctml61,nerbo0uctml61_processed_0,,,3,3,0,NULL,NULL
nerbo0uctml61,nerbo0uctml61_processed_1,,,3,3,0,NULL,NULL
netvdni88wa71,netvdni88wa71_processed_0,,,1,3,0,NULL,NULL
netvdni88wa71,netvdni88wa71_processed_1,,,1,3,0,NULL,NULL
netvdni88wa71,netvdni88wa71_processed_2,,,1,3,0,NULL,NULL
netvdni88wa71,netvdni88wa71_processed_3,,,1,3,0,NULL,NULL
netvdni88wa71,netvdni88wa71_processed_4,,,1,3,0,NULL,NULL
netvdni88wa71,netvdni88wa71_processed_5,,,1,3,0,NULL,NULL
netvdni88wa71,netvdni88wa71_processed_6,,,1,3,0,NULL,NULL
netvdni88wa71,netvdni88wa71_processed_7,,,1,3,0,NULL,NULL
netvdni88wa71,netvdni88wa71_processed_8,,,2,3,0,NULL,NULL
netvdni88wa71,netvdni88wa71_processed_9,,,2,3,0,NULL,NULL
netvdni88wa71,netvdni88wa71_processed_10,,,0,3,0,NULL,NULL
netvdni88wa71,netvdni88wa71_processed_11,,,1,3,0,NULL,NULL
netvdni88wa71,netvdni88wa71_processed_12,,,0,3,0,NULL,NULL
netvdni88wa71,netvdni88wa71_processed_13,,,0,3,0,NULL,NULL
nf94539da0b61,nf94539da0b61_processed_0,,,1,1,0,NULL,NULL
nf94539da0b61,nf94539da0b61_processed_1,,,1,1,0,NULL,NULL
nf94539da0b61,nf94539da0b61_processed_2,,,1,1,0,NULL,NULL
nf94539da0b61,nf94539da0b61_processed_3,,,1,1,0,NULL,NULL
nfnb7w9wdqy61,nfnb7w9wdqy61_processed_0,,,3,3,1,NULL,NULL
nfnb7w9wdqy61,nfnb7w9wdqy61_processed_1,,,3,3,1,NULL,NULL
nfnb7w9wdqy61,nfnb7w9wdqy61_processed_2,,,3,3,1,NULL,NULL
nfnb7w9wdqy61,nfnb7w9wdqy61_processed_3,,,3,3,1,NULL,NULL
nfnb7w9wdqy61,nfnb7w9wdqy61_processed_4,,,3,3,1,NULL,NULL
nfnb7w9wdqy61,nfnb7w9wdqy61_processed_5,,,3,3,1,NULL,NULL
nfnb7w9wdqy61,nfnb7w9wdqy61_processed_6,,,3,3,1,NULL,NULL
ngabrpvbte771,ngabrpvbte771_processed_0,,,2,2,0,NULL,NULL
ngabrpvbte771,ngabrpvbte771_processed_1,,,2,2,0,NULL,NULL
ngabrpvbte771,ngabrpvbte771_processed_2,,,2,2,0,NULL,NULL
ngv8c67p6d671,ngv8c67p6d671_processed_0,,,0,2,0,NULL,NULL
ngv8c67p6d671,ngv8c67p6d671_processed_1,,,0,2,0,NULL,NULL
ngv8c67p6d671,ngv8c67p6d671_processed_2,,,0,2,0,NULL,NULL
ngv8c67p6d671,ngv8c67p6d671_processed_3,,,0,2,0,NULL,NULL
ngv8c67p6d671,ngv8c67p6d671_processed_4,,,0,2,0,NULL,NULL
ngv8c67p6d671,ngv8c67p6d671_processed_5,,,2,2,0,NULL,NULL
ngv8c67p6d671,ngv8c67p6d671_processed_6,,,2,2,0,NULL,NULL
ngv8c67p6d671,ngv8c67p6d671_processed_7,,,2,2,0,NULL,NULL
ngv8c67p6d671,ngv8c67p6d671_processed_8,,,2,2,0,NULL,NULL
ngv8c67p6d671,ngv8c67p6d671_processed_9,,,0,2,0,NULL,NULL
ni3xrznfawq61,ni3xrznfawq61_processed_0,,,0,0,0,NULL,NULL
ni3xrznfawq61,ni3xrznfawq61_processed_1,,,0,0,0,NULL,NULL
ni3xrznfawq61,ni3xrznfawq61_processed_2,,,0,0,0,NULL,NULL
ni3xrznfawq61,ni3xrznfawq61_processed_3,,,0,0,1,NULL,NULL
ni3xrznfawq61,ni3xrznfawq61_processed_4,,,0,0,1,NULL,NULL
nmktwl1ulji51,nmktwl1ulji51_processed_0,,,0,0,0,NULL,NULL
nmktwl1ulji51,nmktwl1ulji51_processed_1,,,0,0,0,NULL,NULL
nmktwl1ulji51,nmktwl1ulji51_processed_2,,,0,0,0,NULL,NULL
nmktwl1ulji51,nmktwl1ulji51_processed_3,,,0,0,0,NULL,NULL
nmktwl1ulji51,nmktwl1ulji51_processed_4,,,0,0,1,NULL,NULL
nmktwl1ulji51,nmktwl1ulji51_processed_5,,,0,0,1,NULL,NULL
nmktwl1ulji51,nmktwl1ulji51_processed_6,,,0,0,1,NULL,NULL
nmktwl1ulji51,nmktwl1ulji51_processed_7,,,0,0,1,NULL,NULL
nmktwl1ulji51,nmktwl1ulji51_processed_8,,,0,0,1,NULL,NULL
n+198:200ovps5rd9bm51,novps5rd9bm51_processed_0,,,0,0,0,NULL,NULL
n+198:200ovps5rd9bm51,novps5rd9bm51_processed_1,,,0,0,0,NULL,NULL
n+198:200ovps5rd9bm51,novps5rd9bm51_processed_2,,,0,0,0,NULL,NULL
n+198:200ovps5rd9bm51,novps5rd9bm51_processed_3,,,0,0,0,NULL,NULL
n+198:200ovps5rd9bm51,novps5rd9bm51_processed_4,,,0,0,0,NULL,NULL
nr1mxisufl071,nr1mxisufl071_processed_0,,,0,0,1,NULL,NULL
nr1mxisufl071,nr1mxisufl071_processed_1,,,0,0,1,NULL,NULL
nrnc23a699p51,nrnc23a699p51_processed_0,,,2,2,1,NULL,NULL
nrnc23a699p51,nrnc23a699p51_processed_1,,,2,2,1,NULL,NULL
nsr9wssxfu971,nsr9wssxfu971_processed_0,,,3,3,0,NULL,NULL
nsr9wssxfu971,nsr9wssxfu971_processed_1,,,3,3,0,NULL,NULL
nsr9wssxfu971,nsr9wssxfu971_processed_2,,,3,3,0,NULL,NULL
nsr9wssxfu971,nsr9wssxfu971_processed_3,,,3,3,0,NULL,NULL
nsr9wssxfu971,nsr9wssxfu971_processed_4,,,3,3,0,NULL,NULL
nsr9wssxfu971,nsr9wssxfu971_processed_5,,,3,3,0,NULL,NULL
nsr9wssxfu971,nsr9wssxfu971_processed_6,,,3,3,0,NULL,NULL
nsr9wssxfu971,nsr9wssxfu971_processed_7,,,3,3,0,NULL,NULL
nsr9wssxfu971,nsr9wssxfu971_processed_8,,,3,3,0,NULL,NULL
nsr9wssxfu971,nsr9wssxfu971_processed_9,,,3,3,0,NULL,NULL
nsr9wssxfu971,nsr9wssxfu971_processed_10,,,3,3,0,NULL,NULL
nsr9wssxfu971,nsr9wssxfu971_processed_11,,,3,3,0,NULL,NULL
nsr9wssxfu971,nsr9wssxfu971_processed_12,,,3,3,0,NULL,NULL
nsr9wssxfu971,nsr9wssxfu971_processed_13,,,3,3,0,NULL,NULL
nsr9wssxfu971,nsr9wssxfu971_processed_14,,,3,3,0,NULL,NULL
nsr9wssxfu971,nsr9wssxfu971_processed_15,,,3,3,0,NULL,NULL
nsr9wssxfu971,nsr9wssxfu971_processed_16,,,3,3,0,NULL,NULL
nsr9wssxfu971,nsr9wssxfu971_processed_17,,,3,3,0,NULL,NULL
nsr9wssxfu971,nsr9wssxfu971_processed_18,,,3,3,0,NULL,NULL
nsr9wssxfu971,nsr9wssxfu971_processed_19,,,3,3,0,NULL,NULL
nsr9wssxfu971,nsr9wssxfu971_processed_20,,,3,3,0,NULL,NULL
nsr9wssxfu971,nsr9wssxfu971_processed_21,,,3,3,0,NULL,NULL
nsr9wssxfu971,nsr9wssxfu971_processed_22,,,3,3,0,NULL,NULL
nsr9wssxfu971,nsr9wssxfu971_processed_23,,,3,3,0,NULL,NULL
nsr9wssxfu971,nsr9wssxfu971_processed_24,,,3,3,0,NULL,NULL
nsr9wssxfu971,nsr9wssxfu971_processed_25,,,3,3,0,NULL,NULL
nsr9wssxfu971,nsr9wssxfu971_processed_26,,,3,3,0,NULL,NULL
nsr9wssxfu971,nsr9wssxfu971_processed_27,,,3,3,0,NULL,NULL
nsr9wssxfu971,nsr9wssxfu971_processed_28,,,3,3,0,NULL,NULL
nsr9wssxfu971,nsr9wssxfu971_processed_29,,,3,3,0,NULL,NULL
nsr9wssxfu971,nsr9wssxfu971_processed_30,,,3,3,0,NULL,NULL
nsr9wssxfu971,nsr9wssxfu971_processed_31,,,3,3,0,NULL,NULL
nv04h04fnnv51,nv04h04fnnv51_processed_0,,,0,1,0,NULL,NULL
nv04h04fnnv51,nv04h04fnnv51_processed_1,,,0,1,0,NULL,NULL
nv04h04fnnv51,nv04h04fnnv51_processed_2,,,0,1,0,NULL,NULL
nv04h04fnnv51,nv04h04fnnv51_processed_3,,,1,1,0,NULL,NULL
nv04h04fnnv51,nv04h04fnnv51_processed_4,,,0,1,0,NULL,NULL
nv04h04fnnv51,nv04h04fnnv51_processed_5,,,1,1,0,NULL,NULL
nv04h04fnnv51,nv04h04fnnv51_processed_6,,,1,1,0,NULL,NULL
nv04h04fnnv51,nv04h04fnnv51_processed_7,,,1,1,0,NULL,NULL
nv04h04fnnv51,nv04h04fnnv51_processed_8,,,1,1,0,NULL,NULL
nv04h04fnnv51,nv04h04fnnv51_processed_9,,,0,1,0,NULL,NULL
nv04h04fnnv51,nv04h04fnnv51_processed_10,,,0,1,0,NULL,NULL
nw042g4ww2f61,nw042g4ww2f61_processed_0,,,0,0,0,NULL,NULL
nw042g4ww2f61,nw042g4ww2f61_processed_1,,,0,0,1,NULL,NULL
nw042g4ww2f61,nw042g4ww2f61_processed_2,,,0,0,1,NULL,NULL
nw042g4ww2f61,nw042g4ww2f61_processed_3,,,0,0,1,NULL,NULL
nw042g4ww2f61,nw042g4ww2f61_processed_4,,,0,0,1,NULL,NULL
nw042g4ww2f61,nw042g4ww2f61_processed_5,,,0,0,1,NULL,NULL
nw042g4ww2f61,nw042g4ww2f61_processed_6,,,0,0,1,NULL,NULL
nw042g4ww2f61,nw042g4ww2f61_processed_7,,,0,0,1,NULL,NULL
nwx6a3q9e6o61,nwx6a3q9e6o61_processed_0,,,0,0,0,NULL,NULL
nwx6a3q9e6o61,nwx6a3q9e6o61_processed_1,,,0,0,0,NULL,NULL
nzpxebrw4jw61,nzpxebrw4jw61_processed_0,,,1,1,0,NULL,NULL
nzpxebrw4jw61,nzpxebrw4jw61_processed_1,,,1,1,0,NULL,NULL
nzpxebrw4jw61,nzpxebrw4jw61_processed_2,,,1,1,0,NULL,NULL
nzpxebrw4jw61,nzpxebrw4jw61_processed_3,,,1,1,0,NULL,NULL
nzpxebrw4jw61,nzpxebrw4jw61_processed_4,,,1,1,0,NULL,NULL
nzpxebrw4jw61,nzpxebrw4jw61_processed_5,,,0,1,0,NULL,NULL
nzpxebrw4jw61,nzpxebrw4jw61_processed_6,,,1,1,0,NULL,NULL
nzpxebrw4jw61,nzpxebrw4jw61_processed_7,,,1,1,0,NULL,NULL
nzpxebrw4jw61,nzpxebrw4jw61_processed_8,,,1,1,0,NULL,NULL
nzpxebrw4jw61,nzpxebrw4jw61_processed_9,,,1,1,0,NULL,NULL
nzpxebrw4jw61,nzpxebrw4jw61_processed_10,,,1,1,0,NULL,NULL
nzpxebrw4jw61,nzpxebrw4jw61_processed_11,,,1,1,0,NULL,NULL
nzpxebrw4jw61,nzpxebrw4jw61_processed_12,,,0,1,0,NULL,NULL
nzpxebrw4jw61,nzpxebrw4jw61_processed_13,,,1,1,0,NULL,NULL
nzpxebrw4jw61,nzpxebrw4jw61_processed_14,,,1,1,0,NULL,NULL
nzpxebrw4jw61,nzpxebrw4jw61_processed_15,,,1,1,0,NULL,NULL
nzpxebrw4jw61,nzpxebrw4jw61_processed_16,,,1,1,0,NULL,NULL
nzpxebrw4jw61,nzpxebrw4jw61_processed_17,,,1,1,0,NULL,NULL
o1iurxp7z4w51,o1iurxp7z4w51_processed_0,,,0,0,0,NULL,FLAG
o03beaprv8n51,o03beaprv8n51_processed_0,,,2,2,0,NULL,NULL
o03beaprv8n51,o03beaprv8n51_processed_1,,,2,2,0,NULL,NULL
o03beaprv8n51,o03beaprv8n51_processed_2,,,2,2,0,NULL,NULL
o03beaprv8n51,o03beaprv8n51_processed_3,,,2,2,0,NULL,NULL
o03beaprv8n51,o03beaprv8n51_processed_4,,,2,2,0,NULL,NULL
o4flke2zbr861,o4flke2zbr861_processed_0,,,2,2,0,NULL,NULL
o4flke2zbr861,o4flke2zbr861_processed_1,,,2,2,0,NULL,NULL
o4flke2zbr861,o4flke2zbr861_processed_2,,,2,2,0,NULL,NULL
o4flke2zbr861,o4flke2zbr861_processed_3,,,2,2,0,NULL,NULL
o4flke2zbr861,o4flke2zbr861_processed_4,,,2,2,0,NULL,NULL
o4flke2zbr861,o4flke2zbr861_processed_5,,,2,2,0,NULL,NULL
o6a0nawu2cp51,o6a0nawu2cp51_processed_0,,,0,3,0,NULL,NULL
o6a0nawu2cp51,o6a0nawu2cp51_processed_1,,,3,3,0,NULL,NULL
o6a0nawu2cp51,o6a0nawu2cp51_processed_2,,,3,3,0,NULL,NULL
o9k446r3s5761,o9k446r3s5761_processed_0,,,0,2,0,NULL,NULL
o9k446r3s5761,o9k446r3s5761_processed_1,,,2,2,0,NULL,NULL
o9k446r3s5761,o9k446r3s5761_processed_2,,,2,2,0,NULL,NULL
o9k446r3s5761,o9k446r3s5761_processed_3,,,2,2,0,NULL,NULL
o9k446r3s5761,o9k446r3s5761_processed_4,,,2,2,0,NULL,NULL
o9k446r3s5761,o9k446r3s5761_processed_5,,,2,2,0,NULL,NULL
o964w7ixwsx51,o964w7ixwsx51_processed_0,,,1,1,0,NULL,NULL
o964w7ixwsx51,o964w7ixwsx51_processed_1,,,1,1,0,NULL,NULL
o964w7ixwsx51,o964w7ixwsx51_processed_2,,,1,1,0,NULL,NULL
o964w7ixwsx51,o964w7ixwsx51_processed_3,,,1,1,0,NULL,NULL
o964w7ixwsx51,o964w7ixwsx51_processed_4,,,1,1,0,NULL,NULL
o964w7ixwsx51,o964w7ixwsx51_processed_5,,,1,1,0,NULL,NULL
o964w7ixwsx51,o964w7ixwsx51_processed_6,,,1,1,0,NULL,NULL
o964w7ixwsx51,o964w7ixwsx51_processed_7,,,1,1,0,NULL,NULL
o964w7ixwsx51,o964w7ixwsx51_processed_8,,,1,1,0,NULL,NULL
o964w7ixwsx51,o964w7ixwsx51_processed_9,,,1,1,0,NULL,NULL
o964w7ixwsx51,o964w7ixwsx51_processed_10,,,1,1,0,NULL,NULL
o964w7ixwsx51,o964w7ixwsx51_processed_11,,,1,1,0,NULL,NULL
o964w7ixwsx51,o964w7ixwsx51_processed_12,,,1,1,0,NULL,NULL
o964w7ixwsx51,o964w7ixwsx51_processed_13,,,1,1,0,NULL,NULL
o964w7ixwsx51,o964w7ixwsx51_processed_14,,,0,1,0,NULL,NULL
o964w7ixwsx51,o964w7ixwsx51_processed_15,,,0,1,0,NULL,NULL
o964w7ixwsx51,o964w7ixwsx51_processed_16,,,0,1,0,NULL,NULL
o964w7ixwsx51,o964w7ixwsx51_processed_17,,,0,1,0,NULL,NULL
oaefa9ociba61,oaefa9ociba61_processed_0,,,0,0,0,NULL,NULL
oaefa9ociba61,oaefa9ociba61_processed_1,,,0,0,0,NULL,NULL
oamgmjzzd9161,oamgmjzzd9161_processed_0,,,0,0,1,NULL,NULL
oamgmjzzd9161,oamgmjzzd9161_processed_1,,,0,0,1,NULL,NULL
oc2jufewbdd61,oc2jufewbdd61_processed_0,,,0,1,0,NULL,NULL
oc2jufewbdd61,oc2jufewbdd61_processed_1,,,0,1,0,NULL,NULL
oc2jufewbdd61,oc2jufewbdd61_processed_2,,,1,1,0,NULL,NULL
oc2jufewbdd61,oc2jufewbdd61_processed_3,,,1,1,0,NULL,NULL
ocqcmynrkmd71,ocqcmynrkmd71_processed_0,,,3,3,0,NULL,NULL
ocqcmynrkmd71,ocqcmynrkmd71_processed_1,,,3,3,0,NULL,NULL
og05vp2u1b261,og05vp2u1b261_processed_0,,,3,3,1,NULL,NULL
og05vp2u1b261,og05vp2u1b261_processed_1,,,3,3,1,NULL,NULL
og05vp2u1b261,og05vp2u1b261_processed_2,,,3,3,1,NULL,NULL
og05vp2u1b261,og05vp2u1b261_processed_3,,,3,3,1,NULL,NULL
og05vp2u1b261,og05vp2u1b261_processed_4,,,3,3,1,NULL,NULL
oisp7hbrxgq51,oisp7hbrxgq51_processed_0,,,1,1,0,NULL,NULL
oisp7hbrxgq51,oisp7hbrxgq51_processed_1,,,1,1,0,NULL,NULL
oisp7hbrxgq51,oisp7hbrxgq51_processed_2,,,1,1,0,NULL,NULL
oisp7hbrxgq51,oisp7hbrxgq51_processed_3,,,0,1,0,NULL,NULL
oisp7hbrxgq51,oisp7hbrxgq51_processed_4,,,0,1,0,NULL,NULL
oisp7hbrxgq51,oisp7hbrxgq51_processed_5,,,0,1,0,NULL,NULL
oisp7hbrxgq51,oisp7hbrxgq51_processed_6,,,0,1,0,NULL,NULL
oisp7hbrxgq51,oisp7hbrxgq51_processed_7,,,0,1,0,NULL,NULL
oisp7hbrxgq51,oisp7hbrxgq51_processed_8,,,0,1,0,NULL,NULL
oisp7hbrxgq51,oisp7hbrxgq51_processed_9,,,0,1,0,NULL,NULL
oisp7hbrxgq51,oisp7hbrxgq51_processed_10,,,0,1,0,NULL,NULL
oisp7hbrxgq51,oisp7hbrxgq51_processed_11,,,0,1,0,NULL,NULL
oisp7hbrxgq51,oisp7hbrxgq51_processed_12,,,0,1,0,NULL,NULL
oisp7hbrxgq51,oisp7hbrxgq51_processed_13,,,0,1,0,NULL,NULL
oisp7hbrxgq51,oisp7hbrxgq51_processed_14,,,0,1,0,NULL,NULL
oisp7hbrxgq51,oisp7hbrxgq51_processed_15,,,0,1,0,NULL,NULL
oisp7hbrxgq51,oisp7hbrxgq51_processed_16,,,0,1,0,NULL,NULL
oisp7hbrxgq51,oisp7hbrxgq51_processed_17,,,0,1,0,NULL,NULL
oisp7hbrxgq51,oisp7hbrxgq51_processed_18,,,0,1,0,NULL,NULL
oj72g1shqos61,oj72g1shqos61_processed_0,,,0,1,0,NULL,NULL
oj72g1shqos61,oj72g1shqos61_processed_1,,,0,1,0,NULL,NULL
oj72g1shqos61,oj72g1shqos61_processed_2,,,1,1,0,NULL,NULL
oj72g1shqos61,oj72g1shqos61_processed_3,,,1,1,0,NULL,NULL
oj72g1shqos61,oj72g1shqos61_processed_4,,,1,1,0,NULL,NULL
oj72g1shqos61,oj72g1shqos61_processed_5,,,1,1,0,NULL,NULL
oj72g1shqos61,oj72g1shqos61_processed_6,,,0,1,0,NULL,NULL
oj72g1shqos61,oj72g1shqos61_processed_7,,,1,1,0,NULL,NULL
oj72g1shqos61,oj72g1shqos61_processed_8,,,1,1,0,NULL,NULL
oj72g1shqos61,oj72g1shqos61_processed_9,,,0,1,0,NULL,NULL
oj72g1shqos61,oj72g1shqos61_processed_10,,,1,1,0,NULL,NULL
oj72g1shqos61,oj72g1shqos61_processed_11,,,1,1,0,NULL,NULL
oj72g1shqos61,oj72g1shqos61_processed_12,,,0,1,0,NULL,NULL
ojm1mgt56jz61,ojm1mgt56jz61_processed_0,,,1,1,0,NULL,NULL
ojm1mgt56jz61,ojm1mgt56jz61_processed_1,,,1,1,0,NULL,NULL
ojm1mgt56jz61,ojm1mgt56jz61_processed_2,,,1,1,0,NULL,NULL
ojm1mgt56jz61,ojm1mgt56jz61_processed_3,,,1,1,0,NULL,NULL
ojm1mgt56jz61,ojm1mgt56jz61_processed_4,,,1,1,0,NULL,NULL
ojm1mgt56jz61,ojm1mgt56jz61_processed_5,,,1,1,0,NULL,NULL
ojm1mgt56jz61,ojm1mgt56jz61_processed_6,,,1,1,0,NULL,NULL
oktw1w8x87v61,oktw1w8x87v61_processed_0,,,0,0,1,NULL,NULL
oktw1w8x87v61,oktw1w8x87v61_processed_1,,,0,0,1,NULL,NULL
oktw1w8x87v61,oktw1w8x87v61_processed_2,,,0,0,1,NULL,NULL
om30736wpo471,om30736wpo471_processed_0,,,1,1,0,NULL,NULL
om30736wpo471,om30736wpo471_processed_1,,,1,1,0,NULL,NULL
om30736wpo471,om30736wpo471_processed_2,,,1,1,0,NULL,NULL
om30736wpo471,om30736wpo471_processed_3,,,1,1,0,NULL,NULL
onpz0j66b4a61,onpz0j66b4a61_processed_0,,,0,0,1,NULL,NULL
onpz0j66b4a61,onpz0j66b4a61_processed_1,,,0,0,1,NULL,NULL
onpz0j66b4a61,onpz0j66b4a61_processed_2,,,0,0,1,NULL,NULL
onpz0j66b4a61,onpz0j66b4a61_processed_3,,,0,0,1,NULL,NULL
onpz0j66b4a61,onpz0j66b4a61_processed_4,,,0,0,1,NULL,NULL
opcxa92x6q671,opcxa92x6q671_processed_0,,,3,3,0,NULL,NULL
opcxa92x6q671,opcxa92x6q671_processed_1,,,3,3,0,NULL,NULL
opcxa92x6q671,opcxa92x6q671_processed_2,,,3,3,0,NULL,NULL
opcxa92x6q671,opcxa92x6q671_processed_3,,,3,3,0,NULL,NULL
opcxa92x6q671,opcxa92x6q671_processed_4,,,3,3,0,NULL,NULL
opcxa92x6q671,opcxa92x6q671_processed_5,,,3,3,0,NULL,NULL
opcxa92x6q671,opcxa92x6q671_processed_6,,,3,3,0,NULL,NULL
opcxa92x6q671,opcxa92x6q671_processed_7,,,3,3,0,NULL,NULL
opcxa92x6q671,opcxa92x6q671_processed_8,,,3,3,0,NULL,NULL
opcxa92x6q671,opcxa92x6q671_processed_9,,,3,3,0,NULL,NULL
opthnx0e6am61,opthnx0e6am61_processed_0,,,0,0,0,NULL,NULL
opthnx0e6am61,opthnx0e6am61_processed_1,,,0,0,0,NULL,NULL
opthnx0e6am61,opthnx0e6am61_processed_2,,,0,0,0,NULL,NULL
opthnx0e6am61,opthnx0e6am61_processed_3,,,0,0,0,NULL,NULL
opthnx0e6am61,opthnx0e6am61_processed_4,,,0,0,0,NULL,NULL
opthnx0e6am61,opthnx0e6am61_processed_5,,,0,0,0,NULL,NULL
oqamh6vsyw471,oqamh6vsyw471_processed_0,,,0,0,0,NULL,NULL
oqamh6vsyw471,oqamh6vsyw471_processed_1,,,0,0,0,NULL,NULL
oqamh6vsyw471,oqamh6vsyw471_processed_2,,,0,0,0,NULL,NULL
oqamh6vsyw471,oqamh6vsyw471_processed_3,,,0,0,0,NULL,NULL
oqamh6vsyw471,oqamh6vsyw471_processed_4,,,0,0,0,NULL,NULL
oqamh6vsyw471,oqamh6vsyw471_processed_5,,,0,0,0,NULL,NULL
oqtdmeyf9qe61,oqtdmeyf9qe61_processed_0,,,0,0,1,NULL,NULL
oqtdmeyf9qe61,oqtdmeyf9qe61_processed_1,,,0,0,1,NULL,NULL
oqtdmeyf9qe61,oqtdmeyf9qe61_processed_2,,,0,0,1,NULL,NULL
oqtdmeyf9qe61,oqtdmeyf9qe61_processed_3,,,0,0,1,NULL,NULL
ouae7ggvaqd71,ouae7ggvaqd71_processed_0,,,0,0,0,NULL,NULL
ov2v714nez771,ov2v714nez771_processed_0,,,3,3,1,NULL,NULL
ov2v714nez771,ov2v714nez771_processed_1,,,3,3,1,NULL,NULL
ov2v714nez771,ov2v714nez771_processed_2,,,3,3,1,NULL,NULL
ov8squyf6x561,ov8squyf6x561_processed_0,,,0,1,0,NULL,NULL
ov8squyf6x561,ov8squyf6x561_processed_1,,,0,1,0,NULL,NULL
ov8squyf6x561,ov8squyf6x561_processed_2,,,1,1,0,NULL,NULL
ovs3ce1cx6a61,ovs3ce1cx6a61_processed_0,,,2,2,1,NULL,NULL
ovs3ce1cx6a61,ovs3ce1cx6a61_processed_1,,,2,2,1,NULL,NULL
ovs3ce1cx6a61,ovs3ce1cx6a61_processed_2,,,2,2,1,NULL,NULL
ovs3ce1cx6a61,ovs3ce1cx6a61_processed_3,,,2,2,1,NULL,NULL
ovs3ce1cx6a61,ovs3ce1cx6a61_processed_4,,,2,2,1,NULL,NULL
ovs3ce1cx6a61,ovs3ce1cx6a61_processed_5,,,2,2,1,NULL,NULL
ovs3ce1cx6a61,ovs3ce1cx6a61_processed_6,,,2,2,1,NULL,NULL
ovs3ce1cx6a61,ovs3ce1cx6a61_processed_7,,,2,2,1,NULL,NULL
ovs3ce1cx6a61,ovs3ce1cx6a61_processed_8,,,2,2,1,NULL,NULL
ovs3ce1cx6a61,ovs3ce1cx6a61_processed_9,,,2,2,1,NULL,NULL
ovs3ce1cx6a61,ovs3ce1cx6a61_processed_10,,,2,2,1,NULL,NULL
ovs3ce1cx6a61,ovs3ce1cx6a61_processed_11,,,2,2,1,NULL,NULL
ovs3ce1cx6a61,ovs3ce1cx6a61_processed_12,,,2,2,1,NULL,NULL
ovs3ce1cx6a61,ovs3ce1cx6a61_processed_13,,,2,2,1,NULL,NULL
ovs3ce1cx6a61,ovs3ce1cx6a61_processed_14,,,2,2,1,NULL,NULL
ovs3ce1cx6a61,ovs3ce1cx6a61_processed_15,,,2,2,1,NULL,NULL
ovs3ce1cx6a61,ovs3ce1cx6a61_processed_16,,,2,2,1,NULL,NULL
ovs3ce1cx6a61,ovs3ce1cx6a61_processed_17,,,2,2,1,NULL,NULL
ovs3ce1cx6a61,ovs3ce1cx6a61_processed_18,,,2,2,1,NULL,NULL
ovs3ce1cx6a61,ovs3ce1cx6a61_processed_19,,,2,2,1,NULL,NULL
ovs3ce1cx6a61,ovs3ce1cx6a61_processed_20,,,2,2,1,NULL,NULL
ovs3ce1cx6a61,ovs3ce1cx6a61_processed_21,,,2,2,1,NULL,NULL
ovs3ce1cx6a61,ovs3ce1cx6a61_processed_22,,,2,2,1,NULL,NULL
ovs3ce1cx6a61,ovs3ce1cx6a61_processed_23,,,2,2,1,NULL,NULL
ovs3ce1cx6a61,ovs3ce1cx6a61_processed_24,,,2,2,1,NULL,NULL
ovs3ce1cx6a61,ovs3ce1cx6a61_processed_25,,,2,2,1,NULL,NULL
ovs3ce1cx6a61,ovs3ce1cx6a61_processed_26,,,2,2,1,NULL,NULL
ovs3ce1cx6a61,ovs3ce1cx6a61_processed_27,,,0,2,1,NULL,NULL
ovs3ce1cx6a61,ovs3ce1cx6a61_processed_28,,,2,2,1,NULL,NULL
ovs3ce1cx6a61,ovs3ce1cx6a61_processed_29,,,2,2,1,NULL,NULL
owvzxk5d5oh51,owvzxk5d5oh51_processed_0,,,3,3,0,NULL,NULL
owvzxk5d5oh51,owvzxk5d5oh51_processed_1,,,3,3,0,NULL,NULL
owvzxk5d5oh51,owvzxk5d5oh51_processed_2,,,3,3,0,NULL,NULL
owvzxk5d5oh51,owvzxk5d5oh51_processed_3,,,0,3,0,NULL,NULL
owvzxk5d5oh51,owvzxk5d5oh51_processed_4,,,0,3,0,NULL,NULL
owvzxk5d5oh51,owvzxk5d5oh51_processed_5,,,0,3,0,NULL,NULL
owvzxk5d5oh51,owvzxk5d5oh51_processed_6,,,0,3,0,NULL,NULL
owvzxk5d5oh51,owvzxk5d5oh51_processed_7,,,0,3,0,NULL,NULL
owvzxk5d5oh51,owvzxk5d5oh51_processed_8,,,0,3,0,NULL,NULL
owvzxk5d5oh51,owvzxk5d5oh51_processed_9,,,0,3,0,NULL,NULL
owvzxk5d5oh51,owvzxk5d5oh51_processed_10,,,0,3,0,NULL,NULL
owvzxk5d5oh51,owvzxk5d5oh51_processed_11,,,0,3,0,NULL,NULL
owvzxk5d5oh51,owvzxk5d5oh51_processed_12,,,0,3,0,NULL,NULL
owvzxk5d5oh51,owvzxk5d5oh51_processed_13,,,0,3,0,NULL,NULL
owvzxk5d5oh51,owvzxk5d5oh51_processed_14,,,0,3,0,NULL,NULL
owvzxk5d5oh51,owvzxk5d5oh51_processed_15,,,0,3,0,NULL,NULL
owvzxk5d5oh51,owvzxk5d5oh51_processed_16,,,0,3,0,NULL,NULL
owvzxk5d5oh51,owvzxk5d5oh51_processed_17,,,1,3,0,NULL,NULL
owvzxk5d5oh51,owvzxk5d5oh51_processed_18,,,0,3,0,NULL,NULL
owvzxk5d5oh51,owvzxk5d5oh51_processed_19,,,0,3,0,NULL,NULL
owvzxk5d5oh51,owvzxk5d5oh51_processed_20,,,0,3,0,NULL,NULL
owvzxk5d5oh51,owvzxk5d5oh51_processed_21,,,1,3,0,NULL,NULL
owvzxk5d5oh51,owvzxk5d5oh51_processed_22,,,0,3,0,NULL,NULL
owvzxk5d5oh51,owvzxk5d5oh51_processed_23,,,0,3,0,NULL,NULL
owvzxk5d5oh51,owvzxk5d5oh51_processed_24,,,0,3,0,NULL,NULL
owvzxk5d5oh51,owvzxk5d5oh51_processed_25,,,0,3,0,NULL,NULL
owvzxk5d5oh51,owvzxk5d5oh51_processed_26,,,0,3,0,NULL,NULL
owvzxk5d5oh51,owvzxk5d5oh51_processed_27,,,1,3,0,NULL,NULL
owvzxk5d5oh51,owvzxk5d5oh51_processed_28,,,1,3,0,NULL,NULL
owvzxk5d5oh51,owvzxk5d5oh51_processed_29,,,0,3,0,NULL,NULL
owvzxk5d5oh51,owvzxk5d5oh51_processed_30,,,0,3,0,NULL,NULL
owvzxk5d5oh51,owvzxk5d5oh51_processed_31,,,0,3,0,NULL,NULL
owvzxk5d5oh51,owvzxk5d5oh51_processed_32,,,0,3,0,NULL,NULL
owvzxk5d5oh51,owvzxk5d5oh51_processed_33,,,0,3,0,NULL,NULL
owvzxk5d5oh51,owvzxk5d5oh51_processed_34,,,0,3,0,NULL,NULL
owvzxk5d5oh51,owvzxk5d5oh51_processed_35,,,0,3,0,NULL,NULL
owvzxk5d5oh51,owvzxk5d5oh51_processed_36,,,0,3,0,NULL,NULL
owvzxk5d5oh51,owvzxk5d5oh51_processed_37,,,0,3,0,NULL,NULL
oxmc9xm1zja61,oxmc9xm1zja61_processed_0,,,2,2,0,NULL,NULL
oxmc9xm1zja61,oxmc9xm1zja61_processed_1,,,2,2,0,NULL,NULL
ozlxxfcij4j51,ozlxxfcij4j51_processed_0,,,1,1,0,NULL,NULL
ozlxxfcij4j51,ozlxxfcij4j51_processed_1,,,1,1,0,NULL,NULL
p4ttugsk8mi51,p4ttugsk8mi51_processed_0,,,0,0,1,NULL,NULL
p4ttugsk8mi51,p4ttugsk8mi51_processed_1,,,0,0,1,NULL,NULL
p4ttugsk8mi51,p4ttugsk8mi51_processed_2,,,0,0,1,NULL,NULL
p6b2gestv5t51,p6b2gestv5t51_processed_0,,,3,3,0,NULL,NULL
p6b2gestv5t51,p6b2gestv5t51_processed_1,,,3,3,0,NULL,NULL
p6b2gestv5t51,p6b2gestv5t51_processed_2,,,0,3,0,NULL,NULL
p6b2gestv5t51,p6b2gestv5t51_processed_3,,,0,3,0,NULL,NULL
p6b2gestv5t51,p6b2gestv5t51_processed_4,,,0,3,0,NULL,NULL
p07axg5i8wo51,p07axg5i8wo51_processed_0,,,3,3,0,NULL,NULL
p07axg5i8wo51,p07axg5i8wo51_processed_1,,,3,3,0,NULL,NULL
p07axg5i8wo51,p07axg5i8wo51_processed_2,,,0,3,0,NULL,NULL
p07axg5i8wo51,p07axg5i8wo51_processed_3,,,0,3,0,NULL,NULL
p07axg5i8wo51,p07axg5i8wo51_processed_4,,,3,3,0,NULL,NULL
p07axg5i8wo51,p07axg5i8wo51_processed_5,,,0,3,0,NULL,NULL
p07axg5i8wo51,p07axg5i8wo51_processed_6,,,0,3,0,NULL,NULL
p07axg5i8wo51,p07axg5i8wo51_processed_7,,,0,3,0,NULL,NULL
p07axg5i8wo51,p07axg5i8wo51_processed_8,,,0,3,0,NULL,NULL
p07axg5i8wo51,p07axg5i8wo51_processed_9,,,0,3,0,NULL,NULL
p07axg5i8wo51,p07axg5i8wo51_processed_10,,,0,3,0,NULL,NULL
p07axg5i8wo51,p07axg5i8wo51_processed_11,,,0,3,0,NULL,NULL
p07axg5i8wo51,p07axg5i8wo51_processed_12,,,0,3,0,NULL,NULL
p07axg5i8wo51,p07axg5i8wo51_processed_13,,,0,3,0,NULL,NULL
p7ht1ypzv3p51,p7ht1ypzv3p51_processed_0,,,0,0,1,NULL,NULL
p7ht1ypzv3p51,p7ht1ypzv3p51_processed_1,,,0,0,1,NULL,NULL
p7ht1ypzv3p51,p7ht1ypzv3p51_processed_2,,,0,0,1,NULL,NULL
p7ht1ypzv3p51,p7ht1ypzv3p51_processed_3,,,0,0,1,NULL,NULL
p7ht1ypzv3p51,p7ht1ypzv3p51_processed_4,,,0,0,1,NULL,NULL
p7ht1ypzv3p51,p7ht1ypzv3p51_processed_5,,,0,0,1,NULL,NULL
p7ht1ypzv3p51,p7ht1ypzv3p51_processed_6,,,0,0,1,NULL,NULL
pbf5fnl1ukp51,pbf5fnl1ukp51_processed_0,,,0,0,1,NULL,NULL
pbf5fnl1ukp51,pbf5fnl1ukp51_processed_1,,,0,0,1,NULL,NULL
pbf5fnl1ukp51,pbf5fnl1ukp51_processed_2,,,0,0,1,NULL,NULL
pbf5fnl1ukp51,pbf5fnl1ukp51_processed_3,,,0,0,1,NULL,NULL
pd007mvccfn61,pd007mvccfn61_processed_0,,,0,0,0,NULL,NULL
pd007mvccfn61,pd007mvccfn61_processed_1,,,0,0,0,NULL,NULL
pd007mvccfn61,pd007mvccfn61_processed_2,,,0,0,0,NULL,NULL
pd007mvccfn61,pd007mvccfn61_processed_3,,,0,0,0,NULL,NULL
pd007mvccfn61,pd007mvccfn61_processed_4,,,0,0,0,NULL,NULL
pe908ftkqn171,pe908ftkqn171_processed_0,,,0,0,0,NULL,NULL
pe908ftkqn171,pe908ftkqn171_processed_1,,,0,0,0,NULL,NULL
pf407jtrknb71,pf407jtrknb71_processed_0,,,1,1,0,NULL,NULL
pf407jtrknb71,pf407jtrknb71_processed_1,,,1,1,0,NULL,NULL
pgh6mkrs3mm61,pgh6mkrs3mm61_processed_0,,,0,1,0,NULL,NULL
pgh6mkrs3mm61,pgh6mkrs3mm61_processed_1,,,0,1,0,NULL,NULL
pgh6mkrs3mm61,pgh6mkrs3mm61_processed_2,,,0,1,0,NULL,NULL
pgh6mkrs3mm61,pgh6mkrs3mm61_processed_3,,,0,1,0,NULL,NULL
pgh6mkrs3mm61,pgh6mkrs3mm61_processed_4,,,0,1,0,NULL,NULL
pgh6mkrs3mm61,pgh6mkrs3mm61_processed_5,,,0,1,0,NULL,NULL
pgh6mkrs3mm61,pgh6mkrs3mm61_processed_6,,,1,1,0,NULL,NULL
pgh6mkrs3mm61,pgh6mkrs3mm61_processed_7,,,1,1,0,NULL,NULL
pgh6mkrs3mm61,pgh6mkrs3mm61_processed_8,,,1,1,0,NULL,NULL
pgh6mkrs3mm61,pgh6mkrs3mm61_processed_9,,,1,1,0,NULL,NULL
pgh6mkrs3mm61,pgh6mkrs3mm61_processed_10,,,1,1,0,NULL,NULL
pgh6mkrs3mm61,pgh6mkrs3mm61_processed_11,,,1,1,0,NULL,NULL
pgh6mkrs3mm61,pgh6mkrs3mm61_processed_12,,,1,1,0,NULL,NULL
pgh6mkrs3mm61,pgh6mkrs3mm61_processed_13,,,1,1,0,NULL,NULL
pgh6mkrs3mm61,pgh6mkrs3mm61_processed_14,,,1,1,0,NULL,NULL
pgh6mkrs3mm61,pgh6mkrs3mm61_processed_15,,,1,1,0,NULL,NULL
pgh6mkrs3mm61,pgh6mkrs3mm61_processed_16,,,1,1,0,NULL,NULL
pgh6mkrs3mm61,pgh6mkrs3mm61_processed_17,,,1,1,0,NULL,NULL
pgh6mkrs3mm61,pgh6mkrs3mm61_processed_18,,,1,1,0,NULL,NULL
pgh6mkrs3mm61,pgh6mkrs3mm61_processed_19,,,1,1,0,NULL,NULL
pgh6mkrs3mm61,pgh6mkrs3mm61_processed_20,,,1,1,0,NULL,NULL
pgh6mkrs3mm61,pgh6mkrs3mm61_processed_21,,,1,1,0,NULL,NULL
phb8ihil78c71,phb8ihil78c71_processed_0,,,2,2,1,NULL,NULL
phb8ihil78c71,phb8ihil78c71_processed_1,,,2,2,1,NULL,NULL
phb8ihil78c71,phb8ihil78c71_processed_2,,,2,2,1,NULL,NULL
phb8ihil78c71,phb8ihil78c71_processed_3,,,2,2,1,NULL,NULL
phb8ihil78c71,phb8ihil78c71_processed_4,,,2,2,1,NULL,NULL
phb8ihil78c71,phb8ihil78c71_processed_5,,,2,2,1,NULL,NULL
phb8ihil78c71,phb8ihil78c71_processed_6,,,2,2,1,NULL,NULL
phb8ihil78c71,phb8ihil78c71_processed_7,,,2,2,1,NULL,NULL
phb8ihil78c71,phb8ihil78c71_processed_8,,,2,2,1,NULL,NULL
phb8ihil78c71,phb8ihil78c71_processed_9,,,2,2,1,NULL,NULL
phb8ihil78c71,phb8ihil78c71_processed_10,,,2,2,1,NULL,NULL
phb8ihil78c71,phb8ihil78c71_processed_11,,,2,2,1,NULL,NULL
pibtk8gbchk61,pibtk8gbchk61_processed_0,,,2,2,0,NULL,NULL
pibtk8gbchk61,pibtk8gbchk61_processed_1,,,2,2,0,NULL,NULL
pjvvmq78svh51,pjvvmq78svh51_processed_0,,,1,2,0,NULL,NULL
pjvvmq78svh51,pjvvmq78svh51_processed_1,,,1,2,0,NULL,NULL
pjvvmq78svh51,pjvvmq78svh51_processed_2,,,1,2,0,NULL,NULL
pjvvmq78svh51,pjvvmq78svh51_processed_3,,,1,2,0,NULL,NULL
pjvvmq78svh51,pjvvmq78svh51_processed_4,,,2,2,0,NULL,NULL
pjvvmq78svh51,pjvvmq78svh51_processed_5,,,2,2,0,NULL,NULL
pjvvmq78svh51,pjvvmq78svh51_processed_6,,,1,2,0,NULL,NULL
pjvvmq78svh51,pjvvmq78svh51_processed_7,,,1,2,0,NULL,NULL
pjvvmq78svh51,pjvvmq78svh51_processed_8,,,1,2,0,NULL,NULL
pjvvmq78svh51,pjvvmq78svh51_processed_9,,,1,2,0,NULL,NULL
pjvvmq78svh51,pjvvmq78svh51_processed_10,,,1,2,0,NULL,NULL
pjvvmq78svh51,pjvvmq78svh51_processed_11,,,1,2,0,NULL,NULL
pjvvmq78svh51,pjvvmq78svh51_processed_12,,,1,2,0,NULL,NULL
pjvvmq78svh51,pjvvmq78svh51_processed_13,,,1,2,0,NULL,NULL
pjvvmq78svh51,pjvvmq78svh51_processed_14,,,2,2,0,NULL,NULL
pjvvmq78svh51,pjvvmq78svh51_processed_15,,,2,2,0,NULL,NULL
pjvvmq78svh51,pjvvmq78svh51_processed_16,,,0,2,0,NULL,NULL
pjvvmq78svh51,pjvvmq78svh51_processed_17,,,0,2,0,NULL,NULL
pjvvmq78svh51,pjvvmq78svh51_processed_18,,,0,2,0,NULL,NULL
pjyclrrtjzc61,pjyclrrtjzc61_processed_0,,,0,0,0,NULL,NULL
pjyclrrtjzc61,pjyclrrtjzc61_processed_1,,,0,0,0,NULL,NULL
pjyclrrtjzc61,pjyclrrtjzc61_processed_2,,,0,0,0,NULL,NULL
pjyclrrtjzc61,pjyclrrtjzc61_processed_3,,,0,0,0,NULL,NULL
pjyclrrtjzc61,pjyclrrtjzc61_processed_4,,,0,0,0,NULL,NULL
pjyclrrtjzc61,pjyclrrtjzc61_processed_5,,,0,0,0,NULL,NULL
pjyclrrtjzc61,pjyclrrtjzc61_processed_6,,,0,0,0,NULL,NULL
pjyclrrtjzc61,pjyclrrtjzc61_processed_7,,,0,0,0,NULL,NULL
pjyclrrtjzc61,pjyclrrtjzc61_processed_8,,,0,0,0,NULL,NULL
pjyclrrtjzc61,pjyclrrtjzc61_processed_9,,,0,0,0,NULL,NULL
pjyclrrtjzc61,pjyclrrtjzc61_processed_10,,,0,0,0,NULL,NULL
pjyclrrtjzc61,pjyclrrtjzc61_processed_11,,,0,0,0,NULL,NULL
pjyclrrtjzc61,pjyclrrtjzc61_processed_12,,,0,0,0,NULL,NULL
pjyclrrtjzc61,pjyclrrtjzc61_processed_13,,,0,0,0,NULL,NULL
pjyclrrtjzc61,pjyclrrtjzc61_processed_14,,,0,0,0,NULL,NULL
pjyclrrtjzc61,pjyclrrtjzc61_processed_15,,,0,0,0,NULL,NULL
pjyclrrtjzc61,pjyclrrtjzc61_processed_16,,,0,0,0,NULL,NULL
pjyclrrtjzc61,pjyclrrtjzc61_processed_17,,,0,0,0,NULL,NULL
pjyclrrtjzc61,pjyclrrtjzc61_processed_18,,,0,0,0,NULL,NULL
pjyclrrtjzc61,pjyclrrtjzc61_processed_19,,,0,0,0,NULL,NULL
pjyclrrtjzc61,pjyclrrtjzc61_processed_20,,,0,0,0,NULL,NULL
pjyclrrtjzc61,pjyclrrtjzc61_processed_21,,,0,0,0,NULL,NULL
pjzfmkasuia61,pjzfmkasuia61_processed_0,,,2,2,1,NULL,NULL
pjzfmkasuia61,pjzfmkasuia61_processed_1,,,2,2,1,NULL,NULL
pjzfmkasuia61,pjzfmkasuia61_processed_2,,,2,2,1,NULL,NULL
pjzfmkasuia61,pjzfmkasuia61_processed_3,,,2,2,1,NULL,NULL
pjzfmkasuia61,pjzfmkasuia61_processed_4,,,2,2,1,NULL,NULL
pluczswd2bz61,pluczswd2bz61_processed_0,,,0,1,0,NULL,NULL
pluczswd2bz61,pluczswd2bz61_processed_1,,,1,1,0,NULL,NULL
pluczswd2bz61,pluczswd2bz61_processed_2,,,1,1,0,NULL,NULL
pluczswd2bz61,pluczswd2bz61_processed_3,,,1,1,0,NULL,NULL
pluczswd2bz61,pluczswd2bz61_processed_4,,,1,1,0,NULL,NULL
pluczswd2bz61,pluczswd2bz61_processed_5,,,1,1,0,NULL,NULL
pluczswd2bz61,pluczswd2bz61_processed_6,,,1,1,0,NULL,NULL
pluczswd2bz61,pluczswd2bz61_processed_7,,,1,1,0,NULL,NULL
pm992ctrg3p61,pm992ctrg3p61_processed_0,,,0,0,0,NULL,NULL
pm992ctrg3p61,pm992ctrg3p61_processed_1,,,0,0,0,NULL,NULL
pm992ctrg3p61,pm992ctrg3p61_processed_2,,,0,0,0,NULL,NULL
pm992ctrg3p61,pm992ctrg3p61_processed_3,,,0,0,0,NULL,NULL
pm992ctrg3p61,pm992ctrg3p61_processed_4,,,0,0,0,NULL,NULL
pm992ctrg3p61,pm992ctrg3p61_processed_5,,,0,0,0,NULL,NULL
pm992ctrg3p61,pm992ctrg3p61_processed_6,,,0,0,0,NULL,NULL
pm992ctrg3p61,pm992ctrg3p61_processed_7,,,0,0,0,NULL,NULL
pm992ctrg3p61,pm992ctrg3p61_processed_8,,,0,0,0,NULL,NULL
pm992ctrg3p61,pm992ctrg3p61_processed_9,,,0,0,0,NULL,NULL
pm992ctrg3p61,pm992ctrg3p61_processed_10,,,0,0,0,NULL,NULL
pm992ctrg3p61,pm992ctrg3p61_processed_11,,,0,0,0,NULL,NULL
pm992ctrg3p61,pm992ctrg3p61_processed_12,,,0,0,0,NULL,NULL
pm992ctrg3p61,pm992ctrg3p61_processed_13,,,0,0,0,NULL,NULL
pm992ctrg3p61,pm992ctrg3p61_processed_14,,,0,0,0,NULL,NULL
pm992ctrg3p61,pm992ctrg3p61_processed_15,,,0,0,0,NULL,NULL
pm992ctrg3p61,pm992ctrg3p61_processed_16,,,0,0,0,NULL,NULL
pm992ctrg3p61,pm992ctrg3p61_processed_17,,,0,0,0,NULL,NULL
pm992ctrg3p61,pm992ctrg3p61_processed_18,,,0,0,0,NULL,NULL
pm992ctrg3p61,pm992ctrg3p61_processed_19,,,1,0,0,NULL,NULL
pm992ctrg3p61,pm992ctrg3p61_processed_20,,,1,0,0,NULL,NULL
pm992ctrg3p61,pm992ctrg3p61_processed_21,,,1,0,0,NULL,NULL
pm992ctrg3p61,pm992ctrg3p61_processed_22,,,1,0,0,NULL,NULL
pm992ctrg3p61,pm992ctrg3p61_processed_23,,,1,0,0,NULL,NULL
pm992ctrg3p61,pm992ctrg3p61_processed_24,,,0,0,0,NULL,NULL
pm992ctrg3p61,pm992ctrg3p61_processed_25,,,0,0,0,NULL,NULL
pm992ctrg3p61,pm992ctrg3p61_processed_26,,,0,0,0,NULL,NULL
pmzfj99qk5661,pmzfj99qk5661_processed_0,,,0,0,0,NULL,NULL
pmzfj99qk5661,pmzfj99qk5661_processed_1,,,0,0,0,NULL,NULL
pnh4ahbm3b971,pnh4ahbm3b971_processed_0,,,0,0,0,NULL,NULL
pnh4ahbm3b971,pnh4ahbm3b971_processed_1,,,0,0,0,NULL,NULL
pnh4ahbm3b971,pnh4ahbm3b971_processed_2,,,0,0,0,NULL,NULL
pql0x75kfpe61,pql0x75kfpe61_processed_0,,,1,1,0,NULL,NULL
pql0x75kfpe61,pql0x75kfpe61_processed_1,,,1,1,0,NULL,NULL
pql0x75kfpe61,pql0x75kfpe61_processed_2,,,1,1,0,NULL,NULL
psrsp8xqy0m51,psrsp8xqy0m51_processed_0,,,3,3,0,NULL,NULL
psrsp8xqy0m51,psrsp8xqy0m51_processed_1,,,3,3,0,NULL,NULL
psrsp8xqy0m51,psrsp8xqy0m51_processed_2,,,3,3,0,NULL,NULL
psrsp8xqy0m51,psrsp8xqy0m51_processed_3,,,3,3,0,NULL,NULL
psrsp8xqy0m51,psrsp8xqy0m51_processed_4,,,3,3,0,NULL,NULL
psrsp8xqy0m51,psrsp8xqy0m51_processed_5,,,3,3,0,NULL,NULL
psrsp8xqy0m51,psrsp8xqy0m51_processed_6,,,3,3,0,NULL,NULL
psrsp8xqy0m51,psrsp8xqy0m51_processed_7,,,3,3,0,NULL,NULL
psrsp8xqy0m51,psrsp8xqy0m51_processed_8,,,3,3,0,NULL,NULL
psrsp8xqy0m51,psrsp8xqy0m51_processed_9,,,3,3,0,NULL,NULL
psrsp8xqy0m51,psrsp8xqy0m51_processed_10,,,3,3,0,NULL,NULL
puwl3gkp8ow61,puwl3gkp8ow61_processed_0,,,0,0,0,NULL,NULL
puwl3gkp8ow61,puwl3gkp8ow61_processed_1,,,0,0,0,NULL,NULL
puwl3gkp8ow61,puwl3gkp8ow61_processed_2,,,0,0,0,NULL,NULL
puwl3gkp8ow61,puwl3gkp8ow61_processed_3,,,0,0,0,NULL,NULL
puwl3gkp8ow61,puwl3gkp8ow61_processed_4,,,0,0,0,NULL,NULL
puwl3gkp8ow61,puwl3gkp8ow61_processed_5,,,0,0,0,NULL,NULL
puy69h673xf71,puy69h673xf71_processed_0,,,0,0,1,NULL,NULL
puy69h673xf71,puy69h673xf71_processed_1,,,0,0,1,NULL,NULL
puy69h673xf71,puy69h673xf71_processed_2,,,0,0,1,NULL,NULL
puy69h673xf71,puy69h673xf71_processed_3,,,0,0,1,NULL,NULL
pvk1b8lj65j51,pvk1b8lj65j51_processed_0,,,1,1,0,NULL,NULL
pvk1b8lj65j51,pvk1b8lj65j51_processed_1,,,1,1,0,NULL,NULL
pvk1b8lj65j51,pvk1b8lj65j51_processed_2,,,1,1,0,NULL,NULL
pvk1b8lj65j51,pvk1b8lj65j51_processed_3,,,1,1,0,NULL,NULL
pw8mlw3uoxd61,pw8mlw3uoxd61_processed_0,,,0,0,0,NULL,NULL
pw8mlw3uoxd61,pw8mlw3uoxd61_processed_1,,,0,0,0,NULL,NULL
pwlopssrj2x51,pwlopssrj2x51_processed_0,,,0,1,0,NULL,NULL
pwlopssrj2x51,pwlopssrj2x51_processed_1,,,1,1,0,NULL,NULL
pwlopssrj2x51,pwlopssrj2x51_processed_2,,,1,1,0,NULL,NULL
pwlopssrj2x51,pwlopssrj2x51_processed_3,,,1,1,0,NULL,NULL
pwr5von6mr371,pwr5von6mr371_processed_0,,,1,2,0,NULL,NULL
pwr5von6mr371,pwr5von6mr371_processed_1,,,1,2,0,NULL,NULL
pwr5von6mr371,pwr5von6mr371_processed_2,,,1,2,0,NULL,NULL
pwr5von6mr371,pwr5von6mr371_processed_3,,,1,2,0,NULL,NULL
pwr5von6mr371,pwr5von6mr371_processed_4,,,2,2,0,NULL,NULL
pwr5von6mr371,pwr5von6mr371_processed_5,,,2,2,0,NULL,NULL
pzimaanwzha61,pzimaanwzha61_processed_0,,,0,0,0,NULL,NULL
q0v7fxqracw61,q0v7fxqracw61_processed_0,,,0,0,0,NULL,NULL
q0v7fxqracw61,q0v7fxqracw61_processed_1,,,0,0,0,NULL,NULL
q0v7fxqracw61,q0v7fxqracw61_processed_2,,,0,0,1,NULL,NULL
q0v7fxqracw61,q0v7fxqracw61_processed_3,,,0,0,1,NULL,NULL
q0v7fxqracw61,q0v7fxqracw61_processed_4,,,0,0,1,NULL,NULL
q0v7fxqracw61,q0v7fxqracw61_processed_5,,,0,0,1,NULL,NULL
q01xpkp049871,q01xpkp049871_processed_0,,,2,2,0,NULL,NULL
q01xpkp049871,q01xpkp049871_processed_1,,,2,2,0,NULL,NULL
q7hrdk59eox61,q7hrdk59eox61_processed_0,,,0,0,1,NULL,NULL
q7hrdk59eox61,q7hrdk59eox61_processed_1,,,0,0,1,NULL,NULL
q7hrdk59eox61,q7hrdk59eox61_processed_2,,,0,0,1,NULL,NULL
q9n8y6cm6ss51,q9n8y6cm6ss51_processed_0,,,1,1,0,NULL,NULL
q9n8y6cm6ss51,q9n8y6cm6ss51_processed_1,,,1,1,0,NULL,NULL
q9n8y6cm6ss51,q9n8y6cm6ss51_processed_2,,,1,1,0,NULL,NULL
q9n8y6cm6ss51,q9n8y6cm6ss51_processed_3,,,0,1,0,NULL,NULL
q9n8y6cm6ss51,q9n8y6cm6ss51_processed_4,,,0,1,0,NULL,NULL
q9n8y6cm6ss51,q9n8y6cm6ss51_processed_5,,,0,1,0,NULL,NULL
q9n8y6cm6ss51,q9n8y6cm6ss51_processed_6,,,0,1,0,NULL,NULL
q9n8y6cm6ss51,q9n8y6cm6ss51_processed_7,,,0,1,0,NULL,NULL
q9n8y6cm6ss51,q9n8y6cm6ss51_processed_8,,,0,1,0,NULL,NULL
q9n8y6cm6ss51,q9n8y6cm6ss51_processed_9,,,1,1,0,NULL,NULL
q9n8y6cm6ss51,q9n8y6cm6ss51_processed_10,,,1,1,0,NULL,NULL
q9n8y6cm6ss51,q9n8y6cm6ss51_processed_11,,,0,1,0,NULL,NULL
q9n8y6cm6ss51,q9n8y6cm6ss51_processed_12,,,0,1,0,NULL,NULL
q9n8y6cm6ss51,q9n8y6cm6ss51_processed_13,,,0,1,0,NULL,NULL
q9n8y6cm6ss51,q9n8y6cm6ss51_processed_14,,,0,1,0,NULL,NULL
q9n8y6cm6ss51,q9n8y6cm6ss51_processed_15,,,0,1,0,NULL,NULL
q9n8y6cm6ss51,q9n8y6cm6ss51_processed_16,,,0,1,0,NULL,NULL
q9n8y6cm6ss51,q9n8y6cm6ss51_processed_17,,,0,1,0,NULL,NULL
q9n8y6cm6ss51,q9n8y6cm6ss51_processed_18,,,1,1,0,NULL,NULL
q9n8y6cm6ss51,q9n8y6cm6ss51_processed_19,,,1,1,0,NULL,NULL
q9n8y6cm6ss51,q9n8y6cm6ss51_processed_20,,,1,1,0,NULL,NULL
q9n8y6cm6ss51,q9n8y6cm6ss51_processed_21,,,1,1,0,NULL,NULL
q9n8y6cm6ss51,q9n8y6cm6ss51_processed_22,,,1,1,0,NULL,NULL
q9n8y6cm6ss51,q9n8y6cm6ss51_processed_23,,,1,1,0,NULL,NULL
q9qbv8nhwbi51,q9qbv8nhwbi51_processed_0,,,1,1,0,NULL,NULL
q9qbv8nhwbi51,q9qbv8nhwbi51_processed_1,,,1,1,0,NULL,NULL
q9qbv8nhwbi51,q9qbv8nhwbi51_processed_2,,,1,1,0,NULL,NULL
q9qbv8nhwbi51,q9qbv8nhwbi51_processed_3,,,1,1,0,NULL,NULL
q9yl5b4qli971,q9yl5b4qli971_processed_0,,,0,0,0,NULL,NULL
q9yl5b4qli971,q9yl5b4qli971_processed_1,,,0,0,0,NULL,NULL
q9yl5b4qli971,q9yl5b4qli971_processed_2,,,0,0,0,NULL,NULL
q9yl5b4qli971,q9yl5b4qli971_processed_3,,,0,0,0,NULL,NULL
q9yl5b4qli971,q9yl5b4qli971_processed_4,,,0,0,0,NULL,NULL
q89wu28n05271,q89wu28n05271_processed_0,,,0,0,0,NULL,NULL
q89wu28n05271,q89wu28n05271_processed_1,,,0,0,0,NULL,NULL
q89wu28n05271,q89wu28n05271_processed_2,,,0,0,0,NULL,NULL
q89wu28n05271,q89wu28n05271_processed_3,,,0,0,0,NULL,NULL
q89wu28n05271,q89wu28n05271_processed_4,,,0,0,0,NULL,NULL
q89wu28n05271,q89wu28n05271_processed_5,,,0,0,0,NULL,NULL
q89wu28n05271,q89wu28n05271_processed_6,,,0,0,0,NULL,NULL
q89wu28n05271,q89wu28n05271_processed_7,,,0,0,0,NULL,NULL
q89wu28n05271,q89wu28n05271_processed_8,,,0,0,0,NULL,NULL
qccljrz9ubx61,qccljrz9ubx61_processed_0,,,0,0,0,NULL,NULL
qccljrz9ubx61,qccljrz9ubx61_processed_1,,,0,0,0,NULL,NULL
qccljrz9ubx61,qccljrz9ubx61_processed_2,,,0,0,0,NULL,NULL
qccljrz9ubx61,qccljrz9ubx61_processed_3,,,0,0,0,NULL,NULL
qerwydudwbc61,qerwydudwbc61_processed_0,,,1,2,0,NULL,NULL
qerwydudwbc61,qerwydudwbc61_processed_1,,,1,2,0,NULL,NULL
qerwydudwbc61,qerwydudwbc61_processed_2,,,1,2,0,NULL,NULL
qerwydudwbc61,qerwydudwbc61_processed_3,,,1,2,0,NULL,NULL
qerwydudwbc61,qerwydudwbc61_processed_4,,,1,2,0,NULL,NULL
qerwydudwbc61,qerwydudwbc61_processed_5,,,2,2,0,NULL,NULL
qerwydudwbc61,qerwydudwbc61_processed_6,,,2,2,0,NULL,NULL
