file_name,parent_file,number_of_segments,number_of_voices_parent,parent_label,segment_label,noisy,extra_sounds,notes
lpg39tdh1bv51_processed_0,lpg39tdh1bv51,4,6,0,0,1,NA,NA
lpg39tdh1bv51_processed_1,lpg39tdh1bv51,4,6,0,0,1,NA,excessive laughing
lpg39tdh1bv51_processed_2,lpg39tdh1bv51,4,6,0,0,1,NA,excessive laughing
lpg39tdh1bv51_processed_3,lpg39tdh1bv51,4,6,0,0,1,NA,"less than 1 second audio, no noise"
ltdu6anws3m61_processed_0,ltdu6anws3m61,4,2,1,1,0,NA,NA
ltdu6anws3m61_processed_1,ltdu6anws3m61,4,2,1,1,0,NA,NA
ltdu6anws3m61_processed_2,ltdu6anws3m61,4,2,1,0,0,NA,NA
ltdu6anws3m61_processed_3,ltdu6anws3m61,4,2,1,1,0,NA,NA
lucypf71qsq61_processed_0,lucypf71qsq61,2,3,0,0,0,Car braking,car screeching
lucypf71qsq61_processed_1,lucypf71qsq61,2,3,0,0,0,NA,sounds like a news channel
lw7oinwrkce61_processed_0,lw7oinwrkce61,7,15,0,0,0,crowd sound,NA
lw7oinwrkce61_processed_1,lw7oinwrkce61,7,15,0,0,0,crowd sound,NA
lw7oinwrkce61_processed_2,lw7oinwrkce61,7,15,0,0,0,crowd sound,NA
lw7oinwrkce61_processed_3,lw7oinwrkce61,7,15,0,0,0,crowd sound,NA
lw7oinwrkce61_processed_4,lw7oinwrkce61,7,15,0,0,0,crowd sound,Intro music
lw7oinwrkce61_processed_5,lw7oinwrkce61,7,15,0,0,0,crowd sound,NA
lw7oinwrkce61_processed_6,lw7oinwrkce61,7,15,0,0,0,crowd sound,NA
lx077nt8fw061_processed_0,lx077nt8fw061,6,1,0,0,0,music,music instruments
lx077nt8fw061_processed_1,lx077nt8fw061,6,1,0,0,0,music,music instruments
lx077nt8fw061_processed_2,lx077nt8fw061,6,1,0,0,1,music,music instruments
lx077nt8fw061_processed_3,lx077nt8fw061,6,1,0,0,0,music,music instruments
lx077nt8fw061_processed_4,lx077nt8fw061,6,1,0,0,0,music,music instruments
lx077nt8fw061_processed_5,lx077nt8fw061,6,1,0,0,0,music,music instruments
ly8o58ksw8361_processed_0,ly8o58ksw8361,14,9999,1,0,0,NA,NA
ly8o58ksw8361_processed_0,ly8o58ksw8361,14,9999,1,0,1,NA,NA
ly8o58ksw8361_processed_1,ly8o58ksw8361,14,9999,1,0,0,NA,NA
ly8o58ksw8361_processed_2,ly8o58ksw8361,14,9999,1,0,0,NA,NA
ly8o58ksw8361_processed_3,ly8o58ksw8361,14,9999,1,1,0,NA,NA
ly8o58ksw8361_processed_4,ly8o58ksw8361,14,9999,1,1,0,NA,NA
ly8o58ksw8361_processed_5,ly8o58ksw8361,14,9999,1,0,0,NA,NA
ly8o58ksw8361_processed_6,ly8o58ksw8361,14,9999,1,0,0,NA,NA
ly8o58ksw8361_processed_7,ly8o58ksw8361,14,9999,1,1,0,NA,NA
ly8o58ksw8361_processed_8,ly8o58ksw8361,14,9999,1,0,0,clapping,clapping
ly8o58ksw8361_processed_9,ly8o58ksw8361,14,9999,1,0,0,NA,NA
ly8o58ksw8361_processed_10,ly8o58ksw8361,14,9999,1,0,0,NA,NA
ly8o58ksw8361_processed_11,ly8o58ksw8361,14,9999,1,0,0,NA,NA
ly8o58ksw8361_processed_12,ly8o58ksw8361,14,9999,1,0,0,NA,NA
ly8o58ksw8361_processed_13,ly8o58ksw8361,14,9999,1,0,0,NA,NA
m0c72n06yqw51_processed_0,m0c72n06yqw51,13,9999,2,1,1,Shouting,NA
m0c72n06yqw51_processed_1,m0c72n06yqw51,13,9999,2,0,0,NA,NA
m0c72n06yqw51_processed_2,m0c72n06yqw51,13,9999,2,1,0,NA,NA
m0c72n06yqw51_processed_3,m0c72n06yqw51,13,9999,2,1,0,clapping,NA
m0c72n06yqw51_processed_4,m0c72n06yqw51,13,9999,2,1,0,NA,NA
m0c72n06yqw51_processed_5,m0c72n06yqw51,13,9999,2,0,0,NA,NA
m0c72n06yqw51_processed_6,m0c72n06yqw51,13,9999,2,1,0,NA,NA
m0c72n06yqw51_processed_7,m0c72n06yqw51,13,9999,2,1,0,NA,NA
m0c72n06yqw51_processed_8,m0c72n06yqw51,13,9999,2,1,0,NA,NA
m0c72n06yqw51_processed_9,m0c72n06yqw51,13,9999,2,2,0,NA,NA
m0c72n06yqw51_processed_10,m0c72n06yqw51,13,9999,2,2,0,NA,NA
m0c72n06yqw51_processed_11,m0c72n06yqw51,13,9999,2,0,0,NA,NA
m0c72n06yqw51_processed_12,m0c72n06yqw51,13,9999,2,0,0,NA,NA
m0tp9640o6561_processed_0,m0tp9640o6561,3,9999,0,0,1,shouting,NA
m0tp9640o6561_processed_1,m0tp9640o6561,3,9999,0,0,1,NA,NA
m0tp9640o6561_processed_2,m0tp9640o6561,3,9999,0,0,1,NA,NA
m1vc0299apb71_processed_0,m1vc0299apb71,4,3,2,0,0,NA,NA
m1vc0299apb71_processed_1,m1vc0299apb71,4,3,2,1,0,NA,NA
m1vc0299apb71_processed_2,m1vc0299apb71,4,3,2,2,0,NA,NA
m1vc0299apb71_processed_3,m1vc0299apb71,4,3,2,0,0,NA,NA
m4xpc2rkprn61_processed_0,m4xpc2rkprn61,4,2,0,0,0,NA,NA
m4xpc2rkprn61_processed_1,m4xpc2rkprn61,4,2,0,0,0,NA,NA
m4xpc2rkprn61_processed_2,m4xpc2rkprn61,4,2,0,0,0,NA,NA
m4xpc2rkprn61_processed_3,m4xpc2rkprn61,4,2,0,0,0,NA,NA
m8webkagg7m61_processed_0,m8webkagg7m61,2,9999,1,0,1,Crowd,NA
m8webkagg7m61_processed_1,m8webkagg7m61,2,9999,1,0,1,crowd,NA
mcv7ibv3vw461_processed_0,mcv7ibv3vw461,4,3,0,0,0,baby voice,NA
mcv7ibv3vw461_processed_1,mcv7ibv3vw461,4,3,0,0,0,laugh,NA
mcv7ibv3vw461_processed_2,mcv7ibv3vw461,4,3,0,0,0,cry,NA
mcv7ibv3vw461_processed_3,mcv7ibv3vw461,4,3,0,0,0,NA,
mcytmm3n9fn51_processed_0,mcytmm3n9fn51,3,4,1,1,0,NA,
mcytmm3n9fn51_processed_1,mcytmm3n9fn51,3,4,1,0,0,cheering,
mcytmm3n9fn51_processed_2,mcytmm3n9fn51,3,4,1,0,0,NA,
mec1zmiwqbp51_processed_0,mec1zmiwqbp51,8,1,0,0,0,"stadium, crowd",
mec1zmiwqbp51_processed_1,mec1zmiwqbp51,8,1,0,0,0,commentator,crowd voice
mec1zmiwqbp51_processed_2,mec1zmiwqbp51,8,1,0,0,0,NA,
mec1zmiwqbp51_processed_3,mec1zmiwqbp51,8,1,0,0,0,NA,
mec1zmiwqbp51_processed_4,mec1zmiwqbp51,8,1,0,0,0,NA,
mec1zmiwqbp51_processed_5,mec1zmiwqbp51,8,1,0,0,0,NA,crowd voice
mec1zmiwqbp51_processed_6,mec1zmiwqbp51,8,1,0,0,0,NA,
mec1zmiwqbp51_processed_7,mec1zmiwqbp51,8,1,0,0,0,NA,
meztou6z1n571_processed_0,meztou6z1n571,10,2,2,2,0,NA,
meztou6z1n571_processed_1,meztou6z1n571,10,2,2,1,0,NA,
meztou6z1n571_processed_2,meztou6z1n571,10,2,2,1,0,NA,
meztou6z1n571_processed_3,meztou6z1n571,10,2,2,1,0,NA,
meztou6z1n571_processed_4,meztou6z1n571,10,2,2,2,0,NA,
meztou6z1n571_processed_5,meztou6z1n571,10,2,2,2,0,NA,
meztou6z1n571_processed_6,meztou6z1n571,10,2,2,1,0,NA,
meztou6z1n571_processed_7,meztou6z1n571,10,2,2,1,0,NA,
meztou6z1n571_processed_8,meztou6z1n571,10,2,2,2,0,NA,
meztou6z1n571_processed_9,meztou6z1n571,10,2,2,1,0,NA,short clip
mj5978ktwup61_processed_0,mj5978ktwup61,24,9999,0,0,1,"crowd, music",
mj5978ktwup61_processed_1,mj5978ktwup61,24,9999,0,0,0,"music, cheering",
mj5978ktwup61_processed_2,mj5978ktwup61,24,9999,0,0,0,"music, cheering",
mj5978ktwup61_processed_3,mj5978ktwup61,24,9999,0,0,0,"music, cheering",
mj5978ktwup61_processed_4,mj5978ktwup61,24,9999,0,0,0,"music, cheering",
mj5978ktwup61_processed_5,mj5978ktwup61,24,9999,0,0,0,"music, cheering",
mj5978ktwup61_processed_6,mj5978ktwup61,24,9999,0,0,0,"music, cheering",
mj5978ktwup61_processed_7,mj5978ktwup61,24,9999,0,0,0,"music, cheering",
mj5978ktwup61_processed_8,mj5978ktwup61,24,9999,0,0,0,music ,
mj5978ktwup61_processed_9,mj5978ktwup61,24,9999,0,0,0,music,
mj5978ktwup61_processed_10,mj5978ktwup61,24,9999,0,0,0,music,
mj5978ktwup61_processed_11,mj5978ktwup61,24,9999,0,0,0,music,
mj5978ktwup61_processed_12,mj5978ktwup61,24,9999,0,0,0,music,
mj5978ktwup61_processed_13,mj5978ktwup61,24,9999,0,0,0,shouting,
mj5978ktwup61_processed_14,mj5978ktwup61,24,9999,0,0,0,music,
mj5978ktwup61_processed_15,mj5978ktwup61,24,9999,0,0,0,music,
mj5978ktwup61_processed_16,mj5978ktwup61,24,9999,0,0,0,music,
mj5978ktwup61_processed_17,mj5978ktwup61,24,9999,0,0,0,music,
mj5978ktwup61_processed_18,mj5978ktwup61,24,9999,0,0,0,music,
mj5978ktwup61_processed_19,mj5978ktwup61,24,9999,0,0,0,music,
mj5978ktwup61_processed_20,mj5978ktwup61,24,9999,0,0,0,music,
mj5978ktwup61_processed_21,mj5978ktwup61,24,9999,0,0,0,music,
mj5978ktwup61_processed_22,mj5978ktwup61,24,9999,0,0,0,music,
mj5978ktwup61_processed_23,mj5978ktwup61,24,9999,0,0,0,music,
mjb2xa7mr9261_processed_0,mjb2xa7mr9261,1,2,1,1,1,NA,
mkbk8qpfj2y51_processed_0,mkbk8qpfj2y51,4,1,1,0,0,"clapping, cheering, laughing",
mkbk8qpfj2y51_processed_1,mkbk8qpfj2y51,4,1,1,0,0,"clapping, cheering, laughing",
mkbk8qpfj2y51_processed_2,mkbk8qpfj2y51,4,1,1,0,0,"clapping, cheering, laughing",
mkbk8qpfj2y51_processed_3,mkbk8qpfj2y51,4,1,1,1,0,"clapping, cheering, laughing",
mkqaqv2byus51_processed_0,mkqaqv2byus51,3,3,0,0,0,NA,
mkqaqv2byus51_processed_1,mkqaqv2byus51,3,3,0,0,0,CROWD,
mkqaqv2byus51_processed_2,mkqaqv2byus51,3,3,0,0,0,NA,
mldhqpjwf2q51_processed_0,mldhqpjwf2q51,6,3,2,0,0,NA,
mldhqpjwf2q51_processed_1,mldhqpjwf2q51,6,3,2,0,0,NA,
mldhqpjwf2q51_processed_2,mldhqpjwf2q51,6,3,2,0,0,shouting,
mldhqpjwf2q51_processed_3,mldhqpjwf2q51,6,3,2,1,0,shouting,
mldhqpjwf2q51_processed_4,mldhqpjwf2q51,6,3,2,2,0,"shouting, crying",
mldhqpjwf2q51_processed_5,mldhqpjwf2q51,6,3,2,0,0,crying,
mmdsp3lm12q61_processed_0,mmdsp3lm12q61,4,1,0,0,0,laugh,
mmdsp3lm12q61_processed_1,mmdsp3lm12q61,4,1,0,0,0,NA,
mmdsp3lm12q61_processed_2,mmdsp3lm12q61,4,1,0,0,0,NA,
mmdsp3lm12q61_processed_3,mmdsp3lm12q61,4,1,0,0,0,NA,
mnsrlkt6ns961_processed_0,mnsrlkt6ns961,5,3,1,1,0,cops siren,
mnsrlkt6ns961_processed_1,mnsrlkt6ns961,5,3,1,1,0,NA,
mnsrlkt6ns961_processed_2,mnsrlkt6ns961,5,3,1,1,0,NA,
mnsrlkt6ns961_processed_3,mnsrlkt6ns961,5,3,1,1,0,NA,
mnsrlkt6ns961_processed_4,mnsrlkt6ns961,5,3,1,1,0,NA,
mnzuaeug89y61_processed_0,mnzuaeug89y61,2,1,3,3,0,gunshots,
mnzuaeug89y61_processed_1,mnzuaeug89y61,2,1,3,3,0,gunshots,
mpg48m5spaq51_processed_0,mpg48m5spaq51,18,28,0,0,0,NA,
mpg48m5spaq51_processed_1,mpg48m5spaq51,18,28,0,0,0,NA,
mpg48m5spaq51_processed_2,mpg48m5spaq51,18,28,0,0,0,NA,
mpg48m5spaq51_processed_3,mpg48m5spaq51,18,28,0,0,0,NA,
mpg48m5spaq51_processed_4,mpg48m5spaq51,18,28,0,0,0,NA,
mpg48m5spaq51_processed_5,mpg48m5spaq51,18,28,0,0,0,NA,
mpg48m5spaq51_processed_6,mpg48m5spaq51,18,28,0,0,0,NA,
mpg48m5spaq51_processed_7,mpg48m5spaq51,18,28,0,0,0,NA,
mpg48m5spaq51_processed_8,mpg48m5spaq51,18,28,0,0,0,NA,
mpg48m5spaq51_processed_9,mpg48m5spaq51,18,28,0,0,0,NA,
mpg48m5spaq51_processed_10,mpg48m5spaq51,18,28,0,0,0,NA,
mpg48m5spaq51_processed_11,mpg48m5spaq51,18,28,0,0,0,NA,
mpg48m5spaq51_processed_12,mpg48m5spaq51,18,28,0,0,0,NA,
mpg48m5spaq51_processed_13,mpg48m5spaq51,18,28,0,0,0,NA,
mpg48m5spaq51_processed_14,mpg48m5spaq51,18,28,0,0,0,NA,
mpg48m5spaq51_processed_15,mpg48m5spaq51,18,28,0,0,0,NA,
mpg48m5spaq51_processed_16,mpg48m5spaq51,18,28,0,0,0,NA,
mpg48m5spaq51_processed_17,mpg48m5spaq51,18,28,0,0,0,NA,
mrkrwoz7qs971_processed_0,mrkrwoz7qs971,6,3,1,0,0,water splash,
mrkrwoz7qs971_processed_1,mrkrwoz7qs971,6,3,1,0,0,NA,
mrkrwoz7qs971_processed_2,mrkrwoz7qs971,6,3,1,1,0,water splash,
mrkrwoz7qs971_processed_3,mrkrwoz7qs971,6,3,1,1,0,"water splash, laugh",
mrkrwoz7qs971_processed_4,mrkrwoz7qs971,6,3,1,1,0,"laugh, shouting",
mrkrwoz7qs971_processed_5,mrkrwoz7qs971,6,3,1,0,0,laugh,
mta9j16sw7971_processed_0,mta9j16sw7971,5,2,2,2,0,NA,
mta9j16sw7971_processed_1,mta9j16sw7971,5,2,2,2,0,shouting,
mta9j16sw7971_processed_2,mta9j16sw7971,5,3,2,1,0,car horns,
mta9j16sw7971_processed_3,mta9j16sw7971,5,3,2,1,0,loud speakers,
mta9j16sw7971_processed_4,mta9j16sw7971,5,3,2,0,0,NA,short audio clip
mvkwg07padw61_processed_0,mvkwg07padw61,6,9999,1,0,1,crowd,
mvkwg07padw61_processed_1,mvkwg07padw61,6,9999,1,1,0,NA,
mvkwg07padw61_processed_2,mvkwg07padw61,6,9999,1,0,0,NA,
mvkwg07padw61_processed_3,mvkwg07padw61,6,9999,1,0,0,crowd,
mvkwg07padw61_processed_4,mvkwg07padw61,6,9999,1,0,1,music,
mvkwg07padw61_processed_5,mvkwg07padw61,6,9999,1,0,0,NA,
my29g93sck271_processed_0,my29g93sck271,6,2,0,0,0,music,
my29g93sck271_processed_1,my29g93sck271,6,2,0,0,0,music,
my29g93sck271_processed_2,my29g93sck271,6,2,0,0,0,music,
my29g93sck271_processed_3,my29g93sck271,6,2,0,0,0,music,
my29g93sck271_processed_4,my29g93sck271,6,2,0,0,0,music,
my29g93sck271_processed_5,my29g93sck271,6,2,0,0,0,music,
mym3ighjzsa71_processed_0,mym3ighjzsa71,2,2,2,0,0,"stadium, crowd",
mym3ighjzsa71_processed_1,mym3ighjzsa71,2,2,2,2,0,NA,
mz9ghl1azoh61_processed_0,mz9ghl1azoh61,2,3,0,0,0,NA,
mz9ghl1azoh61_processed_1,mz9ghl1azoh61,2,3,0,0,0,NA,
n0ekog764gj61_processed_0,n0ekog764gj61,3,9999,2,2,1,crowd,
n0ekog764gj61_processed_1,n0ekog764gj61,3,9999,2,2,1,"crowd, shouting",
n0ekog764gj61_processed_2,n0ekog764gj61,3,9999,2,1,1,shouting,
n1sb7uktynz51_processed_0,n1sb7uktynz51,2,2,0,0,0,car horns,
n1sb7uktynz51_processed_1,n1sb7uktynz51,2,2,0,0,0,NA,
n4bdsdbtdo661_processed_0,n4bdsdbtdo661,5,9999,0,0,1,NA,
n4bdsdbtdo661_processed_1,n4bdsdbtdo661,5,9999,0,0,1,cops siren,
n4bdsdbtdo661_processed_2,n4bdsdbtdo661,5,9999,0,0,0,NA,
n4bdsdbtdo661_processed_3,n4bdsdbtdo661,5,9999,0,0,0,NA,
n4bdsdbtdo661_processed_4,n4bdsdbtdo661,5,9999,0,0,0,NA,
n4fckc6j9vk61_processed_0,n4fckc6j9vk61,9,4,2,1,0,NA,
n4fckc6j9vk61_processed_1,n4fckc6j9vk61,9,4,2,1,0,NA,
n4fckc6j9vk61_processed_2,n4fckc6j9vk61,9,4,2,1,0,NA,
n4fckc6j9vk61_processed_3,n4fckc6j9vk61,9,4,2,1,0,NA,
n4fckc6j9vk61_processed_4,n4fckc6j9vk61,9,4,2,2,0,NA,
n4fckc6j9vk61_processed_5,n4fckc6j9vk61,9,4,2,2,0,NA,
n4fckc6j9vk61_processed_6,n4fckc6j9vk61,9,4,2,1,0,music,
n4fckc6j9vk61_processed_7,n4fckc6j9vk61,9,4,2,1,0,NA,
n4fckc6j9vk61_processed_8,n4fckc6j9vk61,9,4,2,1,0,NA,
n54pklj4xx371_processed_0,n54pklj4xx371,2,9999,0,0,1,motorbike engine,no voices
n54pklj4xx371_processed_1,n54pklj4xx371,2,9999,0,0,1,NA,
n67lcufslh371_processed_0,n67lcufslh371,6,3,3,2,0,NA,
n67lcufslh371_processed_1,n67lcufslh371,6,3,3,1,0,NA,
n67lcufslh371_processed_2,n67lcufslh371,6,3,3,1,0,NA,
n67lcufslh371_processed_3,n67lcufslh371,6,3,3,3,0,punch,
n67lcufslh371_processed_4,n67lcufslh371,6,3,3,0,0,NA,
n67lcufslh371_processed_5,n67lcufslh371,6,3,3,1,0,NA,
n7owqsp6oq261_processed_0,n7owqsp6oq261,2,1,1,0,0,music,
n7owqsp6oq261_processed_1,n7owqsp6oq261,2,1,1,1,0,music,
nc6aha1m92171_processed_0,nc6aha1m92171,2,1,1,1,0,"music, speech",music overlaps with person talking
nc6aha1m92171_processed_1,nc6aha1m92171,2,1,1,1,0,"music, speech",music overlaps with person talking
nd05z9f53yj51_processed_0,nd05z9f53yj51,5,9999,1,1,1,honking,
nd05z9f53yj51_processed_1,nd05z9f53yj51,5,9999,1,1,1,honking,
nd05z9f53yj51_processed_2,nd05z9f53yj51,5,9999,1,1,1,"honking, sirens",
nd05z9f53yj51_processed_3,nd05z9f53yj51,5,9999,1,1,1,"honking, sirens",
nd05z9f53yj51_processed_4,nd05z9f53yj51,5,9999,1,1,1,"honking, sirens",
nerbo0uctml61_processed_0,nerbo0uctml61,2,9999,3,3,1,blast,
nerbo0uctml61_processed_1,nerbo0uctml61,2,9999,3,3,1,blast,
netvdni88wa71_processed_0,netvdni88wa71,13,6,3,1,0,NA,
netvdni88wa71_processed_1,netvdni88wa71,13,6,3,2,0,NA,
netvdni88wa71_processed_2,netvdni88wa71,13,6,3,1,0,NA,
netvdni88wa71_processed_3,netvdni88wa71,13,6,3,1,0,NA,
netvdni88wa71_processed_4,netvdni88wa71,13,6,3,3,0,shouting,
netvdni88wa71_processed_5,netvdni88wa71,13,6,3,3,0,shouting,
netvdni88wa71_processed_6,netvdni88wa71,13,6,3,1,0,NA,
netvdni88wa71_processed_7,netvdni88wa71,13,6,3,1,0,NA,
netvdni88wa71_processed_8,netvdni88wa71,13,6,3,1,0,NA,
netvdni88wa71_processed_9,netvdni88wa71,13,6,3,2,0,NA,
netvdni88wa71_processed_10,netvdni88wa71,13,6,3,1,0,NA,
netvdni88wa71_processed_11,netvdni88wa71,13,6,3,0,0,NA,
netvdni88wa71_processed_12,netvdni88wa71,13,6,3,1,0,NA,
nf94539da0b61_processed_0,nf94539da0b61,4,1,0,0,0,NA,
nf94539da0b61_processed_1,nf94539da0b61,4,1,0,0,0,NA,
nf94539da0b61_processed_2,nf94539da0b61,4,1,0,0,0,NA,
nf94539da0b61_processed_3,nf94539da0b61,4,1,0,0,0,NA,
nfnb7w9wdqy61_processed_0,nfnb7w9wdqy61,7,9999,3,0,1,crowd,
nfnb7w9wdqy61_processed_1,nfnb7w9wdqy61,7,9999,3,1,1,crowd,
nfnb7w9wdqy61_processed_2,nfnb7w9wdqy61,7,9999,3,3,1,fight,
nfnb7w9wdqy61_processed_3,nfnb7w9wdqy61,7,9999,3,1,1,fight,
nfnb7w9wdqy61_processed_4,nfnb7w9wdqy61,7,9999,3,1,1,fight,
nfnb7w9wdqy61_processed_5,nfnb7w9wdqy61,7,9999,3,1,1,fight,
nfnb7w9wdqy61_processed_6,nfnb7w9wdqy61,7,9999,3,0,1,fight,
ngabrpvbte771_processed_0,ngabrpvbte771,3,2,1,1,0,NA,
ngabrpvbte771_processed_1,ngabrpvbte771,3,2,1,1,0,NA,
ngabrpvbte771_processed_2,ngabrpvbte771,3,2,1,0,0,NA,
ngv8c67p6d671_processed_0,ngv8c67p6d671,10,6,2,0,0,radio news,
ngv8c67p6d671_processed_1,ngv8c67p6d671,10,6,2,0,0,radio news,
ngv8c67p6d671_processed_2,ngv8c67p6d671,10,6,2,2,0,shouting,
ngv8c67p6d671_processed_3,ngv8c67p6d671,10,6,2,2,0,shouting,
ngv8c67p6d671_processed_4,ngv8c67p6d671,10,6,2,1,0,shouting,
ngv8c67p6d671_processed_5,ngv8c67p6d671,10,6,2,0,0,NA,
ngv8c67p6d671_processed_6,ngv8c67p6d671,10,6,2,0,0,NA,
ngv8c67p6d671_processed_7,ngv8c67p6d671,10,6,2,0,0,radio news,
ngv8c67p6d671_processed_8,ngv8c67p6d671,10,6,2,0,0,radio news,
ngv8c67p6d671_processed_9,ngv8c67p6d671,10,6,2,0,0,radio news,
ni3xrznfawq61_processed_0,ni3xrznfawq61,5,1,0,0,0,music,
ni3xrznfawq61_processed_1,ni3xrznfawq61,5,1,0,0,0,music,
ni3xrznfawq61_processed_2,ni3xrznfawq61,5,1,0,0,0,music,
ni3xrznfawq61_processed_3,ni3xrznfawq61,5,1,0,0,0,"concert, crowd",
ni3xrznfawq61_processed_4,ni3xrznfawq61,5,1,0,0,1,"concert, crowd",
nmktwl1ulji51_processed_0,nmktwl1ulji51,9,9999,1,0,1,crowd,
nmktwl1ulji51_processed_1,nmktwl1ulji51,9,9999,1,1,1,"crowd, laughter",
nmktwl1ulji51_processed_2,nmktwl1ulji51,9,9999,1,1,1,"crowd, laughter, clap",
nmktwl1ulji51_processed_3,nmktwl1ulji51,9,9999,1,1,1,crowd,
nmktwl1ulji51_processed_4,nmktwl1ulji51,9,9999,1,0,1,NA,
nmktwl1ulji51_processed_5,nmktwl1ulji51,9,9999,1,0,0,NA,
nmktwl1ulji51_processed_6,nmktwl1ulji51,9,9999,1,0,0,NA,
nmktwl1ulji51_processed_7,nmktwl1ulji51,9,9999,1,0,0,NA,
nmktwl1ulji51_processed_8,nmktwl1ulji51,9,9999,1,0,0,NA,
novps5rd9bm51_processed_0,novps5rd9bm51,5,1,0,0,0,"music, karaoke",
novps5rd9bm51_processed_1,novps5rd9bm51,5,1,0,0,0,"music, karaoke",
novps5rd9bm51_processed_2,novps5rd9bm51,5,1,0,0,0,"music, karaoke",
novps5rd9bm51_processed_3,novps5rd9bm51,5,1,0,0,0,"music, karaoke",
novps5rd9bm51_processed_4,novps5rd9bm51,5,1,0,0,1,"music, karaoke",
nr1mxisufl071_processed_0,nr1mxisufl071,2,9999,0,0,1,crowd,
nr1mxisufl071_processed_1,nr1mxisufl071,2,9999,0,0,1,"crowd, clapping",
nrnc23a699p51_processed_0,nrnc23a699p51,2,4,2,2,0,fighting,
nrnc23a699p51_processed_1,nrnc23a699p51,2,4,2,2,0,fighting,
nsr9wssxfu971_processed_0,nsr9wssxfu971,31,6,0,0,0,music with speech,
nsr9wssxfu971_processed_1,nsr9wssxfu971,31,6,1,1,0,music,audio sounds  broken
nsr9wssxfu971_processed_2,nsr9wssxfu971,31,6,3,1,0,NA,
nsr9wssxfu971_processed_3,nsr9wssxfu971,31,6,3,1,0,music,
nsr9wssxfu971_processed_4,nsr9wssxfu971,31,6,3,2,0,NA,audio sounds  broken
nsr9wssxfu971_processed_5,nsr9wssxfu971,31,6,3,3,0,shouting,
nsr9wssxfu971_processed_6,nsr9wssxfu971,31,6,3,0,0,music,
nsr9wssxfu971_processed_7,nsr9wssxfu971,31,6,3,2,0,NA,
nsr9wssxfu971_processed_8,nsr9wssxfu971,31,6,3,3,0,shouting,
nsr9wssxfu971_processed_9,nsr9wssxfu971,31,6,3,1,0,NA,
nsr9wssxfu971_processed_10,nsr9wssxfu971,31,6,3,3,0,shouting,audio seems to screeching
nsr9wssxfu971_processed_11,nsr9wssxfu971,31,6,3,1,0,NA,
nsr9wssxfu971_processed_12,nsr9wssxfu971,31,6,3,3,0,shouting,audio seems to screeching
nsr9wssxfu971_processed_13,nsr9wssxfu971,31,6,3,0,0,music,
nsr9wssxfu971_processed_14,nsr9wssxfu971,31,6,3,3,0,shouting,audio seems to screeching
nsr9wssxfu971_processed_15,nsr9wssxfu971,31,6,3,0,0,music,
nsr9wssxfu971_processed_16,nsr9wssxfu971,31,6,3,3,0,shouting,audio seems to screeching
nsr9wssxfu971_processed_17,nsr9wssxfu971,31,6,3,3,0,shouting,audio seems to screeching
nsr9wssxfu971_processed_18,nsr9wssxfu971,31,6,3,3,0,shouting,audio seems to screeching
nsr9wssxfu971_processed_19,nsr9wssxfu971,31,6,3,1,0,shouting,audio seems to screeching
nsr9wssxfu971_processed_20,nsr9wssxfu971,31,6,3,3,0,shouting,audio seems to screeching
nsr9wssxfu971_processed_21,nsr9wssxfu971,31,6,3,3,0,shouting,audio seems to screeching
nsr9wssxfu971_processed_22,nsr9wssxfu971,31,6,3,3,0,shouting,audio seems to screeching
nsr9wssxfu971_processed_23,nsr9wssxfu971,31,6,3,3,0,shouting,audio seems to screeching
nsr9wssxfu971_processed_24,nsr9wssxfu971,31,6,3,3,0,shouting,audio seems to screeching
nsr9wssxfu971_processed_25,nsr9wssxfu971,31,6,3,3,0,shouting,audio seems to screeching
nsr9wssxfu971_processed_26,nsr9wssxfu971,31,6,3,3,0,shouting,audio seems to screeching
nsr9wssxfu971_processed_27,nsr9wssxfu971,31,6,3,0,0,NA,
nsr9wssxfu971_processed_28,nsr9wssxfu971,31,6,3,0,0,NA,
nsr9wssxfu971_processed_29,nsr9wssxfu971,31,6,3,2,0,NA,
nsr9wssxfu971_processed_30,nsr9wssxfu971,31,6,3,3,0,"siren, shouting",
nv04h04fnnv51_processed_0,nv04h04fnnv51,11,2,0,0,0,NA,
nv04h04fnnv51_processed_1,nv04h04fnnv51,11,2,0,0,0,NA,
nv04h04fnnv51_processed_2,nv04h04fnnv51,11,2,0,0,0,NA,
nv04h04fnnv51_processed_3,nv04h04fnnv51,11,2,0,0,0,NA,
nv04h04fnnv51_processed_4,nv04h04fnnv51,11,2,0,0,0,NA,
nv04h04fnnv51_processed_5,nv04h04fnnv51,11,2,0,0,0,NA,
nv04h04fnnv51_processed_6,nv04h04fnnv51,11,2,0,0,0,NA,
nv04h04fnnv51_processed_7,nv04h04fnnv51,11,2,0,0,0,NA,
nv04h04fnnv51_processed_8,nv04h04fnnv51,11,2,0,0,0,NA,
nv04h04fnnv51_processed_9,nv04h04fnnv51,11,2,0,0,0,NA,
nv04h04fnnv51_processed_10,nv04h04fnnv51,11,2,0,0,0,NA,
nw042g4ww2f61_processed_0,nw042g4ww2f61,8,9999,0,0,1,"crowd, cheering",
nw042g4ww2f61_processed_1,nw042g4ww2f61,8,9999,0,0,1,"crowd, cheering",
nw042g4ww2f61_processed_2,nw042g4ww2f61,8,9999,0,0,1,"crowd, cheering",
nw042g4ww2f61_processed_3,nw042g4ww2f61,8,9999,0,0,1,"crowd, cheering",
nw042g4ww2f61_processed_4,nw042g4ww2f61,8,9999,0,0,1,"crowd, cheering",
nw042g4ww2f61_processed_5,nw042g4ww2f61,8,9999,0,0,1,"crowd, cheering",
nw042g4ww2f61_processed_6,nw042g4ww2f61,8,9999,0,0,1,"crowd, cheering",
nw042g4ww2f61_processed_7,nw042g4ww2f61,8,9999,0,0,1,"crowd, cheering",
nwx6a3q9e6o61_processed_0,nwx6a3q9e6o61,2,1,0,0,0,NA,
nwx6a3q9e6o61_processed_1,nwx6a3q9e6o61,2,1,0,0,0,NA,
nzpxebrw4jw61_processed_0,nzpxebrw4jw61,18,9,1,1,0,NA,
nzpxebrw4jw61_processed_1,nzpxebrw4jw61,18,9,1,1,0,NA,
nzpxebrw4jw61_processed_2,nzpxebrw4jw61,18,9,1,1,0,NA,
nzpxebrw4jw61_processed_3,nzpxebrw4jw61,18,9,1,0,0,NA,
nzpxebrw4jw61_processed_4,nzpxebrw4jw61,18,9,1,1,0,NA,
nzpxebrw4jw61_processed_5,nzpxebrw4jw61,18,9,1,1,0,NA,
nzpxebrw4jw61_processed_6,nzpxebrw4jw61,18,9,1,1,0,NA,
nzpxebrw4jw61_processed_7,nzpxebrw4jw61,18,9,1,1,0,NA,
nzpxebrw4jw61_processed_8,nzpxebrw4jw61,18,9,1,1,0,NA,
nzpxebrw4jw61_processed_9,nzpxebrw4jw61,18,9,1,0,0,NA,
nzpxebrw4jw61_processed_10,nzpxebrw4jw61,18,9,1,0,0,NA,
nzpxebrw4jw61_processed_11,nzpxebrw4jw61,18,9,1,1,0,NA,
nzpxebrw4jw61_processed_12,nzpxebrw4jw61,18,9,1,1,0,NA,
nzpxebrw4jw61_processed_13,nzpxebrw4jw61,18,9,1,1,0,NA,
nzpxebrw4jw61_processed_14,nzpxebrw4jw61,18,9,1,1,0,NA,
nzpxebrw4jw61_processed_15,nzpxebrw4jw61,18,9,1,1,0,clapping,
nzpxebrw4jw61_processed_16,nzpxebrw4jw61,18,9,1,0,0,NA,
nzpxebrw4jw61_processed_17,nzpxebrw4jw61,18,9,1,0,0,NA,
o03beaprv8n51_processed_0,o03beaprv8n51,5,2,1,0,0,NA,
o03beaprv8n51_processed_1,o03beaprv8n51,5,2,1,1,0,NA,
o03beaprv8n51_processed_2,o03beaprv8n51,5,2,1,1,0,NA,
o03beaprv8n51_processed_3,o03beaprv8n51,5,2,1,1,0,NA,
o03beaprv8n51_processed_4,o03beaprv8n51,5,2,1,1,0,NA,
o1iurxp7z4w51_processed_0,o1iurxp7z4w51,1,9999,0,0,1,empty audio,empty audio
o4flke2zbr861_processed_0,o4flke2zbr861,6,2,1,1,0,,
o4flke2zbr861_processed_1,o4flke2zbr861,6,2,1,1,0,,
o4flke2zbr861_processed_2,o4flke2zbr861,6,2,1,1,0,,
o4flke2zbr861_processed_3,o4flke2zbr861,6,2,1,1,0,,
o4flke2zbr861_processed_4,o4flke2zbr861,6,2,1,1,0,,
o4flke2zbr861_processed_5,o4flke2zbr861,6,2,1,1,0,,
o6a0nawu2cp51_processed_0,o6a0nawu2cp51,3,9999,0,0,1,empty audio,
o6a0nawu2cp51_processed_1,o6a0nawu2cp51,3,9999,0,0,1,empty audio,
o6a0nawu2cp51_processed_2,o6a0nawu2cp51,3,9999,0,0,1,sound effect,
o964w7ixwsx51_processed_0,o964w7ixwsx51,19,10,1,0,0,"music, speech",
o964w7ixwsx51_processed_1,o964w7ixwsx51,19,10,1,0,0,"music, speech",
o964w7ixwsx51_processed_2,o964w7ixwsx51,19,10,1,1,0,"music, speech",
o964w7ixwsx51_processed_3,o964w7ixwsx51,19,10,1,1,0,"music, speech",
o964w7ixwsx51_processed_4,o964w7ixwsx51,19,10,1,0,0,"music, speech",
o964w7ixwsx51_processed_5,o964w7ixwsx51,19,10,1,0,0,music,
o964w7ixwsx51_processed_6,o964w7ixwsx51,19,10,1,1,0,"music, speech",
o964w7ixwsx51_processed_7,o964w7ixwsx51,19,10,1,0,0,"music, speech",
o964w7ixwsx51_processed_8,o964w7ixwsx51,19,10,1,0,0,"music, speech",
o964w7ixwsx51_processed_9,o964w7ixwsx51,19,10,1,1,0,"music, speech",
o964w7ixwsx51_processed_10,o964w7ixwsx51,19,10,1,0,0,"music, speech",
o964w7ixwsx51_processed_11,o964w7ixwsx51,19,10,1,1,0,"music, speech",
o964w7ixwsx51_processed_12,o964w7ixwsx51,19,10,1,0,0,"music, speech",
o964w7ixwsx51_processed_13,o964w7ixwsx51,19,10,1,1,0,"music, speech",
o964w7ixwsx51_processed_14,o964w7ixwsx51,19,10,1,0,0,"music, speech",
o964w7ixwsx51_processed_15,o964w7ixwsx51,19,10,1,0,0,"music, speech",
o964w7ixwsx51_processed_16,o964w7ixwsx51,19,10,1,0,0,"music, speech",
o964w7ixwsx51_processed_17,o964w7ixwsx51,19,10,1,0,0,"music, speech",
o964w7ixwsx51_processed_18,o964w7ixwsx51,19,10,1,0,0,"music, speech",
o9k446r3s5761_processed_0,o9k446r3s5761,6,2,1,0,0,NA,
o9k446r3s5761_processed_1,o9k446r3s5761,6,2,1,0,0,NA,
o9k446r3s5761_processed_2,o9k446r3s5761,6,2,1,1,0,NA,
o9k446r3s5761_processed_3,o9k446r3s5761,6,2,1,1,0,NA,
o9k446r3s5761_processed_4,o9k446r3s5761,6,2,1,1,0,NA,
o9k446r3s5761_processed_5,o9k446r3s5761,6,2,1,0,0,NA,
oaefa9ociba61_processed_0,oaefa9ociba61,2,1,0,0,0,laugh,
oaefa9ociba61_processed_1,oaefa9ociba61,2,1,0,0,0,laugh,
oamgmjzzd9161_processed_0,oamgmjzzd9161,2,9999,0,0,1,press conference,
oamgmjzzd9161_processed_1,oamgmjzzd9161,2,9999,0,0,1,press conference,
oc2jufewbdd61_processed_0,oc2jufewbdd61,4,2,1,1,0,"music, speech",
oc2jufewbdd61_processed_1,oc2jufewbdd61,4,2,1,1,0,"music, speech",
oc2jufewbdd61_processed_2,oc2jufewbdd61,4,2,1,0,0,"music, speech",
oc2jufewbdd61_processed_3,oc2jufewbdd61,4,2,1,0,0,"music, speech",
ocqcmynrkmd71_processed_0,ocqcmynrkmd71,2,5,2,2,0,fighting,
ocqcmynrkmd71_processed_1,ocqcmynrkmd71,2,5,2,1,0,fighting,
og05vp2u1b261_processed_0,og05vp2u1b261,6,9999,1,1,1,"fighting, crowd",
og05vp2u1b261_processed_1,og05vp2u1b261,6,9999,1,1,1,"fighting, crowd",
og05vp2u1b261_processed_2,og05vp2u1b261,6,9999,1,0,1,"fighting, crowd",
og05vp2u1b261_processed_3,og05vp2u1b261,6,9999,1,0,1,NA,
og05vp2u1b261_processed_4,og05vp2u1b261,6,9999,1,0,0,NA,
og05vp2u1b261_processed_5,og05vp2u1b261,6,9999,1,0,0,NA,
oisp7hbrxgq51_processed_0,oisp7hbrxgq51,18,,,,,,
oisp7hbrxgq51_processed_1,oisp7hbrxgq51,18,,,,,,
oisp7hbrxgq51_processed_10,oisp7hbrxgq51,18,,,,,,
oisp7hbrxgq51_processed_11,oisp7hbrxgq51,18,,,,,,
oisp7hbrxgq51_processed_12,oisp7hbrxgq51,18,,,,,,
oisp7hbrxgq51_processed_13,oisp7hbrxgq51,18,,,,,,
oisp7hbrxgq51_processed_14,oisp7hbrxgq51,18,,,,,,
oisp7hbrxgq51_processed_15,oisp7hbrxgq51,18,,,,,,
oisp7hbrxgq51_processed_16,oisp7hbrxgq51,18,,,,,,
oisp7hbrxgq51_processed_17,oisp7hbrxgq51,18,,,,,,
oisp7hbrxgq51_processed_2,oisp7hbrxgq51,18,,,,,,
oisp7hbrxgq51_processed_3,oisp7hbrxgq51,18,,,,,,
oisp7hbrxgq51_processed_4,oisp7hbrxgq51,18,,,,,,
oisp7hbrxgq51_processed_5,oisp7hbrxgq51,18,,,,,,
oisp7hbrxgq51_processed_6,oisp7hbrxgq51,18,,,,,,
oisp7hbrxgq51_processed_7,oisp7hbrxgq51,18,,,,,,
oisp7hbrxgq51_processed_8,oisp7hbrxgq51,18,,,,,,
oisp7hbrxgq51_processed_9,oisp7hbrxgq51,18,,,,,,
oj72g1shqos61_processed_0,oj72g1shqos61,13,,,,,,
oj72g1shqos61_processed_1,oj72g1shqos61,13,,,,,,
oj72g1shqos61_processed_10,oj72g1shqos61,13,,,,,,
oj72g1shqos61_processed_11,oj72g1shqos61,13,,,,,,
oj72g1shqos61_processed_12,oj72g1shqos61,13,,,,,,
oj72g1shqos61_processed_2,oj72g1shqos61,13,,,,,,
oj72g1shqos61_processed_3,oj72g1shqos61,13,,,,,,
oj72g1shqos61_processed_4,oj72g1shqos61,13,,,,,,
oj72g1shqos61_processed_5,oj72g1shqos61,13,,,,,,
oj72g1shqos61_processed_6,oj72g1shqos61,13,,,,,,
oj72g1shqos61_processed_7,oj72g1shqos61,13,,,,,,
oj72g1shqos61_processed_8,oj72g1shqos61,13,,,,,,
oj72g1shqos61_processed_9,oj72g1shqos61,13,,,,,,
ojm1mgt56jz61_processed_0,ojm1mgt56jz61,7,,,,,,
ojm1mgt56jz61_processed_1,ojm1mgt56jz61,7,,,,,,
ojm1mgt56jz61_processed_2,ojm1mgt56jz61,7,,,,,,
ojm1mgt56jz61_processed_3,ojm1mgt56jz61,7,,,,,,
ojm1mgt56jz61_processed_4,ojm1mgt56jz61,7,,,,,,
ojm1mgt56jz61_processed_5,ojm1mgt56jz61,7,,,,,,
ojm1mgt56jz61_processed_6,ojm1mgt56jz61,7,,,,,,
oktw1w8x87v61_processed_0,oktw1w8x87v61,3,,,,,,
oktw1w8x87v61_processed_1,oktw1w8x87v61,3,,,,,,
oktw1w8x87v61_processed_2,oktw1w8x87v61,3,,,,,,
om30736wpo471_processed_0,om30736wpo471,4,,,,,,
om30736wpo471_processed_1,om30736wpo471,4,,,,,,
om30736wpo471_processed_2,om30736wpo471,4,,,,,,
om30736wpo471_processed_3,om30736wpo471,4,,,,,,
onpz0j66b4a61_processed_0,onpz0j66b4a61,5,,,,,,
onpz0j66b4a61_processed_1,onpz0j66b4a61,5,,,,,,
onpz0j66b4a61_processed_2,onpz0j66b4a61,5,,,,,,
onpz0j66b4a61_processed_3,onpz0j66b4a61,5,,,,,,
onpz0j66b4a61_processed_4,onpz0j66b4a61,5,,,,,,
opcxa92x6q671_processed_0,opcxa92x6q671,10,,,,,,
opcxa92x6q671_processed_1,opcxa92x6q671,10,,,,,,
opcxa92x6q671_processed_2,opcxa92x6q671,10,,,,,,
opcxa92x6q671_processed_3,opcxa92x6q671,10,,,,,,
opcxa92x6q671_processed_4,opcxa92x6q671,10,,,,,,
opcxa92x6q671_processed_5,opcxa92x6q671,10,,,,,,
opcxa92x6q671_processed_6,opcxa92x6q671,10,,,,,,
opcxa92x6q671_processed_7,opcxa92x6q671,10,,,,,,
opcxa92x6q671_processed_8,opcxa92x6q671,10,,,,,,
opcxa92x6q671_processed_9,opcxa92x6q671,10,,,,,,
opthnx0e6am61_processed_0,opthnx0e6am61,6,,,,,,
opthnx0e6am61_processed_1,opthnx0e6am61,6,,,,,,
opthnx0e6am61_processed_2,opthnx0e6am61,6,,,,,,
opthnx0e6am61_processed_3,opthnx0e6am61,6,,,,,,
opthnx0e6am61_processed_4,opthnx0e6am61,6,,,,,,
opthnx0e6am61_processed_5,opthnx0e6am61,6,,,,,,
oqamh6vsyw471_processed_0,oqamh6vsyw471,6,,,,,,
oqamh6vsyw471_processed_1,oqamh6vsyw471,6,,,,,,
oqamh6vsyw471_processed_2,oqamh6vsyw471,6,,,,,,
oqamh6vsyw471_processed_3,oqamh6vsyw471,6,,,,,,
oqamh6vsyw471_processed_4,oqamh6vsyw471,6,,,,,,
oqamh6vsyw471_processed_5,oqamh6vsyw471,6,,,,,,
oqtdmeyf9qe61_processed_0,oqtdmeyf9qe61,4,,,,,,
oqtdmeyf9qe61_processed_1,oqtdmeyf9qe61,4,,,,,,
oqtdmeyf9qe61_processed_2,oqtdmeyf9qe61,4,,,,,,
oqtdmeyf9qe61_processed_3,oqtdmeyf9qe61,4,,,,,,
ouae7ggvaqd71_processed_0,ouae7ggvaqd71,1,,,,,,
ov2v714nez771_processed_0,ov2v714nez771,3,,,,,,
ov2v714nez771_processed_1,ov2v714nez771,3,,,,,,
ov2v714nez771_processed_2,ov2v714nez771,3,,,,,,
ov8squyf6x561_processed_0,ov8squyf6x561,3,,,,,,
ov8squyf6x561_processed_1,ov8squyf6x561,3,,,,,,
ov8squyf6x561_processed_2,ov8squyf6x561,3,,,,,,
ovs3ce1cx6a61_processed_0,ovs3ce1cx6a61,29,,,,,,
ovs3ce1cx6a61_processed_1,ovs3ce1cx6a61,29,,,,,,
ovs3ce1cx6a61_processed_10,ovs3ce1cx6a61,29,,,,,,
ovs3ce1cx6a61_processed_11,ovs3ce1cx6a61,29,,,,,,
ovs3ce1cx6a61_processed_12,ovs3ce1cx6a61,29,,,,,,
ovs3ce1cx6a61_processed_13,ovs3ce1cx6a61,29,,,,,,
ovs3ce1cx6a61_processed_14,ovs3ce1cx6a61,29,,,,,,
ovs3ce1cx6a61_processed_15,ovs3ce1cx6a61,29,,,,,,
ovs3ce1cx6a61_processed_16,ovs3ce1cx6a61,29,,,,,,
ovs3ce1cx6a61_processed_17,ovs3ce1cx6a61,29,,,,,,
ovs3ce1cx6a61_processed_18,ovs3ce1cx6a61,29,,,,,,
ovs3ce1cx6a61_processed_19,ovs3ce1cx6a61,29,,,,,,
ovs3ce1cx6a61_processed_2,ovs3ce1cx6a61,29,,,,,,
ovs3ce1cx6a61_processed_20,ovs3ce1cx6a61,29,,,,,,
ovs3ce1cx6a61_processed_21,ovs3ce1cx6a61,29,,,,,,
ovs3ce1cx6a61_processed_22,ovs3ce1cx6a61,29,,,,,,
ovs3ce1cx6a61_processed_23,ovs3ce1cx6a61,29,,,,,,
ovs3ce1cx6a61_processed_24,ovs3ce1cx6a61,29,,,,,,
ovs3ce1cx6a61_processed_25,ovs3ce1cx6a61,29,,,,,,
ovs3ce1cx6a61_processed_26,ovs3ce1cx6a61,29,,,,,,
ovs3ce1cx6a61_processed_27,ovs3ce1cx6a61,29,,,,,,
ovs3ce1cx6a61_processed_28,ovs3ce1cx6a61,29,,,,,,
ovs3ce1cx6a61_processed_3,ovs3ce1cx6a61,29,,,,,,
ovs3ce1cx6a61_processed_4,ovs3ce1cx6a61,29,,,,,,
ovs3ce1cx6a61_processed_5,ovs3ce1cx6a61,29,,,,,,
ovs3ce1cx6a61_processed_6,ovs3ce1cx6a61,29,,,,,,
ovs3ce1cx6a61_processed_7,ovs3ce1cx6a61,29,,,,,,
ovs3ce1cx6a61_processed_8,ovs3ce1cx6a61,29,,,,,,
ovs3ce1cx6a61_processed_9,ovs3ce1cx6a61,29,,,,,,
owvzxk5d5oh51_processed_0,owvzxk5d5oh51,32,,,,,,
owvzxk5d5oh51_processed_1,owvzxk5d5oh51,32,,,,,,
owvzxk5d5oh51_processed_10,owvzxk5d5oh51,32,,,,,,
owvzxk5d5oh51_processed_11,owvzxk5d5oh51,32,,,,,,
owvzxk5d5oh51_processed_12,owvzxk5d5oh51,32,,,,,,
owvzxk5d5oh51_processed_13,owvzxk5d5oh51,32,,,,,,
owvzxk5d5oh51_processed_14,owvzxk5d5oh51,32,,,,,,
owvzxk5d5oh51_processed_15,owvzxk5d5oh51,32,,,,,,
owvzxk5d5oh51_processed_16,owvzxk5d5oh51,32,,,,,,
owvzxk5d5oh51_processed_17,owvzxk5d5oh51,32,,,,,,
owvzxk5d5oh51_processed_18,owvzxk5d5oh51,32,,,,,,
owvzxk5d5oh51_processed_19,owvzxk5d5oh51,32,,,,,,
owvzxk5d5oh51_processed_2,owvzxk5d5oh51,32,,,,,,
owvzxk5d5oh51_processed_20,owvzxk5d5oh51,32,,,,,,
owvzxk5d5oh51_processed_21,owvzxk5d5oh51,32,,,,,,
owvzxk5d5oh51_processed_22,owvzxk5d5oh51,32,,,,,,
owvzxk5d5oh51_processed_23,owvzxk5d5oh51,32,,,,,,
owvzxk5d5oh51_processed_24,owvzxk5d5oh51,32,,,,,,
owvzxk5d5oh51_processed_25,owvzxk5d5oh51,32,,,,,,
owvzxk5d5oh51_processed_26,owvzxk5d5oh51,32,,,,,,
owvzxk5d5oh51_processed_27,owvzxk5d5oh51,32,,,,,,
owvzxk5d5oh51_processed_28,owvzxk5d5oh51,32,,,,,,
owvzxk5d5oh51_processed_29,owvzxk5d5oh51,32,,,,,,
owvzxk5d5oh51_processed_3,owvzxk5d5oh51,32,,,,,,
owvzxk5d5oh51_processed_30,owvzxk5d5oh51,32,,,,,,
owvzxk5d5oh51_processed_31,owvzxk5d5oh51,32,,,,,,
owvzxk5d5oh51_processed_4,owvzxk5d5oh51,32,,,,,,
owvzxk5d5oh51_processed_5,owvzxk5d5oh51,32,,,,,,
owvzxk5d5oh51_processed_6,owvzxk5d5oh51,32,,,,,,
owvzxk5d5oh51_processed_7,owvzxk5d5oh51,32,,,,,,
owvzxk5d5oh51_processed_8,owvzxk5d5oh51,32,,,,,,
owvzxk5d5oh51_processed_9,owvzxk5d5oh51,32,,,,,,
oxmc9xm1zja61_processed_0,oxmc9xm1zja61,2,,,,,,
oxmc9xm1zja61_processed_1,oxmc9xm1zja61,2,,,,,,
ozlxxfcij4j51_processed_0,ozlxxfcij4j51,2,,,,,,
ozlxxfcij4j51_processed_1,ozlxxfcij4j51,2,,,,,,
p07axg5i8wo51_processed_0,p07axg5i8wo51,12,,,,,,
p07axg5i8wo51_processed_1,p07axg5i8wo51,12,,,,,,
p07axg5i8wo51_processed_10,p07axg5i8wo51,12,,,,,,
p07axg5i8wo51_processed_11,p07axg5i8wo51,12,,,,,,
p07axg5i8wo51_processed_2,p07axg5i8wo51,12,,,,,,
p07axg5i8wo51_processed_3,p07axg5i8wo51,12,,,,,,
p07axg5i8wo51_processed_4,p07axg5i8wo51,12,,,,,,
p07axg5i8wo51_processed_5,p07axg5i8wo51,12,,,,,,
p07axg5i8wo51_processed_6,p07axg5i8wo51,12,,,,,,
p07axg5i8wo51_processed_7,p07axg5i8wo51,12,,,,,,
p07axg5i8wo51_processed_8,p07axg5i8wo51,12,,,,,,
p07axg5i8wo51_processed_9,p07axg5i8wo51,12,,,,,,
p4ttugsk8mi51_processed_0,p4ttugsk8mi51,3,,,,,,
p4ttugsk8mi51_processed_1,p4ttugsk8mi51,3,,,,,,
p4ttugsk8mi51_processed_2,p4ttugsk8mi51,3,,,,,,
p6b2gestv5t51_processed_0,p6b2gestv5t51,5,,,,,,
p6b2gestv5t51_processed_1,p6b2gestv5t51,5,,,,,,
p6b2gestv5t51_processed_2,p6b2gestv5t51,5,,,,,,
p6b2gestv5t51_processed_3,p6b2gestv5t51,5,,,,,,
p6b2gestv5t51_processed_4,p6b2gestv5t51,5,,,,,,
p7ht1ypzv3p51_processed_0,p7ht1ypzv3p51,7,,,,,,
p7ht1ypzv3p51_processed_1,p7ht1ypzv3p51,7,,,,,,
p7ht1ypzv3p51_processed_2,p7ht1ypzv3p51,7,,,,,,
p7ht1ypzv3p51_processed_3,p7ht1ypzv3p51,7,,,,,,
p7ht1ypzv3p51_processed_4,p7ht1ypzv3p51,7,,,,,,
p7ht1ypzv3p51_processed_5,p7ht1ypzv3p51,7,,,,,,
p7ht1ypzv3p51_processed_6,p7ht1ypzv3p51,7,,,,,,
pbf5fnl1ukp51_processed_0,pbf5fnl1ukp51,4,,,,,,
pbf5fnl1ukp51_processed_1,pbf5fnl1ukp51,4,,,,,,
pbf5fnl1ukp51_processed_2,pbf5fnl1ukp51,4,,,,,,
pbf5fnl1ukp51_processed_3,pbf5fnl1ukp51,4,,,,,,
pd007mvccfn61_processed_0,pd007mvccfn61,5,,,,,,
pd007mvccfn61_processed_1,pd007mvccfn61,5,,,,,,
pd007mvccfn61_processed_2,pd007mvccfn61,5,,,,,,
pd007mvccfn61_processed_3,pd007mvccfn61,5,,,,,,
pd007mvccfn61_processed_4,pd007mvccfn61,5,,,,,,
pe908ftkqn171_processed_0,pe908ftkqn171,2,,,,,,
pe908ftkqn171_processed_1,pe908ftkqn171,2,,,,,,
pf407jtrknb71_processed_0,pf407jtrknb71,2,,,,,,
pf407jtrknb71_processed_1,pf407jtrknb71,2,,,,,,
pgh6mkrs3mm61_processed_0,pgh6mkrs3mm61,20,,,,,,
pgh6mkrs3mm61_processed_1,pgh6mkrs3mm61,20,,,,,,
pgh6mkrs3mm61_processed_10,pgh6mkrs3mm61,20,,,,,,
pgh6mkrs3mm61_processed_11,pgh6mkrs3mm61,20,,,,,,
pgh6mkrs3mm61_processed_12,pgh6mkrs3mm61,20,,,,,,
pgh6mkrs3mm61_processed_13,pgh6mkrs3mm61,20,,,,,,
pgh6mkrs3mm61_processed_14,pgh6mkrs3mm61,20,,,,,,
pgh6mkrs3mm61_processed_15,pgh6mkrs3mm61,20,,,,,,
pgh6mkrs3mm61_processed_16,pgh6mkrs3mm61,20,,,,,,
pgh6mkrs3mm61_processed_17,pgh6mkrs3mm61,20,,,,,,
pgh6mkrs3mm61_processed_18,pgh6mkrs3mm61,20,,,,,,
pgh6mkrs3mm61_processed_19,pgh6mkrs3mm61,20,,,,,,
pgh6mkrs3mm61_processed_2,pgh6mkrs3mm61,20,,,,,,
pgh6mkrs3mm61_processed_3,pgh6mkrs3mm61,20,,,,,,
pgh6mkrs3mm61_processed_4,pgh6mkrs3mm61,20,,,,,,
pgh6mkrs3mm61_processed_5,pgh6mkrs3mm61,20,,,,,,
pgh6mkrs3mm61_processed_6,pgh6mkrs3mm61,20,,,,,,
pgh6mkrs3mm61_processed_7,pgh6mkrs3mm61,20,,,,,,
pgh6mkrs3mm61_processed_8,pgh6mkrs3mm61,20,,,,,,
pgh6mkrs3mm61_processed_9,pgh6mkrs3mm61,20,,,,,,
phb8ihil78c71_processed_0,phb8ihil78c71,11,,,,,,
phb8ihil78c71_processed_1,phb8ihil78c71,11,,,,,,
phb8ihil78c71_processed_10,phb8ihil78c71,11,,,,,,
phb8ihil78c71_processed_2,phb8ihil78c71,11,,,,,,
phb8ihil78c71_processed_3,phb8ihil78c71,11,,,,,,
phb8ihil78c71_processed_4,phb8ihil78c71,11,,,,,,
phb8ihil78c71_processed_5,phb8ihil78c71,11,,,,,,
phb8ihil78c71_processed_6,phb8ihil78c71,11,,,,,,
phb8ihil78c71_processed_7,phb8ihil78c71,11,,,,,,
phb8ihil78c71_processed_8,phb8ihil78c71,11,,,,,,
phb8ihil78c71_processed_9,phb8ihil78c71,11,,,,,,
pibtk8gbchk61_processed_0,pibtk8gbchk61,2,,,,,,
pibtk8gbchk61_processed_1,pibtk8gbchk61,2,,,,,,
pjvvmq78svh51_processed_0,pjvvmq78svh51,18,,,,,,
pjvvmq78svh51_processed_1,pjvvmq78svh51,18,,,,,,
pjvvmq78svh51_processed_10,pjvvmq78svh51,18,,,,,,
pjvvmq78svh51_processed_11,pjvvmq78svh51,18,,,,,,
pjvvmq78svh51_processed_12,pjvvmq78svh51,18,,,,,,
pjvvmq78svh51_processed_13,pjvvmq78svh51,18,,,,,,
pjvvmq78svh51_processed_14,pjvvmq78svh51,18,,,,,,
pjvvmq78svh51_processed_15,pjvvmq78svh51,18,,,,,,
pjvvmq78svh51_processed_16,pjvvmq78svh51,18,,,,,,
pjvvmq78svh51_processed_17,pjvvmq78svh51,18,,,,,,
pjvvmq78svh51_processed_2,pjvvmq78svh51,18,,,,,,
pjvvmq78svh51_processed_3,pjvvmq78svh51,18,,,,,,
pjvvmq78svh51_processed_4,pjvvmq78svh51,18,,,,,,
pjvvmq78svh51_processed_5,pjvvmq78svh51,18,,,,,,
pjvvmq78svh51_processed_6,pjvvmq78svh51,18,,,,,,
pjvvmq78svh51_processed_7,pjvvmq78svh51,18,,,,,,
pjvvmq78svh51_processed_8,pjvvmq78svh51,18,,,,,,
pjvvmq78svh51_processed_9,pjvvmq78svh51,18,,,,,,
pjyclrrtjzc61_processed_0,pjyclrrtjzc61,21,,,,,,
pjyclrrtjzc61_processed_1,pjyclrrtjzc61,21,,,,,,
pjyclrrtjzc61_processed_10,pjyclrrtjzc61,21,,,,,,
pjyclrrtjzc61_processed_11,pjyclrrtjzc61,21,,,,,,
pjyclrrtjzc61_processed_12,pjyclrrtjzc61,21,,,,,,
pjyclrrtjzc61_processed_13,pjyclrrtjzc61,21,,,,,,
pjyclrrtjzc61_processed_14,pjyclrrtjzc61,21,,,,,,
pjyclrrtjzc61_processed_15,pjyclrrtjzc61,21,,,,,,
pjyclrrtjzc61_processed_16,pjyclrrtjzc61,21,,,,,,
pjyclrrtjzc61_processed_17,pjyclrrtjzc61,21,,,,,,
pjyclrrtjzc61_processed_18,pjyclrrtjzc61,21,,,,,,
pjyclrrtjzc61_processed_19,pjyclrrtjzc61,21,,,,,,
pjyclrrtjzc61_processed_2,pjyclrrtjzc61,21,,,,,,
pjyclrrtjzc61_processed_20,pjyclrrtjzc61,21,,,,,,
pjyclrrtjzc61_processed_3,pjyclrrtjzc61,21,,,,,,
pjyclrrtjzc61_processed_4,pjyclrrtjzc61,21,,,,,,
pjyclrrtjzc61_processed_5,pjyclrrtjzc61,21,,,,,,
pjyclrrtjzc61_processed_6,pjyclrrtjzc61,21,,,,,,
pjyclrrtjzc61_processed_7,pjyclrrtjzc61,21,,,,,,
pjyclrrtjzc61_processed_8,pjyclrrtjzc61,21,,,,,,
pjyclrrtjzc61_processed_9,pjyclrrtjzc61,21,,,,,,
pjzfmkasuia61_processed_0,pjzfmkasuia61,5,,,,,,
pjzfmkasuia61_processed_1,pjzfmkasuia61,5,,,,,,
pjzfmkasuia61_processed_2,pjzfmkasuia61,5,,,,,,
pjzfmkasuia61_processed_3,pjzfmkasuia61,5,,,,,,
pjzfmkasuia61_processed_4,pjzfmkasuia61,5,,,,,,
pluczswd2bz61_processed_0,pluczswd2bz61,8,,,,,,
pluczswd2bz61_processed_1,pluczswd2bz61,8,,,,,,
pluczswd2bz61_processed_2,pluczswd2bz61,8,,,,,,
pluczswd2bz61_processed_3,pluczswd2bz61,8,,,,,,
pluczswd2bz61_processed_4,pluczswd2bz61,8,,,,,,
pluczswd2bz61_processed_5,pluczswd2bz61,8,,,,,,
pluczswd2bz61_processed_6,pluczswd2bz61,8,,,,,,
pluczswd2bz61_processed_7,pluczswd2bz61,8,,,,,,
pm992ctrg3p61_processed_0,pm992ctrg3p61,27,,,,,,
pm992ctrg3p61_processed_1,pm992ctrg3p61,27,,,,,,
pm992ctrg3p61_processed_10,pm992ctrg3p61,27,,,,,,
pm992ctrg3p61_processed_11,pm992ctrg3p61,27,,,,,,
pm992ctrg3p61_processed_12,pm992ctrg3p61,27,,,,,,
pm992ctrg3p61_processed_13,pm992ctrg3p61,27,,,,,,
pm992ctrg3p61_processed_14,pm992ctrg3p61,27,,,,,,
pm992ctrg3p61_processed_15,pm992ctrg3p61,27,,,,,,
pm992ctrg3p61_processed_16,pm992ctrg3p61,27,,,,,,
pm992ctrg3p61_processed_17,pm992ctrg3p61,27,,,,,,
pm992ctrg3p61_processed_18,pm992ctrg3p61,27,,,,,,
pm992ctrg3p61_processed_19,pm992ctrg3p61,27,,,,,,
pm992ctrg3p61_processed_2,pm992ctrg3p61,27,,,,,,
pm992ctrg3p61_processed_20,pm992ctrg3p61,27,,,,,,
pm992ctrg3p61_processed_21,pm992ctrg3p61,27,,,,,,
pm992ctrg3p61_processed_22,pm992ctrg3p61,27,,,,,,
pm992ctrg3p61_processed_23,pm992ctrg3p61,27,,,,,,
pm992ctrg3p61_processed_24,pm992ctrg3p61,27,,,,,,
pm992ctrg3p61_processed_25,pm992ctrg3p61,27,,,,,,
pm992ctrg3p61_processed_26,pm992ctrg3p61,27,,,,,,
pm992ctrg3p61_processed_3,pm992ctrg3p61,27,,,,,,
pm992ctrg3p61_processed_4,pm992ctrg3p61,27,,,,,,
pm992ctrg3p61_processed_5,pm992ctrg3p61,27,,,,,,
pm992ctrg3p61_processed_6,pm992ctrg3p61,27,,,,,,
pm992ctrg3p61_processed_7,pm992ctrg3p61,27,,,,,,
pm992ctrg3p61_processed_8,pm992ctrg3p61,27,,,,,,
pm992ctrg3p61_processed_9,pm992ctrg3p61,27,,,,,,
pmzfj99qk5661_processed_0,pmzfj99qk5661,2,,,,,,
pmzfj99qk5661_processed_1,pmzfj99qk5661,2,,,,,,
pnh4ahbm3b971_processed_0,pnh4ahbm3b971,3,,,,,,
pnh4ahbm3b971_processed_1,pnh4ahbm3b971,3,,,,,,
pnh4ahbm3b971_processed_2,pnh4ahbm3b971,3,,,,,,
pql0x75kfpe61_processed_0,pql0x75kfpe61,3,,,,,,
pql0x75kfpe61_processed_1,pql0x75kfpe61,3,,,,,,
pql0x75kfpe61_processed_2,pql0x75kfpe61,3,,,,,,
psrsp8xqy0m51_processed_0,psrsp8xqy0m51,11,,,,,,
psrsp8xqy0m51_processed_1,psrsp8xqy0m51,11,,,,,,
psrsp8xqy0m51_processed_10,psrsp8xqy0m51,11,,,,,,
psrsp8xqy0m51_processed_2,psrsp8xqy0m51,11,,,,,,
psrsp8xqy0m51_processed_3,psrsp8xqy0m51,11,,,,,,
psrsp8xqy0m51_processed_4,psrsp8xqy0m51,11,,,,,,
psrsp8xqy0m51_processed_5,psrsp8xqy0m51,11,,,,,,
psrsp8xqy0m51_processed_6,psrsp8xqy0m51,11,,,,,,
psrsp8xqy0m51_processed_7,psrsp8xqy0m51,11,,,,,,
psrsp8xqy0m51_processed_8,psrsp8xqy0m51,11,,,,,,
psrsp8xqy0m51_processed_9,psrsp8xqy0m51,11,,,,,,
puwl3gkp8ow61_processed_0,puwl3gkp8ow61,6,,,,,,
puwl3gkp8ow61_processed_1,puwl3gkp8ow61,6,,,,,,
puwl3gkp8ow61_processed_2,puwl3gkp8ow61,6,,,,,,
puwl3gkp8ow61_processed_3,puwl3gkp8ow61,6,,,,,,
puwl3gkp8ow61_processed_4,puwl3gkp8ow61,6,,,,,,
puwl3gkp8ow61_processed_5,puwl3gkp8ow61,6,,,,,,
puy69h673xf71_processed_0,puy69h673xf71,4,,,,,,
puy69h673xf71_processed_1,puy69h673xf71,4,,,,,,
puy69h673xf71_processed_2,puy69h673xf71,4,,,,,,
puy69h673xf71_processed_3,puy69h673xf71,4,,,,,,
pvk1b8lj65j51_processed_0,pvk1b8lj65j51,4,,,,,,
pvk1b8lj65j51_processed_1,pvk1b8lj65j51,4,,,,,,
pvk1b8lj65j51_processed_2,pvk1b8lj65j51,4,,,,,,
pvk1b8lj65j51_processed_3,pvk1b8lj65j51,4,,,,,,
pw8mlw3uoxd61_processed_0,pw8mlw3uoxd61,2,,,,,,
pw8mlw3uoxd61_processed_1,pw8mlw3uoxd61,2,,,,,,
pwlopssrj2x51_processed_0,pwlopssrj2x51,4,,,,,,
pwlopssrj2x51_processed_1,pwlopssrj2x51,4,,,,,,
pwlopssrj2x51_processed_2,pwlopssrj2x51,4,,,,,,
pwlopssrj2x51_processed_3,pwlopssrj2x51,4,,,,,,
pwr5von6mr371_processed_0,pwr5von6mr371,6,,,,,,
pwr5von6mr371_processed_1,pwr5von6mr371,6,,,,,,
pwr5von6mr371_processed_2,pwr5von6mr371,6,,,,,,
pwr5von6mr371_processed_3,pwr5von6mr371,6,,,,,,
pwr5von6mr371_processed_4,pwr5von6mr371,6,,,,,,
pwr5von6mr371_processed_5,pwr5von6mr371,6,,,,,,
pzimaanwzha61_processed_0,pzimaanwzha61,2,,,,,,
pzimaanwzha61_processed_1,pzimaanwzha61,2,,,,,,
q01xpkp049871_processed_0,q01xpkp049871,2,,,,,,
q01xpkp049871_processed_1,q01xpkp049871,2,,,,,,
q0v7fxqracw61_processed_0,q0v7fxqracw61,6,,,,,,
q0v7fxqracw61_processed_1,q0v7fxqracw61,6,,,,,,
q0v7fxqracw61_processed_2,q0v7fxqracw61,6,,,,,,
q0v7fxqracw61_processed_3,q0v7fxqracw61,6,,,,,,
q0v7fxqracw61_processed_4,q0v7fxqracw61,6,,,,,,
q0v7fxqracw61_processed_5,q0v7fxqracw61,6,,,,,,
q7hrdk59eox61_processed_0,q7hrdk59eox61,3,,,,,,
q7hrdk59eox61_processed_1,q7hrdk59eox61,3,,,,,,
q7hrdk59eox61_processed_2,q7hrdk59eox61,3,,,,,,
q89wu28n05271_processed_0,q89wu28n05271,9,,,,,,
q89wu28n05271_processed_1,q89wu28n05271,9,,,,,,
q89wu28n05271_processed_2,q89wu28n05271,9,,,,,,
q89wu28n05271_processed_3,q89wu28n05271,9,,,,,,
q89wu28n05271_processed_4,q89wu28n05271,9,,,,,,
q89wu28n05271_processed_5,q89wu28n05271,9,,,,,,
q89wu28n05271_processed_6,q89wu28n05271,9,,,,,,
q89wu28n05271_processed_7,q89wu28n05271,9,,,,,,
q89wu28n05271_processed_8,q89wu28n05271,9,,,,,,
q9n8y6cm6ss51_processed_0,q9n8y6cm6ss51,20,,,,,,
q9n8y6cm6ss51_processed_1,q9n8y6cm6ss51,20,,,,,,
q9n8y6cm6ss51_processed_10,q9n8y6cm6ss51,20,,,,,,
q9n8y6cm6ss51_processed_11,q9n8y6cm6ss51,20,,,,,,
q9n8y6cm6ss51_processed_12,q9n8y6cm6ss51,20,,,,,,
q9n8y6cm6ss51_processed_13,q9n8y6cm6ss51,20,,,,,,
q9n8y6cm6ss51_processed_14,q9n8y6cm6ss51,20,,,,,,
q9n8y6cm6ss51_processed_15,q9n8y6cm6ss51,20,,,,,,
q9n8y6cm6ss51_processed_16,q9n8y6cm6ss51,20,,,,,,
q9n8y6cm6ss51_processed_17,q9n8y6cm6ss51,20,,,,,,
q9n8y6cm6ss51_processed_18,q9n8y6cm6ss51,20,,,,,,
q9n8y6cm6ss51_processed_19,q9n8y6cm6ss51,20,,,,,,
q9n8y6cm6ss51_processed_2,q9n8y6cm6ss51,20,,,,,,
q9n8y6cm6ss51_processed_3,q9n8y6cm6ss51,20,,,,,,
q9n8y6cm6ss51_processed_4,q9n8y6cm6ss51,20,,,,,,
q9n8y6cm6ss51_processed_5,q9n8y6cm6ss51,20,,,,,,
q9n8y6cm6ss51_processed_6,q9n8y6cm6ss51,20,,,,,,
q9n8y6cm6ss51_processed_7,q9n8y6cm6ss51,20,,,,,,
q9n8y6cm6ss51_processed_8,q9n8y6cm6ss51,20,,,,,,
q9n8y6cm6ss51_processed_9,q9n8y6cm6ss51,20,,,,,,
q9qbv8nhwbi51_processed_0,q9qbv8nhwbi51,4,,,,,,
q9qbv8nhwbi51_processed_1,q9qbv8nhwbi51,4,,,,,,
q9qbv8nhwbi51_processed_2,q9qbv8nhwbi51,4,,,,,,
q9qbv8nhwbi51_processed_3,q9qbv8nhwbi51,4,,,,,,
q9yl5b4qli971_processed_0,q9yl5b4qli971,5,,,,,,
q9yl5b4qli971_processed_1,q9yl5b4qli971,5,,,,,,
q9yl5b4qli971_processed_2,q9yl5b4qli971,5,,,,,,
q9yl5b4qli971_processed_3,q9yl5b4qli971,5,,,,,,
q9yl5b4qli971_processed_4,q9yl5b4qli971,5,,,,,,
qccljrz9ubx61_processed_0,qccljrz9ubx61,4,,,,,,
qccljrz9ubx61_processed_1,qccljrz9ubx61,4,,,,,,
qccljrz9ubx61_processed_2,qccljrz9ubx61,4,,,,,,
qccljrz9ubx61_processed_3,qccljrz9ubx61,4,,,,,,
qerwydudwbc61_processed_0,qerwydudwbc61,7,,,,,,
qerwydudwbc61_processed_1,qerwydudwbc61,7,,,,,,
qerwydudwbc61_processed_2,qerwydudwbc61,7,,,,,,
qerwydudwbc61_processed_3,qerwydudwbc61,7,,,,,,
qerwydudwbc61_processed_4,qerwydudwbc61,7,,,,,,
qerwydudwbc61_processed_5,qerwydudwbc61,7,,,,,,
qerwydudwbc61_processed_6,qerwydudwbc61,7,,,,,,
